species,n_total,percentile,GMM_n_ood,GMM_n_indist,GMM_pct_ood,Decoder A_n_ood,Decoder A_n_indist,Decoder A_pct_ood,MARISMA_n_ood,MARISMA_n_indist,MARISMA_pct_ood,Intersection (3 agree)_n_ood,Intersection (3 agree)_n_indist,Intersection (3 agree)_pct_ood,Union (at least 1 agrees)_n_ood,Union (at least 1 agrees)_n_indist,Union (at least 1 agrees)_pct_ood
Achromobacter_Insolitus,24,0.01,0,24,0.0,0,24,0.0,21,3,87.5,0,24,0.0,21,3,87.5
Achromobacter_Insolitus,24,0.05,1,23,4.2,24,0,100.0,21,3,87.5,0,24,0.0,24,0,100.0
Achromobacter_Insolitus,24,0.1,19,5,79.2,24,0,100.0,23,1,95.8,18,6,75.0,24,0,100.0
Achromobacter_Insolitus,24,0.5,22,2,91.7,24,0,100.0,23,1,95.8,21,3,87.5,24,0,100.0
Achromobacter_Insolitus,24,1.0,23,1,95.8,24,0,100.0,23,1,95.8,22,2,91.7,24,0,100.0
Achromobacter_Xylosoxidans,205,0.01,0,205,0.0,0,205,0.0,179,26,87.3,0,205,0.0,179,26,87.3
Achromobacter_Xylosoxidans,205,0.05,14,191,6.8,203,2,99.0,185,20,90.2,11,194,5.4,204,1,99.5
Achromobacter_Xylosoxidans,205,0.1,97,108,47.3,205,0,100.0,195,10,95.1,87,118,42.4,205,0,100.0
Achromobacter_Xylosoxidans,205,0.5,182,23,88.8,205,0,100.0,203,2,99.0,180,25,87.8,205,0,100.0
Achromobacter_Xylosoxidans,205,1.0,202,3,98.5,205,0,100.0,203,2,99.0,200,5,97.6,205,0,100.0
Acinetobacter_Baumannii,435,0.01,37,398,8.5,0,435,0.0,70,365,16.1,0,435,0.0,104,331,23.9
Acinetobacter_Baumannii,435,0.05,83,352,19.1,179,256,41.1,92,343,21.1,11,424,2.5,206,229,47.4
Acinetobacter_Baumannii,435,0.1,421,14,96.8,223,212,51.3,141,294,32.4,132,303,30.3,432,3,99.3
Acinetobacter_Baumannii,435,0.5,434,1,99.8,296,139,68.0,297,138,68.3,260,175,59.8,435,0,100.0
Acinetobacter_Baumannii,435,1.0,434,1,99.8,314,121,72.2,363,72,83.4,295,140,67.8,435,0,100.0
Acinetobacter_Bereziniae,30,0.01,0,30,0.0,0,30,0.0,17,13,56.7,0,30,0.0,17,13,56.7
Acinetobacter_Bereziniae,30,0.05,3,27,10.0,27,3,90.0,20,10,66.7,0,30,0.0,27,3,90.0
Acinetobacter_Bereziniae,30,0.1,28,2,93.3,28,2,93.3,24,6,80.0,22,8,73.3,30,0,100.0
Acinetobacter_Bereziniae,30,0.5,30,0,100.0,30,0,100.0,27,3,90.0,27,3,90.0,30,0,100.0
Acinetobacter_Bereziniae,30,1.0,30,0,100.0,30,0,100.0,27,3,90.0,27,3,90.0,30,0,100.0
Acinetobacter_Johnsonii,40,0.01,0,40,0.0,0,40,0.0,26,14,65.0,0,40,0.0,26,14,65.0
Acinetobacter_Johnsonii,40,0.05,0,40,0.0,36,4,90.0,30,10,75.0,0,40,0.0,36,4,90.0
Acinetobacter_Johnsonii,40,0.1,29,11,72.5,36,4,90.0,34,6,85.0,24,16,60.0,39,1,97.5
Acinetobacter_Johnsonii,40,0.5,40,0,100.0,38,2,95.0,38,2,95.0,37,3,92.5,40,0,100.0
Acinetobacter_Johnsonii,40,1.0,40,0,100.0,39,1,97.5,40,0,100.0,39,1,97.5,40,0,100.0
Acinetobacter_Junii,38,0.01,0,38,0.0,0,38,0.0,32,6,84.2,0,38,0.0,32,6,84.2
Acinetobacter_Junii,38,0.05,2,36,5.3,36,2,94.7,32,6,84.2,1,37,2.6,36,2,94.7
Acinetobacter_Junii,38,0.1,34,4,89.5,36,2,94.7,34,4,89.5,31,7,81.6,38,0,100.0
Acinetobacter_Junii,38,0.5,38,0,100.0,37,1,97.4,37,1,97.4,36,2,94.7,38,0,100.0
Acinetobacter_Junii,38,1.0,38,0,100.0,37,1,97.4,37,1,97.4,36,2,94.7,38,0,100.0
Acinetobacter_Lwoffii,26,0.01,0,26,0.0,0,26,0.0,18,8,69.2,0,26,0.0,18,8,69.2
Acinetobacter_Lwoffii,26,0.05,0,26,0.0,23,3,88.5,21,5,80.8,0,26,0.0,23,3,88.5
Acinetobacter_Lwoffii,26,0.1,23,3,88.5,24,2,92.3,23,3,88.5,21,5,80.8,26,0,100.0
Acinetobacter_Lwoffii,26,0.5,26,0,100.0,25,1,96.2,26,0,100.0,25,1,96.2,26,0,100.0
Acinetobacter_Lwoffii,26,1.0,26,0,100.0,26,0,100.0,26,0,100.0,26,0,100.0,26,0,100.0
Acinetobacter_Pittii,85,0.01,0,85,0.0,0,85,0.0,57,28,67.1,0,85,0.0,57,28,67.1
Acinetobacter_Pittii,85,0.05,1,84,1.2,70,15,82.4,62,23,72.9,1,84,1.2,71,14,83.5
Acinetobacter_Pittii,85,0.1,49,36,57.6,77,8,90.6,74,11,87.1,41,44,48.2,83,2,97.6
Acinetobacter_Pittii,85,0.5,85,0,100.0,84,1,98.8,84,1,98.8,84,1,98.8,85,0,100.0
Acinetobacter_Pittii,85,1.0,85,0,100.0,85,0,100.0,85,0,100.0,85,0,100.0,85,0,100.0
Acinetobacter_Proteolyticus,10,0.01,0,10,0.0,0,10,0.0,2,8,20.0,0,10,0.0,2,8,20.0
Acinetobacter_Proteolyticus,10,0.05,1,9,10.0,10,0,100.0,3,7,30.0,0,10,0.0,10,0,100.0
Acinetobacter_Proteolyticus,10,0.1,7,3,70.0,10,0,100.0,9,1,90.0,6,4,60.0,10,0,100.0
Acinetobacter_Proteolyticus,10,0.5,10,0,100.0,10,0,100.0,9,1,90.0,9,1,90.0,10,0,100.0
Acinetobacter_Proteolyticus,10,1.0,10,0,100.0,10,0,100.0,9,1,90.0,9,1,90.0,10,0,100.0
Acinetobacter_Radioresistens,15,0.01,0,15,0.0,0,15,0.0,5,10,33.3,0,15,0.0,5,10,33.3
Acinetobacter_Radioresistens,15,0.05,3,12,20.0,11,4,73.3,6,9,40.0,0,15,0.0,11,4,73.3
Acinetobacter_Radioresistens,15,0.1,15,0,100.0,13,2,86.7,7,8,46.7,7,8,46.7,15,0,100.0
Acinetobacter_Radioresistens,15,0.5,15,0,100.0,15,0,100.0,12,3,80.0,12,3,80.0,15,0,100.0
Acinetobacter_Radioresistens,15,1.0,15,0,100.0,15,0,100.0,12,3,80.0,12,3,80.0,15,0,100.0
Acinetobacter_Sp,50,0.01,0,50,0.0,0,50,0.0,17,33,34.0,0,50,0.0,17,33,34.0
Acinetobacter_Sp,50,0.05,4,46,8.0,34,16,68.0,20,30,40.0,2,48,4.0,36,14,72.0
Acinetobacter_Sp,50,0.1,41,9,82.0,43,7,86.0,30,20,60.0,23,27,46.0,49,1,98.0
Acinetobacter_Sp,50,0.5,50,0,100.0,47,3,94.0,50,0,100.0,47,3,94.0,50,0,100.0
Acinetobacter_Sp,50,1.0,50,0,100.0,48,2,96.0,50,0,100.0,48,2,96.0,50,0,100.0
Acinetobacter_Ursingii,65,0.01,0,65,0.0,0,65,0.0,30,35,46.2,0,65,0.0,30,35,46.2
Acinetobacter_Ursingii,65,0.05,3,62,4.6,35,30,53.8,34,31,52.3,2,63,3.1,37,28,56.9
Acinetobacter_Ursingii,65,0.1,62,3,95.4,40,25,61.5,38,27,58.5,35,30,53.8,65,0,100.0
Acinetobacter_Ursingii,65,0.5,65,0,100.0,43,22,66.2,49,16,75.4,43,22,66.2,65,0,100.0
Acinetobacter_Ursingii,65,1.0,65,0,100.0,45,20,69.2,59,6,90.8,45,20,69.2,65,0,100.0
Actinomyces_Neuii,37,0.01,0,37,0.0,0,37,0.0,16,21,43.2,0,37,0.0,16,21,43.2
Actinomyces_Neuii,37,0.05,1,36,2.7,23,14,62.2,18,19,48.6,0,37,0.0,25,12,67.6
Actinomyces_Neuii,37,0.1,27,10,73.0,25,12,67.6,26,11,70.3,18,19,48.6,34,3,91.9
Actinomyces_Neuii,37,0.5,36,1,97.3,32,5,86.5,36,1,97.3,31,6,83.8,37,0,100.0
Actinomyces_Neuii,37,1.0,37,0,100.0,32,5,86.5,36,1,97.3,32,5,86.5,37,0,100.0
Actinomyces_Odontolyticus,48,0.01,4,44,8.3,0,48,0.0,31,17,64.6,0,48,0.0,31,17,64.6
Actinomyces_Odontolyticus,48,0.05,21,27,43.8,43,5,89.6,37,11,77.1,18,30,37.5,45,3,93.8
Actinomyces_Odontolyticus,48,0.1,40,8,83.3,44,4,91.7,44,4,91.7,36,12,75.0,48,0,100.0
Actinomyces_Odontolyticus,48,0.5,47,1,97.9,47,1,97.9,48,0,100.0,46,2,95.8,48,0,100.0
Actinomyces_Odontolyticus,48,1.0,47,1,97.9,48,0,100.0,48,0,100.0,47,1,97.9,48,0,100.0
Actinomyces_Oris,23,0.01,6,17,26.1,0,23,0.0,17,6,73.9,0,23,0.0,19,4,82.6
Actinomyces_Oris,23,0.05,12,11,52.2,20,3,87.0,19,4,82.6,10,13,43.5,21,2,91.3
Actinomyces_Oris,23,0.1,22,1,95.7,23,0,100.0,21,2,91.3,20,3,87.0,23,0,100.0
Actinomyces_Oris,23,0.5,23,0,100.0,23,0,100.0,23,0,100.0,23,0,100.0,23,0,100.0
Actinomyces_Oris,23,1.0,23,0,100.0,23,0,100.0,23,0,100.0,23,0,100.0,23,0,100.0
Actinomyces_Turicensis,17,0.01,1,16,5.9,0,17,0.0,10,7,58.8,0,17,0.0,10,7,58.8
Actinomyces_Turicensis,17,0.05,3,14,17.6,14,3,82.4,10,7,58.8,3,14,17.6,14,3,82.4
Actinomyces_Turicensis,17,0.1,17,0,100.0,16,1,94.1,14,3,82.4,13,4,76.5,17,0,100.0
Actinomyces_Turicensis,17,0.5,17,0,100.0,17,0,100.0,17,0,100.0,17,0,100.0,17,0,100.0
Actinomyces_Turicensis,17,1.0,17,0,100.0,17,0,100.0,17,0,100.0,17,0,100.0,17,0,100.0
Actinotignum_Sanguinis,23,0.01,0,23,0.0,0,23,0.0,13,10,56.5,0,23,0.0,13,10,56.5
Actinotignum_Sanguinis,23,0.05,4,19,17.4,15,8,65.2,16,7,69.6,2,21,8.7,18,5,78.3
Actinotignum_Sanguinis,23,0.1,19,4,82.6,18,5,78.3,20,3,87.0,16,7,69.6,22,1,95.7
Actinotignum_Sanguinis,23,0.5,21,2,91.3,23,0,100.0,23,0,100.0,21,2,91.3,23,0,100.0
Actinotignum_Sanguinis,23,1.0,21,2,91.3,23,0,100.0,23,0,100.0,21,2,91.3,23,0,100.0
Actinotignum_Schaalii,45,0.01,0,45,0.0,0,45,0.0,31,14,68.9,0,45,0.0,31,14,68.9
Actinotignum_Schaalii,45,0.05,6,39,13.3,35,10,77.8,35,10,77.8,4,41,8.9,38,7,84.4
Actinotignum_Schaalii,45,0.1,40,5,88.9,38,7,84.4,40,5,88.9,34,11,75.6,44,1,97.8
Actinotignum_Schaalii,45,0.5,45,0,100.0,40,5,88.9,42,3,93.3,40,5,88.9,45,0,100.0
Actinotignum_Schaalii,45,1.0,45,0,100.0,42,3,93.3,42,3,93.3,42,3,93.3,45,0,100.0
Aerococcus_Sanguinicola,107,0.01,0,107,0.0,0,107,0.0,60,47,56.1,0,107,0.0,60,47,56.1
Aerococcus_Sanguinicola,107,0.05,8,99,7.5,91,16,85.0,65,42,60.7,2,105,1.9,92,15,86.0
Aerococcus_Sanguinicola,107,0.1,78,29,72.9,93,14,86.9,80,27,74.8,55,52,51.4,105,2,98.1
Aerococcus_Sanguinicola,107,0.5,106,1,99.1,98,9,91.6,95,12,88.8,91,16,85.0,107,0,100.0
Aerococcus_Sanguinicola,107,1.0,107,0,100.0,100,7,93.5,99,8,92.5,95,12,88.8,107,0,100.0
Aerococcus_Urinae,649,0.01,0,649,0.0,0,649,0.0,180,469,27.7,0,649,0.0,180,469,27.7
Aerococcus_Urinae,649,0.05,157,492,24.2,420,229,64.7,199,450,30.7,15,634,2.3,423,226,65.2
Aerococcus_Urinae,649,0.1,605,44,93.2,470,179,72.4,240,409,37.0,207,442,31.9,638,11,98.3
Aerococcus_Urinae,649,0.5,646,3,99.5,542,107,83.5,392,257,60.4,385,264,59.3,648,1,99.8
Aerococcus_Urinae,649,1.0,648,1,99.8,568,81,87.5,447,202,68.9,424,225,65.3,648,1,99.8
Aerococcus_Viridans,25,0.01,0,25,0.0,0,25,0.0,8,17,32.0,0,25,0.0,8,17,32.0
Aerococcus_Viridans,25,0.05,4,21,16.0,19,6,76.0,9,16,36.0,0,25,0.0,19,6,76.0
Aerococcus_Viridans,25,0.1,14,11,56.0,20,5,80.0,14,11,56.0,4,21,16.0,24,1,96.0
Aerococcus_Viridans,25,0.5,25,0,100.0,25,0,100.0,19,6,76.0,19,6,76.0,25,0,100.0
Aerococcus_Viridans,25,1.0,25,0,100.0,25,0,100.0,21,4,84.0,21,4,84.0,25,0,100.0
Aeromonas_Caviae,11,0.01,0,11,0.0,0,11,0.0,7,4,63.6,0,11,0.0,7,4,63.6
Aeromonas_Caviae,11,0.05,0,11,0.0,10,1,90.9,7,4,63.6,0,11,0.0,10,1,90.9
Aeromonas_Caviae,11,0.1,7,4,63.6,10,1,90.9,7,4,63.6,4,7,36.4,10,1,90.9
Aeromonas_Caviae,11,0.5,11,0,100.0,11,0,100.0,11,0,100.0,11,0,100.0,11,0,100.0
Aeromonas_Caviae,11,1.0,11,0,100.0,11,0,100.0,11,0,100.0,11,0,100.0,11,0,100.0
Aeromonas_Hydrophila,73,0.01,0,73,0.0,0,73,0.0,56,17,76.7,0,73,0.0,56,17,76.7
Aeromonas_Hydrophila,73,0.05,5,68,6.8,72,1,98.6,61,12,83.6,5,68,6.8,72,1,98.6
Aeromonas_Hydrophila,73,0.1,38,35,52.1,73,0,100.0,69,4,94.5,38,35,52.1,73,0,100.0
Aeromonas_Hydrophila,73,0.5,71,2,97.3,73,0,100.0,73,0,100.0,71,2,97.3,73,0,100.0
Aeromonas_Hydrophila,73,1.0,73,0,100.0,73,0,100.0,73,0,100.0,73,0,100.0,73,0,100.0
Aeromonas_Veronii,23,0.01,0,23,0.0,0,23,0.0,20,3,87.0,0,23,0.0,20,3,87.0
Aeromonas_Veronii,23,0.05,0,23,0.0,23,0,100.0,21,2,91.3,0,23,0.0,23,0,100.0
Aeromonas_Veronii,23,0.1,4,19,17.4,23,0,100.0,23,0,100.0,4,19,17.4,23,0,100.0
Aeromonas_Veronii,23,0.5,18,5,78.3,23,0,100.0,23,0,100.0,18,5,78.3,23,0,100.0
Aeromonas_Veronii,23,1.0,23,0,100.0,23,0,100.0,23,0,100.0,23,0,100.0,23,0,100.0
Aggregatibacter_Aphrophilus,42,0.01,0,42,0.0,0,42,0.0,35,7,83.3,0,42,0.0,35,7,83.3
Aggregatibacter_Aphrophilus,42,0.05,0,42,0.0,41,1,97.6,36,6,85.7,0,42,0.0,41,1,97.6
Aggregatibacter_Aphrophilus,42,0.1,20,22,47.6,42,0,100.0,41,1,97.6,19,23,45.2,42,0,100.0
Aggregatibacter_Aphrophilus,42,0.5,37,5,88.1,42,0,100.0,42,0,100.0,37,5,88.1,42,0,100.0
Aggregatibacter_Aphrophilus,42,1.0,41,1,97.6,42,0,100.0,42,0,100.0,41,1,97.6,42,0,100.0
Aggregatibacter_Segnis,10,0.01,0,10,0.0,0,10,0.0,7,3,70.0,0,10,0.0,7,3,70.0
Aggregatibacter_Segnis,10,0.05,0,10,0.0,9,1,90.0,8,2,80.0,0,10,0.0,9,1,90.0
Aggregatibacter_Segnis,10,0.1,3,7,30.0,9,1,90.0,8,2,80.0,1,9,10.0,10,0,100.0
Aggregatibacter_Segnis,10,0.5,10,0,100.0,10,0,100.0,10,0,100.0,10,0,100.0,10,0,100.0
Aggregatibacter_Segnis,10,1.0,10,0,100.0,10,0,100.0,10,0,100.0,10,0,100.0,10,0,100.0
Alcaligenes_Faecalis,131,0.01,0,131,0.0,0,131,0.0,50,81,38.2,0,131,0.0,50,81,38.2
Alcaligenes_Faecalis,131,0.05,8,123,6.1,118,13,90.1,58,73,44.3,2,129,1.5,118,13,90.1
Alcaligenes_Faecalis,131,0.1,118,13,90.1,123,8,93.9,79,52,60.3,70,61,53.4,130,1,99.2
Alcaligenes_Faecalis,131,0.5,129,2,98.5,127,4,96.9,122,9,93.1,119,12,90.8,131,0,100.0
Alcaligenes_Faecalis,131,1.0,131,0,100.0,129,2,98.5,125,6,95.4,124,7,94.7,131,0,100.0
Alkalihalobacillus_Clausii,22,0.01,2,20,9.1,0,22,0.0,20,2,90.9,0,22,0.0,20,2,90.9
Alkalihalobacillus_Clausii,22,0.05,19,3,86.4,21,1,95.5,21,1,95.5,18,4,81.8,22,0,100.0
Alkalihalobacillus_Clausii,22,0.1,22,0,100.0,22,0,100.0,22,0,100.0,22,0,100.0,22,0,100.0
Alkalihalobacillus_Clausii,22,0.5,22,0,100.0,22,0,100.0,22,0,100.0,22,0,100.0,22,0,100.0
Alkalihalobacillus_Clausii,22,1.0,22,0,100.0,22,0,100.0,22,0,100.0,22,0,100.0,22,0,100.0
Alkalihalobacillus_Halodurans,36,0.01,0,36,0.0,0,36,0.0,36,0,100.0,0,36,0.0,36,0,100.0
Alkalihalobacillus_Halodurans,36,0.05,1,35,2.8,36,0,100.0,36,0,100.0,1,35,2.8,36,0,100.0
Alkalihalobacillus_Halodurans,36,0.1,33,3,91.7,36,0,100.0,36,0,100.0,33,3,91.7,36,0,100.0
Alkalihalobacillus_Halodurans,36,0.5,36,0,100.0,36,0,100.0,36,0,100.0,36,0,100.0,36,0,100.0
Alkalihalobacillus_Halodurans,36,1.0,36,0,100.0,36,0,100.0,36,0,100.0,36,0,100.0,36,0,100.0
Alkalihalobacillus_Okuhidensis,12,0.01,0,12,0.0,0,12,0.0,12,0,100.0,0,12,0.0,12,0,100.0
Alkalihalobacillus_Okuhidensis,12,0.05,0,12,0.0,12,0,100.0,12,0,100.0,0,12,0.0,12,0,100.0
Alkalihalobacillus_Okuhidensis,12,0.1,11,1,91.7,12,0,100.0,12,0,100.0,11,1,91.7,12,0,100.0
Alkalihalobacillus_Okuhidensis,12,0.5,12,0,100.0,12,0,100.0,12,0,100.0,12,0,100.0,12,0,100.0
Alkalihalobacillus_Okuhidensis,12,1.0,12,0,100.0,12,0,100.0,12,0,100.0,12,0,100.0,12,0,100.0
Allofrancisella_Guangzhouensis,12,0.01,0,12,0.0,0,12,0.0,12,0,100.0,0,12,0.0,12,0,100.0
Allofrancisella_Guangzhouensis,12,0.05,3,9,25.0,12,0,100.0,12,0,100.0,3,9,25.0,12,0,100.0
Allofrancisella_Guangzhouensis,12,0.1,12,0,100.0,12,0,100.0,12,0,100.0,12,0,100.0,12,0,100.0
Allofrancisella_Guangzhouensis,12,0.5,12,0,100.0,12,0,100.0,12,0,100.0,12,0,100.0,12,0,100.0
Allofrancisella_Guangzhouensis,12,1.0,12,0,100.0,12,0,100.0,12,0,100.0,12,0,100.0,12,0,100.0
Anaerococcus_Vaginalis,20,0.01,0,20,0.0,0,20,0.0,15,5,75.0,0,20,0.0,15,5,75.0
Anaerococcus_Vaginalis,20,0.05,1,19,5.0,17,3,85.0,17,3,85.0,1,19,5.0,18,2,90.0
Anaerococcus_Vaginalis,20,0.1,15,5,75.0,18,2,90.0,18,2,90.0,13,7,65.0,20,0,100.0
Anaerococcus_Vaginalis,20,0.5,20,0,100.0,19,1,95.0,20,0,100.0,19,1,95.0,20,0,100.0
Anaerococcus_Vaginalis,20,1.0,20,0,100.0,20,0,100.0,20,0,100.0,20,0,100.0,20,0,100.0
Arcobacter_Butzleri,16,0.01,1,15,6.2,0,16,0.0,16,0,100.0,0,16,0.0,16,0,100.0
Arcobacter_Butzleri,16,0.05,8,8,50.0,16,0,100.0,16,0,100.0,8,8,50.0,16,0,100.0
Arcobacter_Butzleri,16,0.1,16,0,100.0,16,0,100.0,16,0,100.0,16,0,100.0,16,0,100.0
Arcobacter_Butzleri,16,0.5,16,0,100.0,16,0,100.0,16,0,100.0,16,0,100.0,16,0,100.0
Arcobacter_Butzleri,16,1.0,16,0,100.0,16,0,100.0,16,0,100.0,16,0,100.0,16,0,100.0
Bacillus_Alveayuensis,12,0.01,1,11,8.3,0,12,0.0,12,0,100.0,0,12,0.0,12,0,100.0
Bacillus_Alveayuensis,12,0.05,8,4,66.7,12,0,100.0,12,0,100.0,8,4,66.7,12,0,100.0
Bacillus_Alveayuensis,12,0.1,12,0,100.0,12,0,100.0,12,0,100.0,12,0,100.0,12,0,100.0
Bacillus_Alveayuensis,12,0.5,12,0,100.0,12,0,100.0,12,0,100.0,12,0,100.0,12,0,100.0
Bacillus_Alveayuensis,12,1.0,12,0,100.0,12,0,100.0,12,0,100.0,12,0,100.0,12,0,100.0
Bacillus_Aminovorans,24,0.01,0,24,0.0,0,24,0.0,23,1,95.8,0,24,0.0,23,1,95.8
Bacillus_Aminovorans,24,0.05,0,24,0.0,24,0,100.0,23,1,95.8,0,24,0.0,24,0,100.0
Bacillus_Aminovorans,24,0.1,24,0,100.0,24,0,100.0,24,0,100.0,24,0,100.0,24,0,100.0
Bacillus_Aminovorans,24,0.5,24,0,100.0,24,0,100.0,24,0,100.0,24,0,100.0,24,0,100.0
Bacillus_Aminovorans,24,1.0,24,0,100.0,24,0,100.0,24,0,100.0,24,0,100.0,24,0,100.0
Bacillus_Badius,21,0.01,0,21,0.0,0,21,0.0,21,0,100.0,0,21,0.0,21,0,100.0
Bacillus_Badius,21,0.05,4,17,19.0,21,0,100.0,21,0,100.0,4,17,19.0,21,0,100.0
Bacillus_Badius,21,0.1,19,2,90.5,21,0,100.0,21,0,100.0,19,2,90.5,21,0,100.0
Bacillus_Badius,21,0.5,21,0,100.0,21,0,100.0,21,0,100.0,21,0,100.0,21,0,100.0
Bacillus_Badius,21,1.0,21,0,100.0,21,0,100.0,21,0,100.0,21,0,100.0,21,0,100.0
Bacillus_Cereus,100,0.01,0,100,0.0,0,100,0.0,61,39,61.0,0,100,0.0,61,39,61.0
Bacillus_Cereus,100,0.05,10,90,10.0,88,12,88.0,65,35,65.0,7,93,7.0,88,12,88.0
Bacillus_Cereus,100,0.1,90,10,90.0,92,8,92.0,75,25,75.0,65,35,65.0,100,0,100.0
Bacillus_Cereus,100,0.5,99,1,99.0,99,1,99.0,96,4,96.0,95,5,95.0,100,0,100.0
Bacillus_Cereus,100,1.0,99,1,99.0,99,1,99.0,97,3,97.0,95,5,95.0,100,0,100.0
Bacillus_Ectoiniformans,20,0.01,0,20,0.0,0,20,0.0,20,0,100.0,0,20,0.0,20,0,100.0
Bacillus_Ectoiniformans,20,0.05,2,18,10.0,20,0,100.0,20,0,100.0,2,18,10.0,20,0,100.0
Bacillus_Ectoiniformans,20,0.1,20,0,100.0,20,0,100.0,20,0,100.0,20,0,100.0,20,0,100.0
Bacillus_Ectoiniformans,20,0.5,20,0,100.0,20,0,100.0,20,0,100.0,20,0,100.0,20,0,100.0
Bacillus_Ectoiniformans,20,1.0,20,0,100.0,20,0,100.0,20,0,100.0,20,0,100.0,20,0,100.0
Bacillus_Gobiensis,12,0.01,0,12,0.0,0,12,0.0,12,0,100.0,0,12,0.0,12,0,100.0
Bacillus_Gobiensis,12,0.05,7,5,58.3,12,0,100.0,12,0,100.0,7,5,58.3,12,0,100.0
Bacillus_Gobiensis,12,0.1,12,0,100.0,12,0,100.0,12,0,100.0,12,0,100.0,12,0,100.0
Bacillus_Gobiensis,12,0.5,12,0,100.0,12,0,100.0,12,0,100.0,12,0,100.0,12,0,100.0
Bacillus_Gobiensis,12,1.0,12,0,100.0,12,0,100.0,12,0,100.0,12,0,100.0,12,0,100.0
Bacillus_Infantis,14,0.01,0,14,0.0,0,14,0.0,12,2,85.7,0,14,0.0,12,2,85.7
Bacillus_Infantis,14,0.05,1,13,7.1,13,1,92.9,12,2,85.7,0,14,0.0,13,1,92.9
Bacillus_Infantis,14,0.1,3,11,21.4,14,0,100.0,12,2,85.7,1,13,7.1,14,0,100.0
Bacillus_Infantis,14,0.5,13,1,92.9,14,0,100.0,13,1,92.9,12,2,85.7,14,0,100.0
Bacillus_Infantis,14,1.0,14,0,100.0,14,0,100.0,13,1,92.9,13,1,92.9,14,0,100.0
Bacillus_Pumilus,19,0.01,1,18,5.3,0,19,0.0,16,3,84.2,0,19,0.0,16,3,84.2
Bacillus_Pumilus,19,0.05,3,16,15.8,17,2,89.5,16,3,84.2,2,17,10.5,18,1,94.7
Bacillus_Pumilus,19,0.1,18,1,94.7,19,0,100.0,19,0,100.0,18,1,94.7,19,0,100.0
Bacillus_Pumilus,19,0.5,19,0,100.0,19,0,100.0,19,0,100.0,19,0,100.0,19,0,100.0
Bacillus_Pumilus,19,1.0,19,0,100.0,19,0,100.0,19,0,100.0,19,0,100.0,19,0,100.0
Bacillus_Species,12,0.01,0,12,0.0,0,12,0.0,2,10,16.7,0,12,0.0,2,10,16.7
Bacillus_Species,12,0.05,2,10,16.7,4,8,33.3,2,10,16.7,0,12,0.0,4,8,33.3
Bacillus_Species,12,0.1,12,0,100.0,4,8,33.3,2,10,16.7,2,10,16.7,12,0,100.0
Bacillus_Species,12,0.5,12,0,100.0,5,7,41.7,5,7,41.7,3,9,25.0,12,0,100.0
Bacillus_Species,12,1.0,12,0,100.0,7,5,58.3,8,4,66.7,5,7,41.7,12,0,100.0
Bacillus_Spp,12,0.01,0,12,0.0,0,12,0.0,12,0,100.0,0,12,0.0,12,0,100.0
Bacillus_Spp,12,0.05,0,12,0.0,12,0,100.0,12,0,100.0,0,12,0.0,12,0,100.0
Bacillus_Spp,12,0.1,9,3,75.0,12,0,100.0,12,0,100.0,9,3,75.0,12,0,100.0
Bacillus_Spp,12,0.5,12,0,100.0,12,0,100.0,12,0,100.0,12,0,100.0,12,0,100.0
Bacillus_Spp,12,1.0,12,0,100.0,12,0,100.0,12,0,100.0,12,0,100.0,12,0,100.0
Bacillus_Subtilis,18,0.01,0,18,0.0,0,18,0.0,4,14,22.2,0,18,0.0,4,14,22.2
Bacillus_Subtilis,18,0.05,9,9,50.0,12,6,66.7,4,14,22.2,1,17,5.6,12,6,66.7
Bacillus_Subtilis,18,0.1,18,0,100.0,14,4,77.8,4,14,22.2,4,14,22.2,18,0,100.0
Bacillus_Subtilis,18,0.5,18,0,100.0,15,3,83.3,8,10,44.4,7,11,38.9,18,0,100.0
Bacillus_Subtilis,18,1.0,18,0,100.0,15,3,83.3,9,9,50.0,7,11,38.9,18,0,100.0
Bacillus_Taeanensis,12,0.01,0,12,0.0,0,12,0.0,12,0,100.0,0,12,0.0,12,0,100.0
Bacillus_Taeanensis,12,0.05,0,12,0.0,12,0,100.0,12,0,100.0,0,12,0.0,12,0,100.0
Bacillus_Taeanensis,12,0.1,11,1,91.7,12,0,100.0,12,0,100.0,11,1,91.7,12,0,100.0
Bacillus_Taeanensis,12,0.5,12,0,100.0,12,0,100.0,12,0,100.0,12,0,100.0,12,0,100.0
Bacillus_Taeanensis,12,1.0,12,0,100.0,12,0,100.0,12,0,100.0,12,0,100.0,12,0,100.0
Bacillus_Zeae,12,0.01,0,12,0.0,0,12,0.0,12,0,100.0,0,12,0.0,12,0,100.0
Bacillus_Zeae,12,0.05,3,9,25.0,12,0,100.0,12,0,100.0,3,9,25.0,12,0,100.0
Bacillus_Zeae,12,0.1,12,0,100.0,12,0,100.0,12,0,100.0,12,0,100.0,12,0,100.0
Bacillus_Zeae,12,0.5,12,0,100.0,12,0,100.0,12,0,100.0,12,0,100.0,12,0,100.0
Bacillus_Zeae,12,1.0,12,0,100.0,12,0,100.0,12,0,100.0,12,0,100.0,12,0,100.0
Bacteroides_Faecis,10,0.01,0,10,0.0,0,10,0.0,9,1,90.0,0,10,0.0,9,1,90.0
Bacteroides_Faecis,10,0.05,1,9,10.0,10,0,100.0,9,1,90.0,0,10,0.0,10,0,100.0
Bacteroides_Faecis,10,0.1,10,0,100.0,10,0,100.0,10,0,100.0,10,0,100.0,10,0,100.0
Bacteroides_Faecis,10,0.5,10,0,100.0,10,0,100.0,10,0,100.0,10,0,100.0,10,0,100.0
Bacteroides_Faecis,10,1.0,10,0,100.0,10,0,100.0,10,0,100.0,10,0,100.0,10,0,100.0
Bacteroides_Fragilis,82,0.01,0,82,0.0,0,82,0.0,71,11,86.6,0,82,0.0,71,11,86.6
Bacteroides_Fragilis,82,0.05,14,68,17.1,80,2,97.6,74,8,90.2,14,68,17.1,80,2,97.6
Bacteroides_Fragilis,82,0.1,76,6,92.7,80,2,97.6,79,3,96.3,74,8,90.2,81,1,98.8
Bacteroides_Fragilis,82,0.5,82,0,100.0,80,2,97.6,82,0,100.0,80,2,97.6,82,0,100.0
Bacteroides_Fragilis,82,1.0,82,0,100.0,82,0,100.0,82,0,100.0,82,0,100.0,82,0,100.0
Bacteroides_Thetaiotaomicron,13,0.01,0,13,0.0,0,13,0.0,13,0,100.0,0,13,0.0,13,0,100.0
Bacteroides_Thetaiotaomicron,13,0.05,2,11,15.4,13,0,100.0,13,0,100.0,2,11,15.4,13,0,100.0
Bacteroides_Thetaiotaomicron,13,0.1,8,5,61.5,13,0,100.0,13,0,100.0,8,5,61.5,13,0,100.0
Bacteroides_Thetaiotaomicron,13,0.5,12,1,92.3,13,0,100.0,13,0,100.0,12,1,92.3,13,0,100.0
Bacteroides_Thetaiotaomicron,13,1.0,13,0,100.0,13,0,100.0,13,0,100.0,13,0,100.0,13,0,100.0
Bacteroides_Vulgatus,12,0.01,0,12,0.0,0,12,0.0,12,0,100.0,0,12,0.0,12,0,100.0
Bacteroides_Vulgatus,12,0.05,3,9,25.0,12,0,100.0,12,0,100.0,3,9,25.0,12,0,100.0
Bacteroides_Vulgatus,12,0.1,8,4,66.7,12,0,100.0,12,0,100.0,8,4,66.7,12,0,100.0
Bacteroides_Vulgatus,12,0.5,12,0,100.0,12,0,100.0,12,0,100.0,12,0,100.0,12,0,100.0
Bacteroides_Vulgatus,12,1.0,12,0,100.0,12,0,100.0,12,0,100.0,12,0,100.0,12,0,100.0
Bartonella_Bacilliformis,12,0.01,0,12,0.0,0,12,0.0,0,12,0.0,0,12,0.0,0,12,0.0
Bartonella_Bacilliformis,12,0.05,0,12,0.0,0,12,0.0,0,12,0.0,0,12,0.0,0,12,0.0
Bartonella_Bacilliformis,12,0.1,12,0,100.0,0,12,0.0,0,12,0.0,0,12,0.0,12,0,100.0
Bartonella_Bacilliformis,12,0.5,12,0,100.0,3,9,25.0,4,8,33.3,3,9,25.0,12,0,100.0
Bartonella_Bacilliformis,12,1.0,12,0,100.0,7,5,58.3,12,0,100.0,7,5,58.3,12,0,100.0
Bartonella_Grahamii,12,0.01,0,12,0.0,0,12,0.0,10,2,83.3,0,12,0.0,10,2,83.3
Bartonella_Grahamii,12,0.05,0,12,0.0,12,0,100.0,12,0,100.0,0,12,0.0,12,0,100.0
Bartonella_Grahamii,12,0.1,12,0,100.0,12,0,100.0,12,0,100.0,12,0,100.0,12,0,100.0
Bartonella_Grahamii,12,0.5,12,0,100.0,12,0,100.0,12,0,100.0,12,0,100.0,12,0,100.0
Bartonella_Grahamii,12,1.0,12,0,100.0,12,0,100.0,12,0,100.0,12,0,100.0,12,0,100.0
Bartonella_Henselae,36,0.01,0,36,0.0,0,36,0.0,23,13,63.9,0,36,0.0,23,13,63.9
Bartonella_Henselae,36,0.05,0,36,0.0,36,0,100.0,27,9,75.0,0,36,0.0,36,0,100.0
Bartonella_Henselae,36,0.1,24,12,66.7,36,0,100.0,33,3,91.7,23,13,63.9,36,0,100.0
Bartonella_Henselae,36,0.5,36,0,100.0,36,0,100.0,36,0,100.0,36,0,100.0,36,0,100.0
Bartonella_Henselae,36,1.0,36,0,100.0,36,0,100.0,36,0,100.0,36,0,100.0,36,0,100.0
Bartonella_Quintana,12,0.01,0,12,0.0,0,12,0.0,4,8,33.3,0,12,0.0,4,8,33.3
Bartonella_Quintana,12,0.05,0,12,0.0,9,3,75.0,5,7,41.7,0,12,0.0,9,3,75.0
Bartonella_Quintana,12,0.1,12,0,100.0,11,1,91.7,7,5,58.3,7,5,58.3,12,0,100.0
Bartonella_Quintana,12,0.5,12,0,100.0,12,0,100.0,12,0,100.0,12,0,100.0,12,0,100.0
Bartonella_Quintana,12,1.0,12,0,100.0,12,0,100.0,12,0,100.0,12,0,100.0,12,0,100.0
Bartonella_Vinsonii,12,0.01,0,12,0.0,0,12,0.0,0,12,0.0,0,12,0.0,0,12,0.0
Bartonella_Vinsonii,12,0.05,1,11,8.3,0,12,0.0,0,12,0.0,0,12,0.0,1,11,8.3
Bartonella_Vinsonii,12,0.1,12,0,100.0,0,12,0.0,0,12,0.0,0,12,0.0,12,0,100.0
Bartonella_Vinsonii,12,0.5,12,0,100.0,0,12,0.0,0,12,0.0,0,12,0.0,12,0,100.0
Bartonella_Vinsonii,12,1.0,12,0,100.0,0,12,0.0,0,12,0.0,0,12,0.0,12,0,100.0
Bergeyella_Zoohelcum,12,0.01,0,12,0.0,0,12,0.0,8,4,66.7,0,12,0.0,8,4,66.7
Bergeyella_Zoohelcum,12,0.05,0,12,0.0,11,1,91.7,8,4,66.7,0,12,0.0,11,1,91.7
Bergeyella_Zoohelcum,12,0.1,10,2,83.3,12,0,100.0,11,1,91.7,9,3,75.0,12,0,100.0
Bergeyella_Zoohelcum,12,0.5,11,1,91.7,12,0,100.0,12,0,100.0,11,1,91.7,12,0,100.0
Bergeyella_Zoohelcum,12,1.0,12,0,100.0,12,0,100.0,12,0,100.0,12,0,100.0,12,0,100.0
Bifidobacterium_Dentium,10,0.01,0,10,0.0,0,10,0.0,6,4,60.0,0,10,0.0,6,4,60.0
Bifidobacterium_Dentium,10,0.05,0,10,0.0,6,4,60.0,6,4,60.0,0,10,0.0,6,4,60.0
Bifidobacterium_Dentium,10,0.1,7,3,70.0,6,4,60.0,7,3,70.0,3,7,30.0,10,0,100.0
Bifidobacterium_Dentium,10,0.5,10,0,100.0,9,1,90.0,10,0,100.0,9,1,90.0,10,0,100.0
Bifidobacterium_Dentium,10,1.0,10,0,100.0,10,0,100.0,10,0,100.0,10,0,100.0,10,0,100.0
Bifidobacterium_Longum,10,0.01,1,9,10.0,0,10,0.0,6,4,60.0,0,10,0.0,6,4,60.0
Bifidobacterium_Longum,10,0.05,8,2,80.0,6,4,60.0,7,3,70.0,5,5,50.0,9,1,90.0
Bifidobacterium_Longum,10,0.1,9,1,90.0,9,1,90.0,9,1,90.0,8,2,80.0,10,0,100.0
Bifidobacterium_Longum,10,0.5,10,0,100.0,9,1,90.0,10,0,100.0,9,1,90.0,10,0,100.0
Bifidobacterium_Longum,10,1.0,10,0,100.0,9,1,90.0,10,0,100.0,9,1,90.0,10,0,100.0
Brevibacillus_Porteri,16,0.01,0,16,0.0,0,16,0.0,4,12,25.0,0,16,0.0,4,12,25.0
Brevibacillus_Porteri,16,0.05,0,16,0.0,4,12,25.0,4,12,25.0,0,16,0.0,4,12,25.0
Brevibacillus_Porteri,16,0.1,16,0,100.0,4,12,25.0,4,12,25.0,4,12,25.0,16,0,100.0
Brevibacillus_Porteri,16,0.5,16,0,100.0,10,6,62.5,12,4,75.0,10,6,62.5,16,0,100.0
Brevibacillus_Porteri,16,1.0,16,0,100.0,12,4,75.0,14,2,87.5,12,4,75.0,16,0,100.0
Brevibacillus_Sp,40,0.01,0,40,0.0,0,40,0.0,33,7,82.5,0,40,0.0,33,7,82.5
Brevibacillus_Sp,40,0.05,5,35,12.5,35,5,87.5,34,6,85.0,5,35,12.5,35,5,87.5
Brevibacillus_Sp,40,0.1,35,5,87.5,38,2,95.0,37,3,92.5,32,8,80.0,40,0,100.0
Brevibacillus_Sp,40,0.5,40,0,100.0,38,2,95.0,39,1,97.5,38,2,95.0,40,0,100.0
Brevibacillus_Sp,40,1.0,40,0,100.0,38,2,95.0,40,0,100.0,38,2,95.0,40,0,100.0
Brucella_Abortus,273,0.01,0,273,0.0,0,273,0.0,273,0,100.0,0,273,0.0,273,0,100.0
Brucella_Abortus,273,0.05,12,261,4.4,273,0,100.0,273,0,100.0,12,261,4.4,273,0,100.0
Brucella_Abortus,273,0.1,267,6,97.8,273,0,100.0,273,0,100.0,267,6,97.8,273,0,100.0
Brucella_Abortus,273,0.5,273,0,100.0,273,0,100.0,273,0,100.0,273,0,100.0,273,0,100.0
Brucella_Abortus,273,1.0,273,0,100.0,273,0,100.0,273,0,100.0,273,0,100.0,273,0,100.0
Brucella_Canis,78,0.01,0,78,0.0,0,78,0.0,75,3,96.2,0,78,0.0,75,3,96.2
Brucella_Canis,78,0.05,0,78,0.0,78,0,100.0,78,0,100.0,0,78,0.0,78,0,100.0
Brucella_Canis,78,0.1,76,2,97.4,78,0,100.0,78,0,100.0,76,2,97.4,78,0,100.0
Brucella_Canis,78,0.5,78,0,100.0,78,0,100.0,78,0,100.0,78,0,100.0,78,0,100.0
Brucella_Canis,78,1.0,78,0,100.0,78,0,100.0,78,0,100.0,78,0,100.0,78,0,100.0
Brucella_Ceti,92,0.01,0,92,0.0,0,92,0.0,92,0,100.0,0,92,0.0,92,0,100.0
Brucella_Ceti,92,0.05,3,89,3.3,92,0,100.0,92,0,100.0,3,89,3.3,92,0,100.0
Brucella_Ceti,92,0.1,90,2,97.8,92,0,100.0,92,0,100.0,90,2,97.8,92,0,100.0
Brucella_Ceti,92,0.5,92,0,100.0,92,0,100.0,92,0,100.0,92,0,100.0,92,0,100.0
Brucella_Ceti,92,1.0,92,0,100.0,92,0,100.0,92,0,100.0,92,0,100.0,92,0,100.0
Brucella_Inopinata,20,0.01,0,20,0.0,0,20,0.0,20,0,100.0,0,20,0.0,20,0,100.0
Brucella_Inopinata,20,0.05,1,19,5.0,20,0,100.0,20,0,100.0,1,19,5.0,20,0,100.0
Brucella_Inopinata,20,0.1,20,0,100.0,20,0,100.0,20,0,100.0,20,0,100.0,20,0,100.0
Brucella_Inopinata,20,0.5,20,0,100.0,20,0,100.0,20,0,100.0,20,0,100.0,20,0,100.0
Brucella_Inopinata,20,1.0,20,0,100.0,20,0,100.0,20,0,100.0,20,0,100.0,20,0,100.0
Brucella_Intermedia,12,0.01,0,12,0.0,0,12,0.0,12,0,100.0,0,12,0.0,12,0,100.0
Brucella_Intermedia,12,0.05,0,12,0.0,12,0,100.0,12,0,100.0,0,12,0.0,12,0,100.0
Brucella_Intermedia,12,0.1,12,0,100.0,12,0,100.0,12,0,100.0,12,0,100.0,12,0,100.0
Brucella_Intermedia,12,0.5,12,0,100.0,12,0,100.0,12,0,100.0,12,0,100.0,12,0,100.0
Brucella_Intermedia,12,1.0,12,0,100.0,12,0,100.0,12,0,100.0,12,0,100.0,12,0,100.0
Brucella_Melitensis,171,0.01,0,171,0.0,0,171,0.0,171,0,100.0,0,171,0.0,171,0,100.0
Brucella_Melitensis,171,0.05,0,171,0.0,171,0,100.0,171,0,100.0,0,171,0.0,171,0,100.0
Brucella_Melitensis,171,0.1,132,39,77.2,171,0,100.0,171,0,100.0,132,39,77.2,171,0,100.0
Brucella_Melitensis,171,0.5,170,1,99.4,171,0,100.0,171,0,100.0,170,1,99.4,171,0,100.0
Brucella_Melitensis,171,1.0,171,0,100.0,171,0,100.0,171,0,100.0,171,0,100.0,171,0,100.0
Brucella_Microtii,41,0.01,0,41,0.0,0,41,0.0,41,0,100.0,0,41,0.0,41,0,100.0
Brucella_Microtii,41,0.05,0,41,0.0,41,0,100.0,41,0,100.0,0,41,0.0,41,0,100.0
Brucella_Microtii,41,0.1,3,38,7.3,41,0,100.0,41,0,100.0,3,38,7.3,41,0,100.0
Brucella_Microtii,41,0.5,41,0,100.0,41,0,100.0,41,0,100.0,41,0,100.0,41,0,100.0
Brucella_Microtii,41,1.0,41,0,100.0,41,0,100.0,41,0,100.0,41,0,100.0,41,0,100.0
Brucella_Neotomae,56,0.01,0,56,0.0,0,56,0.0,56,0,100.0,0,56,0.0,56,0,100.0
Brucella_Neotomae,56,0.05,4,52,7.1,56,0,100.0,56,0,100.0,4,52,7.1,56,0,100.0
Brucella_Neotomae,56,0.1,56,0,100.0,56,0,100.0,56,0,100.0,56,0,100.0,56,0,100.0
Brucella_Neotomae,56,0.5,56,0,100.0,56,0,100.0,56,0,100.0,56,0,100.0,56,0,100.0
Brucella_Neotomae,56,1.0,56,0,100.0,56,0,100.0,56,0,100.0,56,0,100.0,56,0,100.0
Brucella_Ovis,66,0.01,0,66,0.0,0,66,0.0,66,0,100.0,0,66,0.0,66,0,100.0
Brucella_Ovis,66,0.05,2,64,3.0,66,0,100.0,66,0,100.0,2,64,3.0,66,0,100.0
Brucella_Ovis,66,0.1,59,7,89.4,66,0,100.0,66,0,100.0,59,7,89.4,66,0,100.0
Brucella_Ovis,66,0.5,63,3,95.5,66,0,100.0,66,0,100.0,63,3,95.5,66,0,100.0
Brucella_Ovis,66,1.0,65,1,98.5,66,0,100.0,66,0,100.0,65,1,98.5,66,0,100.0
Brucella_Pinnipedalis,54,0.01,0,54,0.0,0,54,0.0,54,0,100.0,0,54,0.0,54,0,100.0
Brucella_Pinnipedalis,54,0.05,0,54,0.0,54,0,100.0,54,0,100.0,0,54,0.0,54,0,100.0
Brucella_Pinnipedalis,54,0.1,52,2,96.3,54,0,100.0,54,0,100.0,52,2,96.3,54,0,100.0
Brucella_Pinnipedalis,54,0.5,54,0,100.0,54,0,100.0,54,0,100.0,54,0,100.0,54,0,100.0
Brucella_Pinnipedalis,54,1.0,54,0,100.0,54,0,100.0,54,0,100.0,54,0,100.0,54,0,100.0
Brucella_Sp,102,0.01,0,102,0.0,0,102,0.0,102,0,100.0,0,102,0.0,102,0,100.0
Brucella_Sp,102,0.05,0,102,0.0,102,0,100.0,102,0,100.0,0,102,0.0,102,0,100.0
Brucella_Sp,102,0.1,98,4,96.1,102,0,100.0,102,0,100.0,98,4,96.1,102,0,100.0
Brucella_Sp,102,0.5,102,0,100.0,102,0,100.0,102,0,100.0,102,0,100.0,102,0,100.0
Brucella_Sp,102,1.0,102,0,100.0,102,0,100.0,102,0,100.0,102,0,100.0,102,0,100.0
Brucella_Suis,96,0.01,0,96,0.0,0,96,0.0,96,0,100.0,0,96,0.0,96,0,100.0
Brucella_Suis,96,0.05,3,93,3.1,96,0,100.0,96,0,100.0,3,93,3.1,96,0,100.0
Brucella_Suis,96,0.1,90,6,93.8,96,0,100.0,96,0,100.0,90,6,93.8,96,0,100.0
Brucella_Suis,96,0.5,95,1,99.0,96,0,100.0,96,0,100.0,95,1,99.0,96,0,100.0
Brucella_Suis,96,1.0,96,0,100.0,96,0,100.0,96,0,100.0,96,0,100.0,96,0,100.0
Brucella_Vulpis,12,0.01,0,12,0.0,0,12,0.0,12,0,100.0,0,12,0.0,12,0,100.0
Brucella_Vulpis,12,0.05,8,4,66.7,12,0,100.0,12,0,100.0,8,4,66.7,12,0,100.0
Brucella_Vulpis,12,0.1,12,0,100.0,12,0,100.0,12,0,100.0,12,0,100.0,12,0,100.0
Brucella_Vulpis,12,0.5,12,0,100.0,12,0,100.0,12,0,100.0,12,0,100.0,12,0,100.0
Brucella_Vulpis,12,1.0,12,0,100.0,12,0,100.0,12,0,100.0,12,0,100.0,12,0,100.0
Burkholderia_Ambifaria,42,0.01,0,42,0.0,0,42,0.0,40,2,95.2,0,42,0.0,40,2,95.2
Burkholderia_Ambifaria,42,0.05,0,42,0.0,42,0,100.0,42,0,100.0,0,42,0.0,42,0,100.0
Burkholderia_Ambifaria,42,0.1,17,25,40.5,42,0,100.0,42,0,100.0,17,25,40.5,42,0,100.0
Burkholderia_Ambifaria,42,0.5,42,0,100.0,42,0,100.0,42,0,100.0,42,0,100.0,42,0,100.0
Burkholderia_Ambifaria,42,1.0,42,0,100.0,42,0,100.0,42,0,100.0,42,0,100.0,42,0,100.0
Burkholderia_Anthina,13,0.01,0,13,0.0,0,13,0.0,13,0,100.0,0,13,0.0,13,0,100.0
Burkholderia_Anthina,13,0.05,0,13,0.0,13,0,100.0,13,0,100.0,0,13,0.0,13,0,100.0
Burkholderia_Anthina,13,0.1,9,4,69.2,13,0,100.0,13,0,100.0,9,4,69.2,13,0,100.0
Burkholderia_Anthina,13,0.5,13,0,100.0,13,0,100.0,13,0,100.0,13,0,100.0,13,0,100.0
Burkholderia_Anthina,13,1.0,13,0,100.0,13,0,100.0,13,0,100.0,13,0,100.0,13,0,100.0
Burkholderia_Arboris,16,0.01,0,16,0.0,0,16,0.0,16,0,100.0,0,16,0.0,16,0,100.0
Burkholderia_Arboris,16,0.05,0,16,0.0,16,0,100.0,16,0,100.0,0,16,0.0,16,0,100.0
Burkholderia_Arboris,16,0.1,16,0,100.0,16,0,100.0,16,0,100.0,16,0,100.0,16,0,100.0
Burkholderia_Arboris,16,0.5,16,0,100.0,16,0,100.0,16,0,100.0,16,0,100.0,16,0,100.0
Burkholderia_Arboris,16,1.0,16,0,100.0,16,0,100.0,16,0,100.0,16,0,100.0,16,0,100.0
Burkholderia_Cenocepacia,64,0.01,0,64,0.0,0,64,0.0,56,8,87.5,0,64,0.0,56,8,87.5
Burkholderia_Cenocepacia,64,0.05,0,64,0.0,64,0,100.0,62,2,96.9,0,64,0.0,64,0,100.0
Burkholderia_Cenocepacia,64,0.1,51,13,79.7,64,0,100.0,64,0,100.0,51,13,79.7,64,0,100.0
Burkholderia_Cenocepacia,64,0.5,64,0,100.0,64,0,100.0,64,0,100.0,64,0,100.0,64,0,100.0
Burkholderia_Cenocepacia,64,1.0,64,0,100.0,64,0,100.0,64,0,100.0,64,0,100.0,64,0,100.0
Burkholderia_Cepacia,38,0.01,0,38,0.0,0,38,0.0,33,5,86.8,0,38,0.0,33,5,86.8
Burkholderia_Cepacia,38,0.05,0,38,0.0,37,1,97.4,34,4,89.5,0,38,0.0,37,1,97.4
Burkholderia_Cepacia,38,0.1,12,26,31.6,38,0,100.0,37,1,97.4,11,27,28.9,38,0,100.0
Burkholderia_Cepacia,38,0.5,38,0,100.0,38,0,100.0,38,0,100.0,38,0,100.0,38,0,100.0
Burkholderia_Cepacia,38,1.0,38,0,100.0,38,0,100.0,38,0,100.0,38,0,100.0,38,0,100.0
Burkholderia_Contaminans,235,0.01,0,235,0.0,0,235,0.0,224,11,95.3,0,235,0.0,224,11,95.3
Burkholderia_Contaminans,235,0.05,1,234,0.4,234,1,99.6,230,5,97.9,1,234,0.4,234,1,99.6
Burkholderia_Contaminans,235,0.1,175,60,74.5,235,0,100.0,234,1,99.6,174,61,74.0,235,0,100.0
Burkholderia_Contaminans,235,0.5,235,0,100.0,235,0,100.0,235,0,100.0,235,0,100.0,235,0,100.0
Burkholderia_Contaminans,235,1.0,235,0,100.0,235,0,100.0,235,0,100.0,235,0,100.0,235,0,100.0
Burkholderia_Diffusa,24,0.01,0,24,0.0,0,24,0.0,24,0,100.0,0,24,0.0,24,0,100.0
Burkholderia_Diffusa,24,0.05,0,24,0.0,24,0,100.0,24,0,100.0,0,24,0.0,24,0,100.0
Burkholderia_Diffusa,24,0.1,18,6,75.0,24,0,100.0,24,0,100.0,18,6,75.0,24,0,100.0
Burkholderia_Diffusa,24,0.5,24,0,100.0,24,0,100.0,24,0,100.0,24,0,100.0,24,0,100.0
Burkholderia_Diffusa,24,1.0,24,0,100.0,24,0,100.0,24,0,100.0,24,0,100.0,24,0,100.0
Burkholderia_Dolosa,31,0.01,0,31,0.0,0,31,0.0,31,0,100.0,0,31,0.0,31,0,100.0
Burkholderia_Dolosa,31,0.05,0,31,0.0,31,0,100.0,31,0,100.0,0,31,0.0,31,0,100.0
Burkholderia_Dolosa,31,0.1,13,18,41.9,31,0,100.0,31,0,100.0,13,18,41.9,31,0,100.0
Burkholderia_Dolosa,31,0.5,31,0,100.0,31,0,100.0,31,0,100.0,31,0,100.0,31,0,100.0
Burkholderia_Dolosa,31,1.0,31,0,100.0,31,0,100.0,31,0,100.0,31,0,100.0,31,0,100.0
Burkholderia_Gladioli,23,0.01,0,23,0.0,0,23,0.0,17,6,73.9,0,23,0.0,17,6,73.9
Burkholderia_Gladioli,23,0.05,0,23,0.0,23,0,100.0,17,6,73.9,0,23,0.0,23,0,100.0
Burkholderia_Gladioli,23,0.1,4,19,17.4,23,0,100.0,20,3,87.0,4,19,17.4,23,0,100.0
Burkholderia_Gladioli,23,0.5,17,6,73.9,23,0,100.0,23,0,100.0,17,6,73.9,23,0,100.0
Burkholderia_Gladioli,23,1.0,18,5,78.3,23,0,100.0,23,0,100.0,18,5,78.3,23,0,100.0
Burkholderia_Lata,28,0.01,0,28,0.0,0,28,0.0,24,4,85.7,0,28,0.0,24,4,85.7
Burkholderia_Lata,28,0.05,0,28,0.0,28,0,100.0,26,2,92.9,0,28,0.0,28,0,100.0
Burkholderia_Lata,28,0.1,11,17,39.3,28,0,100.0,28,0,100.0,11,17,39.3,28,0,100.0
Burkholderia_Lata,28,0.5,28,0,100.0,28,0,100.0,28,0,100.0,28,0,100.0,28,0,100.0
Burkholderia_Lata,28,1.0,28,0,100.0,28,0,100.0,28,0,100.0,28,0,100.0,28,0,100.0
Burkholderia_Latens,13,0.01,0,13,0.0,0,13,0.0,12,1,92.3,0,13,0.0,12,1,92.3
Burkholderia_Latens,13,0.05,0,13,0.0,13,0,100.0,13,0,100.0,0,13,0.0,13,0,100.0
Burkholderia_Latens,13,0.1,7,6,53.8,13,0,100.0,13,0,100.0,7,6,53.8,13,0,100.0
Burkholderia_Latens,13,0.5,13,0,100.0,13,0,100.0,13,0,100.0,13,0,100.0,13,0,100.0
Burkholderia_Latens,13,1.0,13,0,100.0,13,0,100.0,13,0,100.0,13,0,100.0,13,0,100.0
Burkholderia_Mallei,554,0.01,5,549,0.9,0,554,0.0,554,0,100.0,0,554,0.0,554,0,100.0
Burkholderia_Mallei,554,0.05,82,472,14.8,554,0,100.0,554,0,100.0,82,472,14.8,554,0,100.0
Burkholderia_Mallei,554,0.1,525,29,94.8,554,0,100.0,554,0,100.0,525,29,94.8,554,0,100.0
Burkholderia_Mallei,554,0.5,554,0,100.0,554,0,100.0,554,0,100.0,554,0,100.0,554,0,100.0
Burkholderia_Mallei,554,1.0,554,0,100.0,554,0,100.0,554,0,100.0,554,0,100.0,554,0,100.0
Burkholderia_Metallica,16,0.01,0,16,0.0,0,16,0.0,16,0,100.0,0,16,0.0,16,0,100.0
Burkholderia_Metallica,16,0.05,0,16,0.0,16,0,100.0,16,0,100.0,0,16,0.0,16,0,100.0
Burkholderia_Metallica,16,0.1,2,14,12.5,16,0,100.0,16,0,100.0,2,14,12.5,16,0,100.0
Burkholderia_Metallica,16,0.5,16,0,100.0,16,0,100.0,16,0,100.0,16,0,100.0,16,0,100.0
Burkholderia_Metallica,16,1.0,16,0,100.0,16,0,100.0,16,0,100.0,16,0,100.0,16,0,100.0
Burkholderia_Multivorans,48,0.01,1,47,2.1,0,48,0.0,48,0,100.0,0,48,0.0,48,0,100.0
Burkholderia_Multivorans,48,0.05,1,47,2.1,48,0,100.0,48,0,100.0,1,47,2.1,48,0,100.0
Burkholderia_Multivorans,48,0.1,46,2,95.8,48,0,100.0,48,0,100.0,46,2,95.8,48,0,100.0
Burkholderia_Multivorans,48,0.5,48,0,100.0,48,0,100.0,48,0,100.0,48,0,100.0,48,0,100.0
Burkholderia_Multivorans,48,1.0,48,0,100.0,48,0,100.0,48,0,100.0,48,0,100.0,48,0,100.0
Burkholderia_Oklahomensis,18,0.01,0,18,0.0,0,18,0.0,17,1,94.4,0,18,0.0,17,1,94.4
Burkholderia_Oklahomensis,18,0.05,0,18,0.0,18,0,100.0,17,1,94.4,0,18,0.0,18,0,100.0
Burkholderia_Oklahomensis,18,0.1,18,0,100.0,18,0,100.0,18,0,100.0,18,0,100.0,18,0,100.0
Burkholderia_Oklahomensis,18,0.5,18,0,100.0,18,0,100.0,18,0,100.0,18,0,100.0,18,0,100.0
Burkholderia_Oklahomensis,18,1.0,18,0,100.0,18,0,100.0,18,0,100.0,18,0,100.0,18,0,100.0
Burkholderia_Pseudomallei,160,0.01,3,157,1.9,0,160,0.0,160,0,100.0,0,160,0.0,160,0,100.0
Burkholderia_Pseudomallei,160,0.05,16,144,10.0,160,0,100.0,160,0,100.0,16,144,10.0,160,0,100.0
Burkholderia_Pseudomallei,160,0.1,134,26,83.8,160,0,100.0,160,0,100.0,134,26,83.8,160,0,100.0
Burkholderia_Pseudomallei,160,0.5,160,0,100.0,160,0,100.0,160,0,100.0,160,0,100.0,160,0,100.0
Burkholderia_Pseudomallei,160,1.0,160,0,100.0,160,0,100.0,160,0,100.0,160,0,100.0,160,0,100.0
Burkholderia_Pseudomultivorans,36,0.01,0,36,0.0,0,36,0.0,36,0,100.0,0,36,0.0,36,0,100.0
Burkholderia_Pseudomultivorans,36,0.05,0,36,0.0,36,0,100.0,36,0,100.0,0,36,0.0,36,0,100.0
Burkholderia_Pseudomultivorans,36,0.1,35,1,97.2,36,0,100.0,36,0,100.0,35,1,97.2,36,0,100.0
Burkholderia_Pseudomultivorans,36,0.5,36,0,100.0,36,0,100.0,36,0,100.0,36,0,100.0,36,0,100.0
Burkholderia_Pseudomultivorans,36,1.0,36,0,100.0,36,0,100.0,36,0,100.0,36,0,100.0,36,0,100.0
Burkholderia_Puraquae,112,0.01,0,112,0.0,0,112,0.0,112,0,100.0,0,112,0.0,112,0,100.0
Burkholderia_Puraquae,112,0.05,0,112,0.0,112,0,100.0,112,0,100.0,0,112,0.0,112,0,100.0
Burkholderia_Puraquae,112,0.1,10,102,8.9,112,0,100.0,112,0,100.0,10,102,8.9,112,0,100.0
Burkholderia_Puraquae,112,0.5,112,0,100.0,112,0,100.0,112,0,100.0,112,0,100.0,112,0,100.0
Burkholderia_Puraquae,112,1.0,112,0,100.0,112,0,100.0,112,0,100.0,112,0,100.0,112,0,100.0
Burkholderia_Pyrrocinia,20,0.01,0,20,0.0,0,20,0.0,20,0,100.0,0,20,0.0,20,0,100.0
Burkholderia_Pyrrocinia,20,0.05,0,20,0.0,20,0,100.0,20,0,100.0,0,20,0.0,20,0,100.0
Burkholderia_Pyrrocinia,20,0.1,15,5,75.0,20,0,100.0,20,0,100.0,15,5,75.0,20,0,100.0
Burkholderia_Pyrrocinia,20,0.5,20,0,100.0,20,0,100.0,20,0,100.0,20,0,100.0,20,0,100.0
Burkholderia_Pyrrocinia,20,1.0,20,0,100.0,20,0,100.0,20,0,100.0,20,0,100.0,20,0,100.0
Burkholderia_Stabilis,47,0.01,0,47,0.0,0,47,0.0,47,0,100.0,0,47,0.0,47,0,100.0
Burkholderia_Stabilis,47,0.05,0,47,0.0,47,0,100.0,47,0,100.0,0,47,0.0,47,0,100.0
Burkholderia_Stabilis,47,0.1,21,26,44.7,47,0,100.0,47,0,100.0,21,26,44.7,47,0,100.0
Burkholderia_Stabilis,47,0.5,47,0,100.0,47,0,100.0,47,0,100.0,47,0,100.0,47,0,100.0
Burkholderia_Stabilis,47,1.0,47,0,100.0,47,0,100.0,47,0,100.0,47,0,100.0,47,0,100.0
Burkholderia_Stagnalis,24,0.01,0,24,0.0,0,24,0.0,24,0,100.0,0,24,0.0,24,0,100.0
Burkholderia_Stagnalis,24,0.05,0,24,0.0,24,0,100.0,24,0,100.0,0,24,0.0,24,0,100.0
Burkholderia_Stagnalis,24,0.1,9,15,37.5,24,0,100.0,24,0,100.0,9,15,37.5,24,0,100.0
Burkholderia_Stagnalis,24,0.5,24,0,100.0,24,0,100.0,24,0,100.0,24,0,100.0,24,0,100.0
Burkholderia_Stagnalis,24,1.0,24,0,100.0,24,0,100.0,24,0,100.0,24,0,100.0,24,0,100.0
Burkholderia_Territorii,24,0.01,0,24,0.0,0,24,0.0,24,0,100.0,0,24,0.0,24,0,100.0
Burkholderia_Territorii,24,0.05,0,24,0.0,24,0,100.0,24,0,100.0,0,24,0.0,24,0,100.0
Burkholderia_Territorii,24,0.1,20,4,83.3,24,0,100.0,24,0,100.0,20,4,83.3,24,0,100.0
Burkholderia_Territorii,24,0.5,24,0,100.0,24,0,100.0,24,0,100.0,24,0,100.0,24,0,100.0
Burkholderia_Territorii,24,1.0,24,0,100.0,24,0,100.0,24,0,100.0,24,0,100.0,24,0,100.0
Burkholderia_Thailandensis,85,0.01,0,85,0.0,0,85,0.0,85,0,100.0,0,85,0.0,85,0,100.0
Burkholderia_Thailandensis,85,0.05,0,85,0.0,85,0,100.0,85,0,100.0,0,85,0.0,85,0,100.0
Burkholderia_Thailandensis,85,0.1,57,28,67.1,85,0,100.0,85,0,100.0,57,28,67.1,85,0,100.0
Burkholderia_Thailandensis,85,0.5,85,0,100.0,85,0,100.0,85,0,100.0,85,0,100.0,85,0,100.0
Burkholderia_Thailandensis,85,1.0,85,0,100.0,85,0,100.0,85,0,100.0,85,0,100.0,85,0,100.0
Burkholderia_Ubonensis,16,0.01,0,16,0.0,0,16,0.0,15,1,93.8,0,16,0.0,15,1,93.8
Burkholderia_Ubonensis,16,0.05,0,16,0.0,16,0,100.0,16,0,100.0,0,16,0.0,16,0,100.0
Burkholderia_Ubonensis,16,0.1,13,3,81.2,16,0,100.0,16,0,100.0,13,3,81.2,16,0,100.0
Burkholderia_Ubonensis,16,0.5,16,0,100.0,16,0,100.0,16,0,100.0,16,0,100.0,16,0,100.0
Burkholderia_Ubonensis,16,1.0,16,0,100.0,16,0,100.0,16,0,100.0,16,0,100.0,16,0,100.0
Burkholderia_Vietnamiensis,25,0.01,0,25,0.0,0,25,0.0,24,1,96.0,0,25,0.0,24,1,96.0
Burkholderia_Vietnamiensis,25,0.05,0,25,0.0,25,0,100.0,24,1,96.0,0,25,0.0,25,0,100.0
Burkholderia_Vietnamiensis,25,0.1,11,14,44.0,25,0,100.0,25,0,100.0,11,14,44.0,25,0,100.0
Burkholderia_Vietnamiensis,25,0.5,25,0,100.0,25,0,100.0,25,0,100.0,25,0,100.0,25,0,100.0
Burkholderia_Vietnamiensis,25,1.0,25,0,100.0,25,0,100.0,25,0,100.0,25,0,100.0,25,0,100.0
Caballeronia_Glathei,24,0.01,0,24,0.0,0,24,0.0,24,0,100.0,0,24,0.0,24,0,100.0
Caballeronia_Glathei,24,0.05,0,24,0.0,24,0,100.0,24,0,100.0,0,24,0.0,24,0,100.0
Caballeronia_Glathei,24,0.1,5,19,20.8,24,0,100.0,24,0,100.0,5,19,20.8,24,0,100.0
Caballeronia_Glathei,24,0.5,24,0,100.0,24,0,100.0,24,0,100.0,24,0,100.0,24,0,100.0
Caballeronia_Glathei,24,1.0,24,0,100.0,24,0,100.0,24,0,100.0,24,0,100.0,24,0,100.0
Campylobacter_Coli,75,0.01,0,75,0.0,0,75,0.0,68,7,90.7,0,75,0.0,68,7,90.7
Campylobacter_Coli,75,0.05,1,74,1.3,73,2,97.3,71,4,94.7,1,74,1.3,73,2,97.3
Campylobacter_Coli,75,0.1,27,48,36.0,74,1,98.7,72,3,96.0,25,50,33.3,74,1,98.7
Campylobacter_Coli,75,0.5,66,9,88.0,74,1,98.7,74,1,98.7,66,9,88.0,74,1,98.7
Campylobacter_Coli,75,1.0,73,2,97.3,74,1,98.7,74,1,98.7,73,2,97.3,74,1,98.7
Campylobacter_Fetus,12,0.01,1,11,8.3,0,12,0.0,10,2,83.3,0,12,0.0,10,2,83.3
Campylobacter_Fetus,12,0.05,9,3,75.0,9,3,75.0,11,1,91.7,6,6,50.0,12,0,100.0
Campylobacter_Fetus,12,0.1,12,0,100.0,11,1,91.7,11,1,91.7,11,1,91.7,12,0,100.0
Campylobacter_Fetus,12,0.5,12,0,100.0,11,1,91.7,12,0,100.0,11,1,91.7,12,0,100.0
Campylobacter_Fetus,12,1.0,12,0,100.0,12,0,100.0,12,0,100.0,12,0,100.0,12,0,100.0
Campylobacter_Jejuni,477,0.01,0,477,0.0,0,477,0.0,464,13,97.3,0,477,0.0,464,13,97.3
Campylobacter_Jejuni,477,0.05,3,474,0.6,471,6,98.7,467,10,97.9,3,474,0.6,471,6,98.7
Campylobacter_Jejuni,477,0.1,358,119,75.1,472,5,99.0,473,4,99.2,352,125,73.8,477,0,100.0
Campylobacter_Jejuni,477,0.5,477,0,100.0,475,2,99.6,476,1,99.8,475,2,99.6,477,0,100.0
Campylobacter_Jejuni,477,1.0,477,0,100.0,476,1,99.8,477,0,100.0,476,1,99.8,477,0,100.0
Candida_Albicans,1620,0.01,0,1620,0.0,0,1620,0.0,61,1559,3.8,0,1620,0.0,61,1559,3.8
Candida_Albicans,1620,0.05,156,1464,9.6,371,1249,22.9,83,1537,5.1,1,1619,0.1,371,1249,22.9
Candida_Albicans,1620,0.1,1538,82,94.9,460,1160,28.4,186,1434,11.5,168,1452,10.4,1566,54,96.7
Candida_Albicans,1620,0.5,1619,1,99.9,679,941,41.9,771,849,47.6,518,1102,32.0,1620,0,100.0
Candida_Albicans,1620,1.0,1620,0,100.0,814,806,50.2,1207,413,74.5,658,962,40.6,1620,0,100.0
Candida_Dubliniensis,72,0.01,0,72,0.0,0,72,0.0,1,71,1.4,0,72,0.0,1,71,1.4
Candida_Dubliniensis,72,0.05,9,63,12.5,15,57,20.8,1,71,1.4,0,72,0.0,15,57,20.8
Candida_Dubliniensis,72,0.1,67,5,93.1,22,50,30.6,3,69,4.2,3,69,4.2,68,4,94.4
Candida_Dubliniensis,72,0.5,72,0,100.0,33,39,45.8,30,42,41.7,23,49,31.9,72,0,100.0
Candida_Dubliniensis,72,1.0,72,0,100.0,41,31,56.9,45,27,62.5,32,40,44.4,72,0,100.0
Candida_Glabrata,666,0.01,1,665,0.2,0,666,0.0,92,574,13.8,0,666,0.0,92,574,13.8
Candida_Glabrata,666,0.05,167,499,25.1,324,342,48.6,117,549,17.6,4,662,0.6,326,340,48.9
Candida_Glabrata,666,0.1,640,26,96.1,375,291,56.3,192,474,28.8,157,509,23.6,660,6,99.1
Candida_Glabrata,666,0.5,666,0,100.0,485,181,72.8,395,271,59.3,323,343,48.5,666,0,100.0
Candida_Glabrata,666,1.0,666,0,100.0,526,140,79.0,445,221,66.8,364,302,54.7,666,0,100.0
Candida_Guilliermondii,10,0.01,0,10,0.0,0,10,0.0,0,10,0.0,0,10,0.0,0,10,0.0
Candida_Guilliermondii,10,0.05,0,10,0.0,2,8,20.0,1,9,10.0,0,10,0.0,2,8,20.0
Candida_Guilliermondii,10,0.1,10,0,100.0,6,4,60.0,3,7,30.0,2,8,20.0,10,0,100.0
Candida_Guilliermondii,10,0.5,10,0,100.0,8,2,80.0,9,1,90.0,8,2,80.0,10,0,100.0
Candida_Guilliermondii,10,1.0,10,0,100.0,8,2,80.0,9,1,90.0,8,2,80.0,10,0,100.0
Candida_Kefyr,52,0.01,0,52,0.0,0,52,0.0,13,39,25.0,0,52,0.0,13,39,25.0
Candida_Kefyr,52,0.05,5,47,9.6,22,30,42.3,14,38,26.9,0,52,0.0,22,30,42.3
Candida_Kefyr,52,0.1,49,3,94.2,29,23,55.8,17,35,32.7,16,36,30.8,50,2,96.2
Candida_Kefyr,52,0.5,52,0,100.0,35,17,67.3,37,15,71.2,30,22,57.7,52,0,100.0
Candida_Kefyr,52,1.0,52,0,100.0,39,13,75.0,43,9,82.7,34,18,65.4,52,0,100.0
Candida_Krusei,112,0.01,0,112,0.0,0,112,0.0,10,102,8.9,0,112,0.0,10,102,8.9
Candida_Krusei,112,0.05,20,92,17.9,65,47,58.0,12,100,10.7,0,112,0.0,65,47,58.0
Candida_Krusei,112,0.1,112,0,100.0,77,35,68.8,31,81,27.7,31,81,27.7,112,0,100.0
Candida_Krusei,112,0.5,112,0,100.0,90,22,80.4,80,32,71.4,70,42,62.5,112,0,100.0
Candida_Krusei,112,1.0,112,0,100.0,93,19,83.0,85,27,75.9,73,39,65.2,112,0,100.0
Candida_Lusitaniae,27,0.01,0,27,0.0,0,27,0.0,6,21,22.2,0,27,0.0,6,21,22.2
Candida_Lusitaniae,27,0.05,5,22,18.5,14,13,51.9,7,20,25.9,0,27,0.0,14,13,51.9
Candida_Lusitaniae,27,0.1,27,0,100.0,15,12,55.6,8,19,29.6,7,20,25.9,27,0,100.0
Candida_Lusitaniae,27,0.5,27,0,100.0,18,9,66.7,17,10,63.0,13,14,48.1,27,0,100.0
Candida_Lusitaniae,27,1.0,27,0,100.0,20,7,74.1,22,5,81.5,15,12,55.6,27,0,100.0
Candida_Parapsilosis,155,0.01,0,155,0.0,0,155,0.0,41,114,26.5,0,155,0.0,41,114,26.5
Candida_Parapsilosis,155,0.05,24,131,15.5,88,67,56.8,45,110,29.0,0,155,0.0,88,67,56.8
Candida_Parapsilosis,155,0.1,149,6,96.1,100,55,64.5,60,95,38.7,56,99,36.1,154,1,99.4
Candida_Parapsilosis,155,0.5,155,0,100.0,120,35,77.4,112,43,72.3,95,60,61.3,155,0,100.0
Candida_Parapsilosis,155,1.0,155,0,100.0,130,25,83.9,121,34,78.1,106,49,68.4,155,0,100.0
Candida_Tropicalis,206,0.01,0,206,0.0,0,206,0.0,11,195,5.3,0,206,0.0,11,195,5.3
Candida_Tropicalis,206,0.05,48,158,23.3,86,120,41.7,19,187,9.2,0,206,0.0,86,120,41.7
Candida_Tropicalis,206,0.1,182,24,88.3,99,107,48.1,32,174,15.5,30,176,14.6,189,17,91.7
Candida_Tropicalis,206,0.5,206,0,100.0,122,84,59.2,80,126,38.8,72,134,35.0,206,0,100.0
Candida_Tropicalis,206,1.0,206,0,100.0,135,71,65.5,127,79,61.7,87,119,42.2,206,0,100.0
Capnocytophaga_Sputigena,14,0.01,0,14,0.0,0,14,0.0,12,2,85.7,0,14,0.0,12,2,85.7
Capnocytophaga_Sputigena,14,0.05,1,13,7.1,13,1,92.9,13,1,92.9,0,14,0.0,14,0,100.0
Capnocytophaga_Sputigena,14,0.1,13,1,92.9,13,1,92.9,13,1,92.9,12,2,85.7,14,0,100.0
Capnocytophaga_Sputigena,14,0.5,14,0,100.0,14,0,100.0,14,0,100.0,14,0,100.0,14,0,100.0
Capnocytophaga_Sputigena,14,1.0,14,0,100.0,14,0,100.0,14,0,100.0,14,0,100.0,14,0,100.0
Chryseobacterium_Indologenes,20,0.01,0,20,0.0,0,20,0.0,14,6,70.0,0,20,0.0,14,6,70.0
Chryseobacterium_Indologenes,20,0.05,2,18,10.0,18,2,90.0,16,4,80.0,1,19,5.0,18,2,90.0
Chryseobacterium_Indologenes,20,0.1,19,1,95.0,19,1,95.0,18,2,90.0,17,3,85.0,20,0,100.0
Chryseobacterium_Indologenes,20,0.5,20,0,100.0,20,0,100.0,19,1,95.0,19,1,95.0,20,0,100.0
Chryseobacterium_Indologenes,20,1.0,20,0,100.0,20,0,100.0,19,1,95.0,19,1,95.0,20,0,100.0
Citrobacter_Amalonaticus,79,0.01,0,79,0.0,0,79,0.0,16,63,20.3,0,79,0.0,16,63,20.3
Citrobacter_Amalonaticus,79,0.05,13,66,16.5,38,41,48.1,20,59,25.3,5,74,6.3,46,33,58.2
Citrobacter_Amalonaticus,79,0.1,61,18,77.2,48,31,60.8,26,53,32.9,20,59,25.3,70,9,88.6
Citrobacter_Amalonaticus,79,0.5,78,1,98.7,67,12,84.8,56,23,70.9,52,27,65.8,79,0,100.0
Citrobacter_Amalonaticus,79,1.0,79,0,100.0,69,10,87.3,73,6,92.4,69,10,87.3,79,0,100.0
Citrobacter_Braakii,65,0.01,0,65,0.0,0,65,0.0,40,25,61.5,0,65,0.0,40,25,61.5
Citrobacter_Braakii,65,0.05,8,57,12.3,55,10,84.6,47,18,72.3,7,58,10.8,56,9,86.2
Citrobacter_Braakii,65,0.1,55,10,84.6,60,5,92.3,53,12,81.5,43,22,66.2,64,1,98.5
Citrobacter_Braakii,65,0.5,65,0,100.0,65,0,100.0,65,0,100.0,65,0,100.0,65,0,100.0
Citrobacter_Braakii,65,1.0,65,0,100.0,65,0,100.0,65,0,100.0,65,0,100.0,65,0,100.0
Citrobacter_Farmeri,10,0.01,0,10,0.0,0,10,0.0,0,10,0.0,0,10,0.0,0,10,0.0
Citrobacter_Farmeri,10,0.05,2,8,20.0,0,10,0.0,0,10,0.0,0,10,0.0,2,8,20.0
Citrobacter_Farmeri,10,0.1,7,3,70.0,2,8,20.0,1,9,10.0,1,9,10.0,7,3,70.0
Citrobacter_Farmeri,10,0.5,8,2,80.0,5,5,50.0,6,4,60.0,3,7,30.0,9,1,90.0
Citrobacter_Farmeri,10,1.0,8,2,80.0,7,3,70.0,6,4,60.0,5,5,50.0,9,1,90.0
Citrobacter_Freundii,1289,0.01,1,1288,0.1,0,1289,0.0,347,942,26.9,0,1289,0.0,348,941,27.0
Citrobacter_Freundii,1289,0.05,102,1187,7.9,1008,281,78.2,417,872,32.4,33,1256,2.6,1034,255,80.2
Citrobacter_Freundii,1289,0.1,1012,277,78.5,1106,183,85.8,612,677,47.5,476,813,36.9,1246,43,96.7
Citrobacter_Freundii,1289,0.5,1279,10,99.2,1239,50,96.1,1119,170,86.8,1097,192,85.1,1289,0,100.0
Citrobacter_Freundii,1289,1.0,1284,5,99.6,1266,23,98.2,1241,48,96.3,1227,62,95.2,1289,0,100.0
Citrobacter_Koseri,1767,0.01,0,1767,0.0,0,1767,0.0,103,1664,5.8,0,1767,0.0,103,1664,5.8
Citrobacter_Koseri,1767,0.05,12,1755,0.7,378,1389,21.4,141,1626,8.0,0,1767,0.0,401,1366,22.7
Citrobacter_Koseri,1767,0.1,94,1673,5.3,554,1213,31.4,278,1489,15.7,16,1751,0.9,647,1120,36.6
Citrobacter_Koseri,1767,0.5,691,1076,39.1,1100,667,62.3,928,839,52.5,193,1574,10.9,1519,248,86.0
Citrobacter_Koseri,1767,1.0,967,800,54.7,1348,419,76.3,1394,373,78.9,589,1178,33.3,1704,63,96.4
Clostridium_Difficile,18,0.01,0,18,0.0,0,18,0.0,13,5,72.2,0,18,0.0,13,5,72.2
Clostridium_Difficile,18,0.05,5,13,27.8,17,1,94.4,15,3,83.3,3,15,16.7,17,1,94.4
Clostridium_Difficile,18,0.1,17,1,94.4,18,0,100.0,18,0,100.0,17,1,94.4,18,0,100.0
Clostridium_Difficile,18,0.5,18,0,100.0,18,0,100.0,18,0,100.0,18,0,100.0,18,0,100.0
Clostridium_Difficile,18,1.0,18,0,100.0,18,0,100.0,18,0,100.0,18,0,100.0,18,0,100.0
Clostridium_Perfringens,21,0.01,4,17,19.0,0,21,0.0,16,5,76.2,0,21,0.0,16,5,76.2
Clostridium_Perfringens,21,0.05,12,9,57.1,18,3,85.7,16,5,76.2,11,10,52.4,19,2,90.5
Clostridium_Perfringens,21,0.1,21,0,100.0,19,2,90.5,16,5,76.2,16,5,76.2,21,0,100.0
Clostridium_Perfringens,21,0.5,21,0,100.0,19,2,90.5,19,2,90.5,19,2,90.5,21,0,100.0
Clostridium_Perfringens,21,1.0,21,0,100.0,19,2,90.5,21,0,100.0,19,2,90.5,21,0,100.0
Clostridium_Ramosum,10,0.01,0,10,0.0,0,10,0.0,7,3,70.0,0,10,0.0,7,3,70.0
Clostridium_Ramosum,10,0.05,1,9,10.0,8,2,80.0,7,3,70.0,0,10,0.0,8,2,80.0
Clostridium_Ramosum,10,0.1,5,5,50.0,10,0,100.0,8,2,80.0,4,6,40.0,10,0,100.0
Clostridium_Ramosum,10,0.5,10,0,100.0,10,0,100.0,9,1,90.0,9,1,90.0,10,0,100.0
Clostridium_Ramosum,10,1.0,10,0,100.0,10,0,100.0,9,1,90.0,9,1,90.0,10,0,100.0
Corynebacterium_Accolens,24,0.01,0,24,0.0,0,24,0.0,1,23,4.2,0,24,0.0,1,23,4.2
Corynebacterium_Accolens,24,0.05,4,20,16.7,8,16,33.3,1,23,4.2,0,24,0.0,8,16,33.3
Corynebacterium_Accolens,24,0.1,24,0,100.0,8,16,33.3,1,23,4.2,1,23,4.2,24,0,100.0
Corynebacterium_Accolens,24,0.5,24,0,100.0,9,15,37.5,6,18,25.0,5,19,20.8,24,0,100.0
Corynebacterium_Accolens,24,1.0,24,0,100.0,15,9,62.5,16,8,66.7,11,13,45.8,24,0,100.0
Corynebacterium_Afermentans,30,0.01,0,30,0.0,0,30,0.0,15,15,50.0,0,30,0.0,15,15,50.0
Corynebacterium_Afermentans,30,0.05,2,28,6.7,17,13,56.7,16,14,53.3,0,30,0.0,19,11,63.3
Corynebacterium_Afermentans,30,0.1,24,6,80.0,18,12,60.0,19,11,63.3,13,17,43.3,29,1,96.7
Corynebacterium_Afermentans,30,0.5,30,0,100.0,22,8,73.3,22,8,73.3,22,8,73.3,30,0,100.0
Corynebacterium_Afermentans,30,1.0,30,0,100.0,22,8,73.3,26,4,86.7,22,8,73.3,30,0,100.0
Corynebacterium_Amycolatum,253,0.01,7,246,2.8,0,253,0.0,62,191,24.5,0,253,0.0,62,191,24.5
Corynebacterium_Amycolatum,253,0.05,62,191,24.5,144,109,56.9,72,181,28.5,24,229,9.5,148,105,58.5
Corynebacterium_Amycolatum,253,0.1,176,77,69.6,161,92,63.6,87,166,34.4,63,190,24.9,227,26,89.7
Corynebacterium_Amycolatum,253,0.5,253,0,100.0,200,53,79.1,130,123,51.4,127,126,50.2,253,0,100.0
Corynebacterium_Amycolatum,253,1.0,253,0,100.0,218,35,86.2,180,73,71.1,174,79,68.8,253,0,100.0
Corynebacterium_Aurimucosum,66,0.01,2,64,3.0,0,66,0.0,33,33,50.0,0,66,0.0,33,33,50.0
Corynebacterium_Aurimucosum,66,0.05,20,46,30.3,55,11,83.3,36,30,54.5,5,61,7.6,56,10,84.8
Corynebacterium_Aurimucosum,66,0.1,65,1,98.5,60,6,90.9,43,23,65.2,42,24,63.6,65,1,98.5
Corynebacterium_Aurimucosum,66,0.5,66,0,100.0,62,4,93.9,49,17,74.2,49,17,74.2,66,0,100.0
Corynebacterium_Aurimucosum,66,1.0,66,0,100.0,64,2,97.0,52,14,78.8,50,16,75.8,66,0,100.0
Corynebacterium_Coyleae,23,0.01,0,23,0.0,0,23,0.0,7,16,30.4,0,23,0.0,7,16,30.4
Corynebacterium_Coyleae,23,0.05,1,22,4.3,12,11,52.2,9,14,39.1,0,23,0.0,12,11,52.2
Corynebacterium_Coyleae,23,0.1,21,2,91.3,13,10,56.5,11,12,47.8,9,14,39.1,22,1,95.7
Corynebacterium_Coyleae,23,0.5,23,0,100.0,17,6,73.9,16,7,69.6,16,7,69.6,23,0,100.0
Corynebacterium_Coyleae,23,1.0,23,0,100.0,17,6,73.9,17,6,73.9,16,7,69.6,23,0,100.0
Corynebacterium_Diphtheriae,17,0.01,0,17,0.0,0,17,0.0,14,3,82.4,0,17,0.0,14,3,82.4
Corynebacterium_Diphtheriae,17,0.05,0,17,0.0,17,0,100.0,16,1,94.1,0,17,0.0,17,0,100.0
Corynebacterium_Diphtheriae,17,0.1,15,2,88.2,17,0,100.0,16,1,94.1,14,3,82.4,17,0,100.0
Corynebacterium_Diphtheriae,17,0.5,17,0,100.0,17,0,100.0,17,0,100.0,17,0,100.0,17,0,100.0
Corynebacterium_Diphtheriae,17,1.0,17,0,100.0,17,0,100.0,17,0,100.0,17,0,100.0,17,0,100.0
Corynebacterium_Glucuronolyticum,32,0.01,1,31,3.1,0,32,0.0,17,15,53.1,0,32,0.0,17,15,53.1
Corynebacterium_Glucuronolyticum,32,0.05,2,30,6.2,23,9,71.9,18,14,56.2,1,31,3.1,23,9,71.9
Corynebacterium_Glucuronolyticum,32,0.1,13,19,40.6,27,5,84.4,22,10,68.8,10,22,31.2,29,3,90.6
Corynebacterium_Glucuronolyticum,32,0.5,31,1,96.9,28,4,87.5,26,6,81.2,25,7,78.1,32,0,100.0
Corynebacterium_Glucuronolyticum,32,1.0,32,0,100.0,28,4,87.5,29,3,90.6,27,5,84.4,32,0,100.0
Corynebacterium_Imitans,12,0.01,0,12,0.0,0,12,0.0,2,10,16.7,0,12,0.0,2,10,16.7
Corynebacterium_Imitans,12,0.05,2,10,16.7,8,4,66.7,3,9,25.0,0,12,0.0,8,4,66.7
Corynebacterium_Imitans,12,0.1,10,2,83.3,8,4,66.7,4,8,33.3,3,9,25.0,11,1,91.7
Corynebacterium_Imitans,12,0.5,12,0,100.0,8,4,66.7,8,4,66.7,6,6,50.0,12,0,100.0
Corynebacterium_Imitans,12,1.0,12,0,100.0,9,3,75.0,10,2,83.3,7,5,58.3,12,0,100.0
Corynebacterium_Jeikeium,37,0.01,1,36,2.7,0,37,0.0,20,17,54.1,0,37,0.0,21,16,56.8
Corynebacterium_Jeikeium,37,0.05,7,30,18.9,22,15,59.5,21,16,56.8,4,33,10.8,26,11,70.3
Corynebacterium_Jeikeium,37,0.1,35,2,94.6,24,13,64.9,23,14,62.2,19,18,51.4,36,1,97.3
Corynebacterium_Jeikeium,37,0.5,37,0,100.0,29,8,78.4,30,7,81.1,29,8,78.4,37,0,100.0
Corynebacterium_Jeikeium,37,1.0,37,0,100.0,30,7,81.1,35,2,94.6,30,7,81.1,37,0,100.0
Corynebacterium_Kroppenstedtii,14,0.01,0,14,0.0,0,14,0.0,6,8,42.9,0,14,0.0,6,8,42.9
Corynebacterium_Kroppenstedtii,14,0.05,3,11,21.4,8,6,57.1,6,8,42.9,0,14,0.0,9,5,64.3
Corynebacterium_Kroppenstedtii,14,0.1,14,0,100.0,9,5,64.3,7,7,50.0,7,7,50.0,14,0,100.0
Corynebacterium_Kroppenstedtii,14,0.5,14,0,100.0,10,4,71.4,9,5,64.3,8,6,57.1,14,0,100.0
Corynebacterium_Kroppenstedtii,14,1.0,14,0,100.0,10,4,71.4,9,5,64.3,8,6,57.1,14,0,100.0
Corynebacterium_Propinquum,42,0.01,0,42,0.0,0,42,0.0,18,24,42.9,0,42,0.0,18,24,42.9
Corynebacterium_Propinquum,42,0.05,2,40,4.8,30,12,71.4,18,24,42.9,0,42,0.0,30,12,71.4
Corynebacterium_Propinquum,42,0.1,19,23,45.2,34,8,81.0,22,20,52.4,8,34,19.0,40,2,95.2
Corynebacterium_Propinquum,42,0.5,33,9,78.6,38,4,90.5,38,4,90.5,27,15,64.3,42,0,100.0
Corynebacterium_Propinquum,42,1.0,40,2,95.2,40,2,95.2,40,2,95.2,36,6,85.7,42,0,100.0
Corynebacterium_Pseudodiphtheriticum,36,0.01,0,36,0.0,0,36,0.0,16,20,44.4,0,36,0.0,16,20,44.4
Corynebacterium_Pseudodiphtheriticum,36,0.05,3,33,8.3,30,6,83.3,18,18,50.0,0,36,0.0,30,6,83.3
Corynebacterium_Pseudodiphtheriticum,36,0.1,26,10,72.2,34,2,94.4,21,15,58.3,13,23,36.1,36,0,100.0
Corynebacterium_Pseudodiphtheriticum,36,0.5,36,0,100.0,36,0,100.0,32,4,88.9,32,4,88.9,36,0,100.0
Corynebacterium_Pseudodiphtheriticum,36,1.0,36,0,100.0,36,0,100.0,33,3,91.7,33,3,91.7,36,0,100.0
Corynebacterium_Simulans,51,0.01,1,50,2.0,0,51,0.0,24,27,47.1,0,51,0.0,24,27,47.1
Corynebacterium_Simulans,51,0.05,15,36,29.4,34,17,66.7,25,26,49.0,9,42,17.6,37,14,72.5
Corynebacterium_Simulans,51,0.1,51,0,100.0,36,15,70.6,33,18,64.7,30,21,58.8,51,0,100.0
Corynebacterium_Simulans,51,0.5,51,0,100.0,41,10,80.4,43,8,84.3,39,12,76.5,51,0,100.0
Corynebacterium_Simulans,51,1.0,51,0,100.0,43,8,84.3,46,5,90.2,41,10,80.4,51,0,100.0
Corynebacterium_Species,80,0.01,0,80,0.0,0,80,0.0,3,77,3.8,0,80,0.0,3,77,3.8
Corynebacterium_Species,80,0.05,14,66,17.5,30,50,37.5,3,77,3.8,0,80,0.0,30,50,37.5
Corynebacterium_Species,80,0.1,78,2,97.5,31,49,38.8,7,73,8.8,7,73,8.8,79,1,98.8
Corynebacterium_Species,80,0.5,80,0,100.0,39,41,48.8,26,54,32.5,24,56,30.0,80,0,100.0
Corynebacterium_Species,80,1.0,80,0,100.0,44,36,55.0,42,38,52.5,30,50,37.5,80,0,100.0
Corynebacterium_Striatum,306,0.01,4,302,1.3,0,306,0.0,99,207,32.4,0,306,0.0,99,207,32.4
Corynebacterium_Striatum,306,0.05,86,220,28.1,237,69,77.5,113,193,36.9,23,283,7.5,238,68,77.8
Corynebacterium_Striatum,306,0.1,304,2,99.3,249,57,81.4,149,157,48.7,147,159,48.0,306,0,100.0
Corynebacterium_Striatum,306,0.5,306,0,100.0,272,34,88.9,209,97,68.3,208,98,68.0,306,0,100.0
Corynebacterium_Striatum,306,1.0,306,0,100.0,280,26,91.5,233,73,76.1,222,84,72.5,306,0,100.0
Corynebacterium_Tuberculostearicum,275,0.01,0,275,0.0,0,275,0.0,75,200,27.3,0,275,0.0,75,200,27.3
Corynebacterium_Tuberculostearicum,275,0.05,61,214,22.2,122,153,44.4,89,186,32.4,21,254,7.6,144,131,52.4
Corynebacterium_Tuberculostearicum,275,0.1,266,9,96.7,139,136,50.5,118,157,42.9,102,173,37.1,273,2,99.3
Corynebacterium_Tuberculostearicum,275,0.5,275,0,100.0,175,100,63.6,188,87,68.4,157,118,57.1,275,0,100.0
Corynebacterium_Tuberculostearicum,275,1.0,275,0,100.0,200,75,72.7,218,57,79.3,184,91,66.9,275,0,100.0
Corynebacterium_Urealyticum,21,0.01,0,21,0.0,0,21,0.0,6,15,28.6,0,21,0.0,6,15,28.6
Corynebacterium_Urealyticum,21,0.05,3,18,14.3,13,8,61.9,6,15,28.6,3,18,14.3,13,8,61.9
Corynebacterium_Urealyticum,21,0.1,20,1,95.2,14,7,66.7,11,10,52.4,11,10,52.4,21,0,100.0
Corynebacterium_Urealyticum,21,0.5,21,0,100.0,19,2,90.5,19,2,90.5,19,2,90.5,21,0,100.0
Corynebacterium_Urealyticum,21,1.0,21,0,100.0,19,2,90.5,21,0,100.0,19,2,90.5,21,0,100.0
Cutibacterium_Acnes,69,0.01,0,69,0.0,0,69,0.0,4,65,5.8,0,69,0.0,4,65,5.8
Cutibacterium_Acnes,69,0.05,12,57,17.4,35,34,50.7,4,65,5.8,0,69,0.0,35,34,50.7
Cutibacterium_Acnes,69,0.1,67,2,97.1,38,31,55.1,6,63,8.7,6,63,8.7,67,2,97.1
Cutibacterium_Acnes,69,0.5,69,0,100.0,50,19,72.5,28,41,40.6,28,41,40.6,69,0,100.0
Cutibacterium_Acnes,69,1.0,69,0,100.0,53,16,76.8,42,27,60.9,41,28,59.4,69,0,100.0
Cytobacillus_Firmus,22,0.01,0,22,0.0,0,22,0.0,22,0,100.0,0,22,0.0,22,0,100.0
Cytobacillus_Firmus,22,0.05,0,22,0.0,22,0,100.0,22,0,100.0,0,22,0.0,22,0,100.0
Cytobacillus_Firmus,22,0.1,18,4,81.8,22,0,100.0,22,0,100.0,18,4,81.8,22,0,100.0
Cytobacillus_Firmus,22,0.5,22,0,100.0,22,0,100.0,22,0,100.0,22,0,100.0,22,0,100.0
Cytobacillus_Firmus,22,1.0,22,0,100.0,22,0,100.0,22,0,100.0,22,0,100.0,22,0,100.0
Cytobacillus_Horneckiae,26,0.01,0,26,0.0,0,26,0.0,21,5,80.8,0,26,0.0,21,5,80.8
Cytobacillus_Horneckiae,26,0.05,7,19,26.9,24,2,92.3,23,3,88.5,7,19,26.9,24,2,92.3
Cytobacillus_Horneckiae,26,0.1,18,8,69.2,24,2,92.3,25,1,96.2,17,9,65.4,25,1,96.2
Cytobacillus_Horneckiae,26,0.5,26,0,100.0,26,0,100.0,26,0,100.0,26,0,100.0,26,0,100.0
Cytobacillus_Horneckiae,26,1.0,26,0,100.0,26,0,100.0,26,0,100.0,26,0,100.0,26,0,100.0
Delftia_Acidovorans,16,0.01,0,16,0.0,0,16,0.0,11,5,68.8,0,16,0.0,11,5,68.8
Delftia_Acidovorans,16,0.05,0,16,0.0,15,1,93.8,12,4,75.0,0,16,0.0,15,1,93.8
Delftia_Acidovorans,16,0.1,10,6,62.5,15,1,93.8,15,1,93.8,9,7,56.2,16,0,100.0
Delftia_Acidovorans,16,0.5,16,0,100.0,16,0,100.0,16,0,100.0,16,0,100.0,16,0,100.0
Delftia_Acidovorans,16,1.0,16,0,100.0,16,0,100.0,16,0,100.0,16,0,100.0,16,0,100.0
Dermabacter_Hominis,49,0.01,0,49,0.0,0,49,0.0,43,6,87.8,0,49,0.0,43,6,87.8
Dermabacter_Hominis,49,0.05,1,48,2.0,46,3,93.9,46,3,93.9,1,48,2.0,46,3,93.9
Dermabacter_Hominis,49,0.1,29,20,59.2,46,3,93.9,47,2,95.9,28,21,57.1,47,2,95.9
Dermabacter_Hominis,49,0.5,48,1,98.0,48,1,98.0,48,1,98.0,47,2,95.9,49,0,100.0
Dermabacter_Hominis,49,1.0,49,0,100.0,48,1,98.0,49,0,100.0,48,1,98.0,49,0,100.0
Eggerthella_Lenta,13,0.01,0,13,0.0,0,13,0.0,10,3,76.9,0,13,0.0,10,3,76.9
Eggerthella_Lenta,13,0.05,0,13,0.0,12,1,92.3,12,1,92.3,0,13,0.0,12,1,92.3
Eggerthella_Lenta,13,0.1,8,5,61.5,12,1,92.3,13,0,100.0,7,6,53.8,13,0,100.0
Eggerthella_Lenta,13,0.5,13,0,100.0,13,0,100.0,13,0,100.0,13,0,100.0,13,0,100.0
Eggerthella_Lenta,13,1.0,13,0,100.0,13,0,100.0,13,0,100.0,13,0,100.0,13,0,100.0
Eikenella_Corrodens,53,0.01,1,52,1.9,0,53,0.0,50,3,94.3,0,53,0.0,50,3,94.3
Eikenella_Corrodens,53,0.05,6,47,11.3,52,1,98.1,51,2,96.2,6,47,11.3,52,1,98.1
Eikenella_Corrodens,53,0.1,33,20,62.3,53,0,100.0,53,0,100.0,33,20,62.3,53,0,100.0
Eikenella_Corrodens,53,0.5,51,2,96.2,53,0,100.0,53,0,100.0,51,2,96.2,53,0,100.0
Eikenella_Corrodens,53,1.0,53,0,100.0,53,0,100.0,53,0,100.0,53,0,100.0,53,0,100.0
Enterobacter_Aerogenes,433,0.01,1,432,0.2,0,433,0.0,78,355,18.0,0,433,0.0,79,354,18.2
Enterobacter_Aerogenes,433,0.05,2,431,0.5,74,359,17.1,100,333,23.1,0,433,0.0,129,304,29.8
Enterobacter_Aerogenes,433,0.1,6,427,1.4,109,324,25.2,159,274,36.7,0,433,0.0,187,246,43.2
Enterobacter_Aerogenes,433,0.5,17,416,3.9,221,212,51.0,364,69,84.1,15,418,3.5,375,58,86.6
Enterobacter_Aerogenes,433,1.0,31,402,7.2,275,158,63.5,410,23,94.7,26,407,6.0,414,19,95.6
Enterobacter_Bugandensis,48,0.01,0,48,0.0,0,48,0.0,0,48,0.0,0,48,0.0,0,48,0.0
Enterobacter_Bugandensis,48,0.05,0,48,0.0,1,47,2.1,0,48,0.0,0,48,0.0,1,47,2.1
Enterobacter_Bugandensis,48,0.1,0,48,0.0,1,47,2.1,1,47,2.1,0,48,0.0,2,46,4.2
Enterobacter_Bugandensis,48,0.5,1,47,2.1,4,44,8.3,5,43,10.4,0,48,0.0,7,41,14.6
Enterobacter_Bugandensis,48,1.0,1,47,2.1,5,43,10.4,20,28,41.7,0,48,0.0,20,28,41.7
Enterococcus_Avium,251,0.01,0,251,0.0,0,251,0.0,107,144,42.6,0,251,0.0,107,144,42.6
Enterococcus_Avium,251,0.05,21,230,8.4,187,64,74.5,120,131,47.8,0,251,0.0,187,64,74.5
Enterococcus_Avium,251,0.1,109,142,43.4,200,51,79.7,145,106,57.8,44,207,17.5,220,31,87.6
Enterococcus_Avium,251,0.5,207,44,82.5,220,31,87.6,200,51,79.7,155,96,61.8,250,1,99.6
Enterococcus_Avium,251,1.0,242,9,96.4,228,23,90.8,218,33,86.9,198,53,78.9,251,0,100.0
Enterococcus_Casseliflavus,71,0.01,0,71,0.0,0,71,0.0,19,52,26.8,0,71,0.0,19,52,26.8
Enterococcus_Casseliflavus,71,0.05,1,70,1.4,49,22,69.0,25,46,35.2,0,71,0.0,49,22,69.0
Enterococcus_Casseliflavus,71,0.1,4,67,5.6,55,16,77.5,30,41,42.3,1,70,1.4,56,15,78.9
Enterococcus_Casseliflavus,71,0.5,66,5,93.0,64,7,90.1,56,15,78.9,51,20,71.8,71,0,100.0
Enterococcus_Casseliflavus,71,1.0,70,1,98.6,67,4,94.4,67,4,94.4,65,6,91.5,71,0,100.0
Enterococcus_Dispar,35,0.01,0,35,0.0,0,35,0.0,5,30,14.3,0,35,0.0,5,30,14.3
Enterococcus_Dispar,35,0.05,2,33,5.7,12,23,34.3,7,28,20.0,0,35,0.0,15,20,42.9
Enterococcus_Dispar,35,0.1,8,27,22.9,16,19,45.7,12,23,34.3,1,34,2.9,24,11,68.6
Enterococcus_Dispar,35,0.5,18,17,51.4,23,12,65.7,29,6,82.9,14,21,40.0,31,4,88.6
Enterococcus_Dispar,35,1.0,22,13,62.9,26,9,74.3,33,2,94.3,19,16,54.3,33,2,94.3
Enterococcus_Durans,26,0.01,0,26,0.0,0,26,0.0,5,21,19.2,0,26,0.0,5,21,19.2
Enterococcus_Durans,26,0.05,2,24,7.7,16,10,61.5,6,20,23.1,0,26,0.0,16,10,61.5
Enterococcus_Durans,26,0.1,3,23,11.5,17,9,65.4,9,17,34.6,0,26,0.0,17,9,65.4
Enterococcus_Durans,26,0.5,12,14,46.2,17,9,65.4,16,10,61.5,4,22,15.4,24,2,92.3
Enterococcus_Durans,26,1.0,12,14,46.2,20,6,76.9,17,9,65.4,4,22,15.4,25,1,96.2
Enterococcus_Faecalis,9948,0.01,9,9939,0.1,0,9948,0.0,1030,8918,10.4,0,9948,0.0,1037,8911,10.4
Enterococcus_Faecalis,9948,0.05,169,9779,1.7,5933,4015,59.6,1310,8638,13.2,8,9940,0.1,5937,4011,59.7
Enterococcus_Faecalis,9948,0.1,742,9206,7.5,6575,3373,66.1,2187,7761,22.0,258,9690,2.6,6734,3214,67.7
Enterococcus_Faecalis,9948,0.5,8670,1278,87.2,7761,2187,78.0,7132,2816,71.7,5798,4150,58.3,9928,20,99.8
Enterococcus_Faecalis,9948,1.0,9643,305,96.9,8303,1645,83.5,8671,1277,87.2,7838,2110,78.8,9947,1,100.0
Enterococcus_Gallinarum,81,0.01,0,81,0.0,0,81,0.0,9,72,11.1,0,81,0.0,9,72,11.1
Enterococcus_Gallinarum,81,0.05,6,75,7.4,49,32,60.5,15,66,18.5,0,81,0.0,49,32,60.5
Enterococcus_Gallinarum,81,0.1,42,39,51.9,58,23,71.6,22,59,27.2,11,70,13.6,68,13,84.0
Enterococcus_Gallinarum,81,0.5,78,3,96.3,71,10,87.7,62,19,76.5,59,22,72.8,81,0,100.0
Enterococcus_Gallinarum,81,1.0,79,2,97.5,73,8,90.1,70,11,86.4,65,16,80.2,81,0,100.0
Enterococcus_Hirae,73,0.01,0,73,0.0,0,73,0.0,19,54,26.0,0,73,0.0,19,54,26.0
Enterococcus_Hirae,73,0.05,1,72,1.4,63,10,86.3,27,46,37.0,0,73,0.0,63,10,86.3
Enterococcus_Hirae,73,0.1,1,72,1.4,68,5,93.2,41,32,56.2,0,73,0.0,68,5,93.2
Enterococcus_Hirae,73,0.5,31,42,42.5,70,3,95.9,66,7,90.4,24,49,32.9,73,0,100.0
Enterococcus_Hirae,73,1.0,31,42,42.5,73,0,100.0,71,2,97.3,29,44,39.7,73,0,100.0
Enterococcus_Malodoratus,17,0.01,0,17,0.0,0,17,0.0,9,8,52.9,0,17,0.0,9,8,52.9
Enterococcus_Malodoratus,17,0.05,4,13,23.5,13,4,76.5,9,8,52.9,0,17,0.0,13,4,76.5
Enterococcus_Malodoratus,17,0.1,12,5,70.6,13,4,76.5,9,8,52.9,5,12,29.4,16,1,94.1
Enterococcus_Malodoratus,17,0.5,17,0,100.0,15,2,88.2,11,6,64.7,11,6,64.7,17,0,100.0
Enterococcus_Malodoratus,17,1.0,17,0,100.0,15,2,88.2,11,6,64.7,11,6,64.7,17,0,100.0
Enterococcus_Raffinosus,31,0.01,0,31,0.0,0,31,0.0,19,12,61.3,0,31,0.0,19,12,61.3
Enterococcus_Raffinosus,31,0.05,1,30,3.2,27,4,87.1,21,10,67.7,0,31,0.0,27,4,87.1
Enterococcus_Raffinosus,31,0.1,4,27,12.9,28,3,90.3,22,9,71.0,0,31,0.0,29,2,93.5
Enterococcus_Raffinosus,31,0.5,17,14,54.8,28,3,90.3,27,4,87.1,13,18,41.9,31,0,100.0
Enterococcus_Raffinosus,31,1.0,25,6,80.6,28,3,90.3,28,3,90.3,21,10,67.7,31,0,100.0
Erwinia_Amylovora,12,0.01,0,12,0.0,0,12,0.0,11,1,91.7,0,12,0.0,11,1,91.7
Erwinia_Amylovora,12,0.05,0,12,0.0,12,0,100.0,12,0,100.0,0,12,0.0,12,0,100.0
Erwinia_Amylovora,12,0.1,2,10,16.7,12,0,100.0,12,0,100.0,2,10,16.7,12,0,100.0
Erwinia_Amylovora,12,0.5,12,0,100.0,12,0,100.0,12,0,100.0,12,0,100.0,12,0,100.0
Erwinia_Amylovora,12,1.0,12,0,100.0,12,0,100.0,12,0,100.0,12,0,100.0,12,0,100.0
Escherichia_Hermannii,21,0.01,0,21,0.0,0,21,0.0,7,14,33.3,0,21,0.0,7,14,33.3
Escherichia_Hermannii,21,0.05,1,20,4.8,13,8,61.9,8,13,38.1,0,21,0.0,13,8,61.9
Escherichia_Hermannii,21,0.1,13,8,61.9,15,6,71.4,10,11,47.6,8,13,38.1,18,3,85.7
Escherichia_Hermannii,21,0.5,21,0,100.0,17,4,81.0,16,5,76.2,14,7,66.7,21,0,100.0
Escherichia_Hermannii,21,1.0,21,0,100.0,18,3,85.7,18,3,85.7,17,4,81.0,21,0,100.0
Evansella_Clarkii,24,0.01,0,24,0.0,0,24,0.0,24,0,100.0,0,24,0.0,24,0,100.0
Evansella_Clarkii,24,0.05,0,24,0.0,24,0,100.0,24,0,100.0,0,24,0.0,24,0,100.0
Evansella_Clarkii,24,0.1,24,0,100.0,24,0,100.0,24,0,100.0,24,0,100.0,24,0,100.0
Evansella_Clarkii,24,0.5,24,0,100.0,24,0,100.0,24,0,100.0,24,0,100.0,24,0,100.0
Evansella_Clarkii,24,1.0,24,0,100.0,24,0,100.0,24,0,100.0,24,0,100.0,24,0,100.0
Finegoldia_Magna,83,0.01,0,83,0.0,0,83,0.0,75,8,90.4,0,83,0.0,75,8,90.4
Finegoldia_Magna,83,0.05,3,80,3.6,77,6,92.8,79,4,95.2,3,80,3.6,79,4,95.2
Finegoldia_Magna,83,0.1,70,13,84.3,78,5,94.0,80,3,96.4,67,16,80.7,82,1,98.8
Finegoldia_Magna,83,0.5,83,0,100.0,82,1,98.8,83,0,100.0,82,1,98.8,83,0,100.0
Finegoldia_Magna,83,1.0,83,0,100.0,83,0,100.0,83,0,100.0,83,0,100.0,83,0,100.0
Francisella_Hispaniensis,12,0.01,0,12,0.0,0,12,0.0,12,0,100.0,0,12,0.0,12,0,100.0
Francisella_Hispaniensis,12,0.05,0,12,0.0,12,0,100.0,12,0,100.0,0,12,0.0,12,0,100.0
Francisella_Hispaniensis,12,0.1,12,0,100.0,12,0,100.0,12,0,100.0,12,0,100.0,12,0,100.0
Francisella_Hispaniensis,12,0.5,12,0,100.0,12,0,100.0,12,0,100.0,12,0,100.0,12,0,100.0
Francisella_Hispaniensis,12,1.0,12,0,100.0,12,0,100.0,12,0,100.0,12,0,100.0,12,0,100.0
Francisella_Noatunensis,24,0.01,0,24,0.0,0,24,0.0,24,0,100.0,0,24,0.0,24,0,100.0
Francisella_Noatunensis,24,0.05,0,24,0.0,24,0,100.0,24,0,100.0,0,24,0.0,24,0,100.0
Francisella_Noatunensis,24,0.1,11,13,45.8,24,0,100.0,24,0,100.0,11,13,45.8,24,0,100.0
Francisella_Noatunensis,24,0.5,24,0,100.0,24,0,100.0,24,0,100.0,24,0,100.0,24,0,100.0
Francisella_Noatunensis,24,1.0,24,0,100.0,24,0,100.0,24,0,100.0,24,0,100.0,24,0,100.0
Francisella_Orientalis,12,0.01,0,12,0.0,0,12,0.0,12,0,100.0,0,12,0.0,12,0,100.0
Francisella_Orientalis,12,0.05,0,12,0.0,12,0,100.0,12,0,100.0,0,12,0.0,12,0,100.0
Francisella_Orientalis,12,0.1,1,11,8.3,12,0,100.0,12,0,100.0,1,11,8.3,12,0,100.0
Francisella_Orientalis,12,0.5,12,0,100.0,12,0,100.0,12,0,100.0,12,0,100.0,12,0,100.0
Francisella_Orientalis,12,1.0,12,0,100.0,12,0,100.0,12,0,100.0,12,0,100.0,12,0,100.0
Francisella_Philomiragia,16,0.01,0,16,0.0,0,16,0.0,16,0,100.0,0,16,0.0,16,0,100.0
Francisella_Philomiragia,16,0.05,2,14,12.5,16,0,100.0,16,0,100.0,2,14,12.5,16,0,100.0
Francisella_Philomiragia,16,0.1,13,3,81.2,16,0,100.0,16,0,100.0,13,3,81.2,16,0,100.0
Francisella_Philomiragia,16,0.5,16,0,100.0,16,0,100.0,16,0,100.0,16,0,100.0,16,0,100.0
Francisella_Philomiragia,16,1.0,16,0,100.0,16,0,100.0,16,0,100.0,16,0,100.0,16,0,100.0
Francisella_Tularensis,287,0.01,0,287,0.0,0,287,0.0,276,11,96.2,0,287,0.0,276,11,96.2
Francisella_Tularensis,287,0.05,4,283,1.4,287,0,100.0,286,1,99.7,4,283,1.4,287,0,100.0
Francisella_Tularensis,287,0.1,93,194,32.4,287,0,100.0,287,0,100.0,93,194,32.4,287,0,100.0
Francisella_Tularensis,287,0.5,213,74,74.2,287,0,100.0,287,0,100.0,213,74,74.2,287,0,100.0
Francisella_Tularensis,287,1.0,256,31,89.2,287,0,100.0,287,0,100.0,256,31,89.2,287,0,100.0
Gemella_Haemolysans,11,0.01,0,11,0.0,0,11,0.0,8,3,72.7,0,11,0.0,8,3,72.7
Gemella_Haemolysans,11,0.05,2,9,18.2,9,2,81.8,8,3,72.7,1,10,9.1,9,2,81.8
Gemella_Haemolysans,11,0.1,11,0,100.0,9,2,81.8,9,2,81.8,9,2,81.8,11,0,100.0
Gemella_Haemolysans,11,0.5,11,0,100.0,9,2,81.8,10,1,90.9,9,2,81.8,11,0,100.0
Gemella_Haemolysans,11,1.0,11,0,100.0,9,2,81.8,11,0,100.0,9,2,81.8,11,0,100.0
Granulicatella_Adiacens,29,0.01,0,29,0.0,0,29,0.0,18,11,62.1,0,29,0.0,18,11,62.1
Granulicatella_Adiacens,29,0.05,5,24,17.2,24,5,82.8,20,9,69.0,4,25,13.8,24,5,82.8
Granulicatella_Adiacens,29,0.1,29,0,100.0,27,2,93.1,25,4,86.2,25,4,86.2,29,0,100.0
Granulicatella_Adiacens,29,0.5,29,0,100.0,28,1,96.6,29,0,100.0,28,1,96.6,29,0,100.0
Granulicatella_Adiacens,29,1.0,29,0,100.0,29,0,100.0,29,0,100.0,29,0,100.0,29,0,100.0
Haemophilus_Haemolyticus,26,0.01,0,26,0.0,0,26,0.0,16,10,61.5,0,26,0.0,16,10,61.5
Haemophilus_Haemolyticus,26,0.05,0,26,0.0,24,2,92.3,19,7,73.1,0,26,0.0,24,2,92.3
Haemophilus_Haemolyticus,26,0.1,10,16,38.5,24,2,92.3,20,6,76.9,7,19,26.9,25,1,96.2
Haemophilus_Haemolyticus,26,0.5,25,1,96.2,25,1,96.2,26,0,100.0,24,2,92.3,26,0,100.0
Haemophilus_Haemolyticus,26,1.0,26,0,100.0,25,1,96.2,26,0,100.0,25,1,96.2,26,0,100.0
Haemophilus_Influenzae,1007,0.01,0,1007,0.0,0,1007,0.0,777,230,77.2,0,1007,0.0,777,230,77.2
Haemophilus_Influenzae,1007,0.05,5,1002,0.5,937,70,93.0,849,158,84.3,3,1004,0.3,944,63,93.7
Haemophilus_Influenzae,1007,0.1,296,711,29.4,963,44,95.6,929,78,92.3,251,756,24.9,1000,7,99.3
Haemophilus_Influenzae,1007,0.5,665,342,66.0,994,13,98.7,1001,6,99.4,649,358,64.4,1007,0,100.0
Haemophilus_Influenzae,1007,1.0,836,171,83.0,1000,7,99.3,1003,4,99.6,827,180,82.1,1007,0,100.0
Haemophilus_Parahaemolyticus,13,0.01,0,13,0.0,0,13,0.0,11,2,84.6,0,13,0.0,11,2,84.6
Haemophilus_Parahaemolyticus,13,0.05,0,13,0.0,13,0,100.0,12,1,92.3,0,13,0.0,13,0,100.0
Haemophilus_Parahaemolyticus,13,0.1,5,8,38.5,13,0,100.0,12,1,92.3,5,8,38.5,13,0,100.0
Haemophilus_Parahaemolyticus,13,0.5,13,0,100.0,13,0,100.0,13,0,100.0,13,0,100.0,13,0,100.0
Haemophilus_Parahaemolyticus,13,1.0,13,0,100.0,13,0,100.0,13,0,100.0,13,0,100.0,13,0,100.0
Haemophilus_Parainfluenzae,267,0.01,2,265,0.7,0,267,0.0,144,123,53.9,0,267,0.0,145,122,54.3
Haemophilus_Parainfluenzae,267,0.05,26,241,9.7,251,16,94.0,174,93,65.2,13,254,4.9,254,13,95.1
Haemophilus_Parainfluenzae,267,0.1,171,96,64.0,258,9,96.6,203,64,76.0,118,149,44.2,266,1,99.6
Haemophilus_Parainfluenzae,267,0.5,260,7,97.4,261,6,97.8,259,8,97.0,249,18,93.3,267,0,100.0
Haemophilus_Parainfluenzae,267,1.0,265,2,99.3,262,5,98.1,263,4,98.5,258,9,96.6,267,0,100.0
Hafnia_Alvei,245,0.01,0,245,0.0,0,245,0.0,130,115,53.1,0,245,0.0,130,115,53.1
Hafnia_Alvei,245,0.05,3,242,1.2,220,25,89.8,143,102,58.4,1,244,0.4,220,25,89.8
Hafnia_Alvei,245,0.1,187,58,76.3,226,19,92.2,178,67,72.7,128,117,52.2,243,2,99.2
Hafnia_Alvei,245,0.5,243,2,99.2,236,9,96.3,232,13,94.7,228,17,93.1,245,0,100.0
Hafnia_Alvei,245,1.0,245,0,100.0,239,6,97.6,240,5,98.0,236,9,96.3,245,0,100.0
Heyndrickxia_Sporothermodurans,12,0.01,0,12,0.0,0,12,0.0,12,0,100.0,0,12,0.0,12,0,100.0
Heyndrickxia_Sporothermodurans,12,0.05,0,12,0.0,12,0,100.0,12,0,100.0,0,12,0.0,12,0,100.0
Heyndrickxia_Sporothermodurans,12,0.1,12,0,100.0,12,0,100.0,12,0,100.0,12,0,100.0,12,0,100.0
Heyndrickxia_Sporothermodurans,12,0.5,12,0,100.0,12,0,100.0,12,0,100.0,12,0,100.0,12,0,100.0
Heyndrickxia_Sporothermodurans,12,1.0,12,0,100.0,12,0,100.0,12,0,100.0,12,0,100.0,12,0,100.0
Klebsiella_Aerogenes,678,0.01,0,678,0.0,0,678,0.0,18,660,2.7,0,678,0.0,18,660,2.7
Klebsiella_Aerogenes,678,0.05,16,662,2.4,478,200,70.5,22,656,3.2,0,678,0.0,478,200,70.5
Klebsiella_Aerogenes,678,0.1,16,662,2.4,533,145,78.6,37,641,5.5,0,678,0.0,533,145,78.6
Klebsiella_Aerogenes,678,0.5,180,498,26.5,609,69,89.8,307,371,45.3,136,542,20.1,610,68,90.0
Klebsiella_Aerogenes,678,1.0,402,276,59.3,637,41,94.0,502,176,74.0,379,299,55.9,638,40,94.1
Klebsiella_Michiganensis,30,0.01,0,30,0.0,0,30,0.0,30,0,100.0,0,30,0.0,30,0,100.0
Klebsiella_Michiganensis,30,0.05,0,30,0.0,30,0,100.0,30,0,100.0,0,30,0.0,30,0,100.0
Klebsiella_Michiganensis,30,0.1,0,30,0.0,30,0,100.0,30,0,100.0,0,30,0.0,30,0,100.0
Klebsiella_Michiganensis,30,0.5,4,26,13.3,30,0,100.0,30,0,100.0,4,26,13.3,30,0,100.0
Klebsiella_Michiganensis,30,1.0,21,9,70.0,30,0,100.0,30,0,100.0,21,9,70.0,30,0,100.0
Klebsiella_Oxytoca,2732,0.01,0,2732,0.0,0,2732,0.0,568,2164,20.8,0,2732,0.0,568,2164,20.8
Klebsiella_Oxytoca,2732,0.05,79,2653,2.9,1840,892,67.3,697,2035,25.5,0,2732,0.0,1942,790,71.1
Klebsiella_Oxytoca,2732,0.1,1032,1700,37.8,2084,648,76.3,1035,1697,37.9,245,2487,9.0,2496,236,91.4
Klebsiella_Oxytoca,2732,0.5,2490,242,91.1,2483,249,90.9,2223,509,81.4,1922,810,70.4,2727,5,99.8
Klebsiella_Oxytoca,2732,1.0,2625,107,96.1,2595,137,95.0,2549,183,93.3,2389,343,87.4,2731,1,100.0
Klebsiella_Variicola,664,0.01,0,664,0.0,0,664,0.0,158,506,23.8,0,664,0.0,158,506,23.8
Klebsiella_Variicola,664,0.05,0,664,0.0,43,621,6.5,175,489,26.4,0,664,0.0,208,456,31.3
Klebsiella_Variicola,664,0.1,0,664,0.0,67,597,10.1,214,450,32.2,0,664,0.0,260,404,39.2
Klebsiella_Variicola,664,0.5,2,662,0.3,201,463,30.3,444,220,66.9,1,663,0.2,494,170,74.4
Klebsiella_Variicola,664,1.0,5,659,0.8,301,363,45.3,566,98,85.2,5,659,0.8,614,50,92.5
Kluyvera_Ascorbata,14,0.01,0,14,0.0,0,14,0.0,5,9,35.7,0,14,0.0,5,9,35.7
Kluyvera_Ascorbata,14,0.05,1,13,7.1,7,7,50.0,5,9,35.7,1,13,7.1,7,7,50.0
Kluyvera_Ascorbata,14,0.1,10,4,71.4,9,5,64.3,7,7,50.0,5,9,35.7,12,2,85.7
Kluyvera_Ascorbata,14,0.5,14,0,100.0,13,1,92.9,13,1,92.9,12,2,85.7,14,0,100.0
Kluyvera_Ascorbata,14,1.0,14,0,100.0,13,1,92.9,14,0,100.0,13,1,92.9,14,0,100.0
Kocuria_Palustris,14,0.01,0,14,0.0,0,14,0.0,14,0,100.0,0,14,0.0,14,0,100.0
Kocuria_Palustris,14,0.05,0,14,0.0,14,0,100.0,14,0,100.0,0,14,0.0,14,0,100.0
Kocuria_Palustris,14,0.1,12,2,85.7,14,0,100.0,14,0,100.0,12,2,85.7,14,0,100.0
Kocuria_Palustris,14,0.5,14,0,100.0,14,0,100.0,14,0,100.0,14,0,100.0,14,0,100.0
Kocuria_Palustris,14,1.0,14,0,100.0,14,0,100.0,14,0,100.0,14,0,100.0,14,0,100.0
Lactobacillus_Paracasei,24,0.01,0,24,0.0,0,24,0.0,18,6,75.0,0,24,0.0,18,6,75.0
Lactobacillus_Paracasei,24,0.05,0,24,0.0,18,6,75.0,19,5,79.2,0,24,0.0,19,5,79.2
Lactobacillus_Paracasei,24,0.1,19,5,79.2,19,5,79.2,23,1,95.8,15,9,62.5,24,0,100.0
Lactobacillus_Paracasei,24,0.5,24,0,100.0,23,1,95.8,24,0,100.0,23,1,95.8,24,0,100.0
Lactobacillus_Paracasei,24,1.0,24,0,100.0,23,1,95.8,24,0,100.0,23,1,95.8,24,0,100.0
Lactobacillus_Rhamnosus,52,0.01,0,52,0.0,0,52,0.0,41,11,78.8,0,52,0.0,41,11,78.8
Lactobacillus_Rhamnosus,52,0.05,0,52,0.0,46,6,88.5,44,8,84.6,0,52,0.0,46,6,88.5
Lactobacillus_Rhamnosus,52,0.1,36,16,69.2,47,5,90.4,46,6,88.5,30,22,57.7,52,0,100.0
Lactobacillus_Rhamnosus,52,0.5,52,0,100.0,50,2,96.2,51,1,98.1,50,2,96.2,52,0,100.0
Lactobacillus_Rhamnosus,52,1.0,52,0,100.0,51,1,98.1,51,1,98.1,51,1,98.1,52,0,100.0
Lactococcus_Lactis,11,0.01,0,11,0.0,0,11,0.0,9,2,81.8,0,11,0.0,9,2,81.8
Lactococcus_Lactis,11,0.05,0,11,0.0,11,0,100.0,10,1,90.9,0,11,0.0,11,0,100.0
Lactococcus_Lactis,11,0.1,0,11,0.0,11,0,100.0,11,0,100.0,0,11,0.0,11,0,100.0
Lactococcus_Lactis,11,0.5,8,3,72.7,11,0,100.0,11,0,100.0,8,3,72.7,11,0,100.0
Lactococcus_Lactis,11,1.0,10,1,90.9,11,0,100.0,11,0,100.0,10,1,90.9,11,0,100.0
Leclercia_Adecarboxylata,33,0.01,0,33,0.0,0,33,0.0,8,25,24.2,0,33,0.0,8,25,24.2
Leclercia_Adecarboxylata,33,0.05,0,33,0.0,23,10,69.7,9,24,27.3,0,33,0.0,23,10,69.7
Leclercia_Adecarboxylata,33,0.1,11,22,33.3,24,9,72.7,11,22,33.3,8,25,24.2,24,9,72.7
Leclercia_Adecarboxylata,33,0.5,31,2,93.9,28,5,84.8,27,6,81.8,25,8,75.8,32,1,97.0
Leclercia_Adecarboxylata,33,1.0,32,1,97.0,31,2,93.9,29,4,87.9,29,4,87.9,32,1,97.0
Lederbergia_Lenta,28,0.01,0,28,0.0,0,28,0.0,28,0,100.0,0,28,0.0,28,0,100.0
Lederbergia_Lenta,28,0.05,3,25,10.7,28,0,100.0,28,0,100.0,3,25,10.7,28,0,100.0
Lederbergia_Lenta,28,0.1,28,0,100.0,28,0,100.0,28,0,100.0,28,0,100.0,28,0,100.0
Lederbergia_Lenta,28,0.5,28,0,100.0,28,0,100.0,28,0,100.0,28,0,100.0,28,0,100.0
Lederbergia_Lenta,28,1.0,28,0,100.0,28,0,100.0,28,0,100.0,28,0,100.0,28,0,100.0
Lelliottia_amnigena_,16,0.01,0,16,0.0,0,16,0.0,3,13,18.8,0,16,0.0,3,13,18.8
Lelliottia_amnigena_,16,0.05,0,16,0.0,6,10,37.5,4,12,25.0,0,16,0.0,6,10,37.5
Lelliottia_amnigena_,16,0.1,1,15,6.2,7,9,43.8,5,11,31.2,1,15,6.2,7,9,43.8
Lelliottia_amnigena_,16,0.5,16,0,100.0,14,2,87.5,7,9,43.8,7,9,43.8,16,0,100.0
Lelliottia_amnigena_,16,1.0,16,0,100.0,14,2,87.5,14,2,87.5,14,2,87.5,16,0,100.0
Listeria_Monocytogenes,18,0.01,0,18,0.0,0,18,0.0,12,6,66.7,0,18,0.0,12,6,66.7
Listeria_Monocytogenes,18,0.05,2,16,11.1,15,3,83.3,13,5,72.2,2,16,11.1,15,3,83.3
Listeria_Monocytogenes,18,0.1,17,1,94.4,16,2,88.9,15,3,83.3,14,4,77.8,18,0,100.0
Listeria_Monocytogenes,18,0.5,18,0,100.0,17,1,94.4,18,0,100.0,17,1,94.4,18,0,100.0
Listeria_Monocytogenes,18,1.0,18,0,100.0,18,0,100.0,18,0,100.0,18,0,100.0,18,0,100.0
Lysinibacillus_Endophyticus,12,0.01,0,12,0.0,0,12,0.0,11,1,91.7,0,12,0.0,11,1,91.7
Lysinibacillus_Endophyticus,12,0.05,0,12,0.0,12,0,100.0,11,1,91.7,0,12,0.0,12,0,100.0
Lysinibacillus_Endophyticus,12,0.1,0,12,0.0,12,0,100.0,12,0,100.0,0,12,0.0,12,0,100.0
Lysinibacillus_Endophyticus,12,0.5,12,0,100.0,12,0,100.0,12,0,100.0,12,0,100.0,12,0,100.0
Lysinibacillus_Endophyticus,12,1.0,12,0,100.0,12,0,100.0,12,0,100.0,12,0,100.0,12,0,100.0
Lysinibacillus_Fusiformis,31,0.01,0,31,0.0,0,31,0.0,31,0,100.0,0,31,0.0,31,0,100.0
Lysinibacillus_Fusiformis,31,0.05,7,24,22.6,31,0,100.0,31,0,100.0,7,24,22.6,31,0,100.0
Lysinibacillus_Fusiformis,31,0.1,30,1,96.8,31,0,100.0,31,0,100.0,30,1,96.8,31,0,100.0
Lysinibacillus_Fusiformis,31,0.5,31,0,100.0,31,0,100.0,31,0,100.0,31,0,100.0,31,0,100.0
Lysinibacillus_Fusiformis,31,1.0,31,0,100.0,31,0,100.0,31,0,100.0,31,0,100.0,31,0,100.0
Lysinibacillus_Macroides,17,0.01,0,17,0.0,0,17,0.0,15,2,88.2,0,17,0.0,15,2,88.2
Lysinibacillus_Macroides,17,0.05,0,17,0.0,17,0,100.0,17,0,100.0,0,17,0.0,17,0,100.0
Lysinibacillus_Macroides,17,0.1,10,7,58.8,17,0,100.0,17,0,100.0,10,7,58.8,17,0,100.0
Lysinibacillus_Macroides,17,0.5,17,0,100.0,17,0,100.0,17,0,100.0,17,0,100.0,17,0,100.0
Lysinibacillus_Macroides,17,1.0,17,0,100.0,17,0,100.0,17,0,100.0,17,0,100.0,17,0,100.0
Lysinibacillus_Pakistanensis,16,0.01,0,16,0.0,0,16,0.0,16,0,100.0,0,16,0.0,16,0,100.0
Lysinibacillus_Pakistanensis,16,0.05,1,15,6.2,16,0,100.0,16,0,100.0,1,15,6.2,16,0,100.0
Lysinibacillus_Pakistanensis,16,0.1,15,1,93.8,16,0,100.0,16,0,100.0,15,1,93.8,16,0,100.0
Lysinibacillus_Pakistanensis,16,0.5,16,0,100.0,16,0,100.0,16,0,100.0,16,0,100.0,16,0,100.0
Lysinibacillus_Pakistanensis,16,1.0,16,0,100.0,16,0,100.0,16,0,100.0,16,0,100.0,16,0,100.0
Lysinibacillus_Sp,12,0.01,0,12,0.0,0,12,0.0,2,10,16.7,0,12,0.0,2,10,16.7
Lysinibacillus_Sp,12,0.05,2,10,16.7,5,7,41.7,4,8,33.3,2,10,16.7,5,7,41.7
Lysinibacillus_Sp,12,0.1,12,0,100.0,7,5,58.3,5,7,41.7,5,7,41.7,12,0,100.0
Lysinibacillus_Sp,12,0.5,12,0,100.0,10,2,83.3,12,0,100.0,10,2,83.3,12,0,100.0
Lysinibacillus_Sp,12,1.0,12,0,100.0,11,1,91.7,12,0,100.0,11,1,91.7,12,0,100.0
Lysinibacillus_Sphaericus,29,0.01,1,28,3.4,0,29,0.0,27,2,93.1,0,29,0.0,28,1,96.6
Lysinibacillus_Sphaericus,29,0.05,1,28,3.4,28,1,96.6,28,1,96.6,0,29,0.0,29,0,100.0
Lysinibacillus_Sphaericus,29,0.1,13,16,44.8,28,1,96.6,28,1,96.6,12,17,41.4,29,0,100.0
Lysinibacillus_Sphaericus,29,0.5,29,0,100.0,29,0,100.0,29,0,100.0,29,0,100.0,29,0,100.0
Lysinibacillus_Sphaericus,29,1.0,29,0,100.0,29,0,100.0,29,0,100.0,29,0,100.0,29,0,100.0
Lysinibacillus_Xylanilyticus,14,0.01,0,14,0.0,0,14,0.0,13,1,92.9,0,14,0.0,13,1,92.9
Lysinibacillus_Xylanilyticus,14,0.05,0,14,0.0,14,0,100.0,14,0,100.0,0,14,0.0,14,0,100.0
Lysinibacillus_Xylanilyticus,14,0.1,8,6,57.1,14,0,100.0,14,0,100.0,8,6,57.1,14,0,100.0
Lysinibacillus_Xylanilyticus,14,0.5,14,0,100.0,14,0,100.0,14,0,100.0,14,0,100.0,14,0,100.0
Lysinibacillus_Xylanilyticus,14,1.0,14,0,100.0,14,0,100.0,14,0,100.0,14,0,100.0,14,0,100.0
Micrococcus_Luteus,136,0.01,1,135,0.7,0,136,0.0,134,2,98.5,0,136,0.0,134,2,98.5
Micrococcus_Luteus,136,0.05,34,102,25.0,136,0,100.0,134,2,98.5,33,103,24.3,136,0,100.0
Micrococcus_Luteus,136,0.1,128,8,94.1,136,0,100.0,136,0,100.0,128,8,94.1,136,0,100.0
Micrococcus_Luteus,136,0.5,136,0,100.0,136,0,100.0,136,0,100.0,136,0,100.0,136,0,100.0
Micrococcus_Luteus,136,1.0,136,0,100.0,136,0,100.0,136,0,100.0,136,0,100.0,136,0,100.0
Moraxella_Catarrhalis,200,0.01,1,199,0.5,0,200,0.0,158,42,79.0,0,200,0.0,158,42,79.0
Moraxella_Catarrhalis,200,0.05,49,151,24.5,195,5,97.5,165,35,82.5,41,159,20.5,196,4,98.0
Moraxella_Catarrhalis,200,0.1,189,11,94.5,198,2,99.0,185,15,92.5,176,24,88.0,200,0,100.0
Moraxella_Catarrhalis,200,0.5,199,1,99.5,199,1,99.5,197,3,98.5,196,4,98.0,200,0,100.0
Moraxella_Catarrhalis,200,1.0,199,1,99.5,199,1,99.5,197,3,98.5,196,4,98.0,200,0,100.0
Moraxella_Lacunata,16,0.01,0,16,0.0,0,16,0.0,12,4,75.0,0,16,0.0,12,4,75.0
Moraxella_Lacunata,16,0.05,2,14,12.5,15,1,93.8,12,4,75.0,1,15,6.2,16,0,100.0
Moraxella_Lacunata,16,0.1,15,1,93.8,16,0,100.0,14,2,87.5,13,3,81.2,16,0,100.0
Moraxella_Lacunata,16,0.5,15,1,93.8,16,0,100.0,16,0,100.0,15,1,93.8,16,0,100.0
Moraxella_Lacunata,16,1.0,15,1,93.8,16,0,100.0,16,0,100.0,15,1,93.8,16,0,100.0
Moraxella_Species,16,0.01,0,16,0.0,0,16,0.0,3,13,18.8,0,16,0.0,3,13,18.8
Moraxella_Species,16,0.05,3,13,18.8,12,4,75.0,4,12,25.0,0,16,0.0,12,4,75.0
Moraxella_Species,16,0.1,15,1,93.8,14,2,87.5,4,12,25.0,3,13,18.8,16,0,100.0
Moraxella_Species,16,0.5,16,0,100.0,15,1,93.8,12,4,75.0,12,4,75.0,16,0,100.0
Moraxella_Species,16,1.0,16,0,100.0,16,0,100.0,13,3,81.2,13,3,81.2,16,0,100.0
Morganella_Morganii,1523,0.01,3,1520,0.2,0,1523,0.0,927,596,60.9,0,1523,0.0,927,596,60.9
Morganella_Morganii,1523,0.05,12,1511,0.8,1474,49,96.8,1013,510,66.5,4,1519,0.3,1475,48,96.8
Morganella_Morganii,1523,0.1,122,1401,8.0,1500,23,98.5,1234,289,81.0,76,1447,5.0,1506,17,98.9
Morganella_Morganii,1523,0.5,983,540,64.5,1519,4,99.7,1507,16,98.9,969,554,63.6,1522,1,99.9
Morganella_Morganii,1523,1.0,1211,312,79.5,1520,3,99.8,1512,11,99.3,1200,323,78.8,1523,0,100.0
Myroides_Odoratimimus,36,0.01,0,36,0.0,0,36,0.0,23,13,63.9,0,36,0.0,23,13,63.9
Myroides_Odoratimimus,36,0.05,3,33,8.3,30,6,83.3,24,12,66.7,0,36,0.0,30,6,83.3
Myroides_Odoratimimus,36,0.1,36,0,100.0,31,5,86.1,27,9,75.0,27,9,75.0,36,0,100.0
Myroides_Odoratimimus,36,0.5,36,0,100.0,34,2,94.4,30,6,83.3,30,6,83.3,36,0,100.0
Myroides_Odoratimimus,36,1.0,36,0,100.0,34,2,94.4,33,3,91.7,31,5,86.1,36,0,100.0
Myroides_Odoratus,14,0.01,0,14,0.0,0,14,0.0,8,6,57.1,0,14,0.0,8,6,57.1
Myroides_Odoratus,14,0.05,0,14,0.0,13,1,92.9,11,3,78.6,0,14,0.0,13,1,92.9
Myroides_Odoratus,14,0.1,14,0,100.0,13,1,92.9,13,1,92.9,13,1,92.9,14,0,100.0
Myroides_Odoratus,14,0.5,14,0,100.0,14,0,100.0,14,0,100.0,14,0,100.0,14,0,100.0
Myroides_Odoratus,14,1.0,14,0,100.0,14,0,100.0,14,0,100.0,14,0,100.0,14,0,100.0
Myroides_Species,15,0.01,0,15,0.0,0,15,0.0,9,6,60.0,0,15,0.0,9,6,60.0
Myroides_Species,15,0.05,1,14,6.7,13,2,86.7,10,5,66.7,0,15,0.0,13,2,86.7
Myroides_Species,15,0.1,15,0,100.0,14,1,93.3,12,3,80.0,12,3,80.0,15,0,100.0
Myroides_Species,15,0.5,15,0,100.0,14,1,93.3,13,2,86.7,13,2,86.7,15,0,100.0
Myroides_Species,15,1.0,15,0,100.0,14,1,93.3,14,1,93.3,13,2,86.7,15,0,100.0
Neisseria_Gonorrhoeae,306,0.01,0,306,0.0,0,306,0.0,291,15,95.1,0,306,0.0,291,15,95.1
Neisseria_Gonorrhoeae,306,0.05,18,288,5.9,306,0,100.0,299,7,97.7,18,288,5.9,306,0,100.0
Neisseria_Gonorrhoeae,306,0.1,268,38,87.6,306,0,100.0,302,4,98.7,264,42,86.3,306,0,100.0
Neisseria_Gonorrhoeae,306,0.5,306,0,100.0,306,0,100.0,306,0,100.0,306,0,100.0,306,0,100.0
Neisseria_Gonorrhoeae,306,1.0,306,0,100.0,306,0,100.0,306,0,100.0,306,0,100.0,306,0,100.0
Neisseria_Meningitidis,49,0.01,0,49,0.0,0,49,0.0,47,2,95.9,0,49,0.0,47,2,95.9
Neisseria_Meningitidis,49,0.05,5,44,10.2,48,1,98.0,47,2,95.9,5,44,10.2,48,1,98.0
Neisseria_Meningitidis,49,0.1,35,14,71.4,49,0,100.0,49,0,100.0,35,14,71.4,49,0,100.0
Neisseria_Meningitidis,49,0.5,49,0,100.0,49,0,100.0,49,0,100.0,49,0,100.0,49,0,100.0
Neisseria_Meningitidis,49,1.0,49,0,100.0,49,0,100.0,49,0,100.0,49,0,100.0,49,0,100.0
Neobacillus_Bataviensis,12,0.01,0,12,0.0,0,12,0.0,12,0,100.0,0,12,0.0,12,0,100.0
Neobacillus_Bataviensis,12,0.05,5,7,41.7,12,0,100.0,12,0,100.0,5,7,41.7,12,0,100.0
Neobacillus_Bataviensis,12,0.1,10,2,83.3,12,0,100.0,12,0,100.0,10,2,83.3,12,0,100.0
Neobacillus_Bataviensis,12,0.5,12,0,100.0,12,0,100.0,12,0,100.0,12,0,100.0,12,0,100.0
Neobacillus_Bataviensis,12,1.0,12,0,100.0,12,0,100.0,12,0,100.0,12,0,100.0,12,0,100.0
Neobacillus_Cucumis,16,0.01,5,11,31.2,0,16,0.0,16,0,100.0,0,16,0.0,16,0,100.0
Neobacillus_Cucumis,16,0.05,16,0,100.0,16,0,100.0,16,0,100.0,16,0,100.0,16,0,100.0
Neobacillus_Cucumis,16,0.1,16,0,100.0,16,0,100.0,16,0,100.0,16,0,100.0,16,0,100.0
Neobacillus_Cucumis,16,0.5,16,0,100.0,16,0,100.0,16,0,100.0,16,0,100.0,16,0,100.0
Neobacillus_Cucumis,16,1.0,16,0,100.0,16,0,100.0,16,0,100.0,16,0,100.0,16,0,100.0
Niallia_Circulans,14,0.01,0,14,0.0,0,14,0.0,14,0,100.0,0,14,0.0,14,0,100.0
Niallia_Circulans,14,0.05,2,12,14.3,14,0,100.0,14,0,100.0,2,12,14.3,14,0,100.0
Niallia_Circulans,14,0.1,14,0,100.0,14,0,100.0,14,0,100.0,14,0,100.0,14,0,100.0
Niallia_Circulans,14,0.5,14,0,100.0,14,0,100.0,14,0,100.0,14,0,100.0,14,0,100.0
Niallia_Circulans,14,1.0,14,0,100.0,14,0,100.0,14,0,100.0,14,0,100.0,14,0,100.0
Ochrobactrum_Anthropi,30,0.01,1,29,3.3,0,30,0.0,28,2,93.3,0,30,0.0,28,2,93.3
Ochrobactrum_Anthropi,30,0.05,5,25,16.7,30,0,100.0,29,1,96.7,4,26,13.3,30,0,100.0
Ochrobactrum_Anthropi,30,0.1,23,7,76.7,30,0,100.0,29,1,96.7,22,8,73.3,30,0,100.0
Ochrobactrum_Anthropi,30,0.5,30,0,100.0,30,0,100.0,29,1,96.7,29,1,96.7,30,0,100.0
Ochrobactrum_Anthropi,30,1.0,30,0,100.0,30,0,100.0,29,1,96.7,29,1,96.7,30,0,100.0
Oligella_Urethralis,19,0.01,1,18,5.3,0,19,0.0,16,3,84.2,0,19,0.0,16,3,84.2
Oligella_Urethralis,19,0.05,6,13,31.6,19,0,100.0,18,1,94.7,6,13,31.6,19,0,100.0
Oligella_Urethralis,19,0.1,18,1,94.7,19,0,100.0,19,0,100.0,18,1,94.7,19,0,100.0
Oligella_Urethralis,19,0.5,19,0,100.0,19,0,100.0,19,0,100.0,19,0,100.0,19,0,100.0
Oligella_Urethralis,19,1.0,19,0,100.0,19,0,100.0,19,0,100.0,19,0,100.0,19,0,100.0
Paenibacillus_Polymyxa,18,0.01,0,18,0.0,0,18,0.0,6,12,33.3,0,18,0.0,6,12,33.3
Paenibacillus_Polymyxa,18,0.05,2,16,11.1,6,12,33.3,6,12,33.3,0,18,0.0,8,10,44.4
Paenibacillus_Polymyxa,18,0.1,17,1,94.4,6,12,33.3,6,12,33.3,5,13,27.8,18,0,100.0
Paenibacillus_Polymyxa,18,0.5,18,0,100.0,6,12,33.3,6,12,33.3,6,12,33.3,18,0,100.0
Paenibacillus_Polymyxa,18,1.0,18,0,100.0,6,12,33.3,9,9,50.0,6,12,33.3,18,0,100.0
Pantoea_Agglomerans,102,0.01,0,102,0.0,0,102,0.0,69,33,67.6,0,102,0.0,69,33,67.6
Pantoea_Agglomerans,102,0.05,1,101,1.0,93,9,91.2,77,25,75.5,0,102,0.0,93,9,91.2
Pantoea_Agglomerans,102,0.1,58,44,56.9,95,7,93.1,89,13,87.3,49,53,48.0,100,2,98.0
Pantoea_Agglomerans,102,0.5,98,4,96.1,97,5,95.1,101,1,99.0,92,10,90.2,102,0,100.0
Pantoea_Agglomerans,102,1.0,102,0,100.0,100,2,98.0,101,1,99.0,99,3,97.1,102,0,100.0
Pantoea_Septica,29,0.01,0,29,0.0,0,29,0.0,11,18,37.9,0,29,0.0,11,18,37.9
Pantoea_Septica,29,0.05,1,28,3.4,25,4,86.2,16,13,55.2,0,29,0.0,25,4,86.2
Pantoea_Septica,29,0.1,23,6,79.3,28,1,96.6,20,9,69.0,15,14,51.7,28,1,96.6
Pantoea_Septica,29,0.5,29,0,100.0,29,0,100.0,27,2,93.1,27,2,93.1,29,0,100.0
Pantoea_Septica,29,1.0,29,0,100.0,29,0,100.0,28,1,96.6,28,1,96.6,29,0,100.0
Pantoea_Species,20,0.01,0,20,0.0,0,20,0.0,5,15,25.0,0,20,0.0,5,15,25.0
Pantoea_Species,20,0.05,2,18,10.0,14,6,70.0,7,13,35.0,0,20,0.0,14,6,70.0
Pantoea_Species,20,0.1,17,3,85.0,16,4,80.0,10,10,50.0,9,11,45.0,19,1,95.0
Pantoea_Species,20,0.5,20,0,100.0,17,3,85.0,15,5,75.0,14,6,70.0,20,0,100.0
Pantoea_Species,20,1.0,20,0,100.0,18,2,90.0,18,2,90.0,16,4,80.0,20,0,100.0
Paracoccus_Yeei,18,0.01,1,17,5.6,0,18,0.0,18,0,100.0,0,18,0.0,18,0,100.0
Paracoccus_Yeei,18,0.05,15,3,83.3,18,0,100.0,18,0,100.0,15,3,83.3,18,0,100.0
Paracoccus_Yeei,18,0.1,18,0,100.0,18,0,100.0,18,0,100.0,18,0,100.0,18,0,100.0
Paracoccus_Yeei,18,0.5,18,0,100.0,18,0,100.0,18,0,100.0,18,0,100.0,18,0,100.0
Paracoccus_Yeei,18,1.0,18,0,100.0,18,0,100.0,18,0,100.0,18,0,100.0,18,0,100.0
Parvimonas_Micra,38,0.01,0,38,0.0,0,38,0.0,27,11,71.1,0,38,0.0,27,11,71.1
Parvimonas_Micra,38,0.05,7,31,18.4,33,5,86.8,28,10,73.7,6,32,15.8,34,4,89.5
Parvimonas_Micra,38,0.1,33,5,86.8,34,4,89.5,34,4,89.5,28,10,73.7,38,0,100.0
Parvimonas_Micra,38,0.5,38,0,100.0,34,4,89.5,35,3,92.1,34,4,89.5,38,0,100.0
Parvimonas_Micra,38,1.0,38,0,100.0,36,2,94.7,37,1,97.4,36,2,94.7,38,0,100.0
Pasteurella_Multocida,74,0.01,0,74,0.0,0,74,0.0,58,16,78.4,0,74,0.0,58,16,78.4
Pasteurella_Multocida,74,0.05,4,70,5.4,72,2,97.3,62,12,83.8,3,71,4.1,73,1,98.6
Pasteurella_Multocida,74,0.1,62,12,83.8,73,1,98.6,70,4,94.6,59,15,79.7,74,0,100.0
Pasteurella_Multocida,74,0.5,73,1,98.6,74,0,100.0,74,0,100.0,73,1,98.6,74,0,100.0
Pasteurella_Multocida,74,1.0,74,0,100.0,74,0,100.0,74,0,100.0,74,0,100.0,74,0,100.0
Peptoniphilus_Harei,35,0.01,0,35,0.0,0,35,0.0,33,2,94.3,0,35,0.0,33,2,94.3
Peptoniphilus_Harei,35,0.05,1,34,2.9,34,1,97.1,33,2,94.3,1,34,2.9,34,1,97.1
Peptoniphilus_Harei,35,0.1,31,4,88.6,34,1,97.1,34,1,97.1,30,5,85.7,35,0,100.0
Peptoniphilus_Harei,35,0.5,35,0,100.0,35,0,100.0,35,0,100.0,35,0,100.0,35,0,100.0
Peptoniphilus_Harei,35,1.0,35,0,100.0,35,0,100.0,35,0,100.0,35,0,100.0,35,0,100.0
Peribacillus_Muralis,12,0.01,2,10,16.7,0,12,0.0,6,6,50.0,0,12,0.0,7,5,58.3
Peribacillus_Muralis,12,0.05,12,0,100.0,12,0,100.0,8,4,66.7,8,4,66.7,12,0,100.0
Peribacillus_Muralis,12,0.1,12,0,100.0,12,0,100.0,12,0,100.0,12,0,100.0,12,0,100.0
Peribacillus_Muralis,12,0.5,12,0,100.0,12,0,100.0,12,0,100.0,12,0,100.0,12,0,100.0
Peribacillus_Muralis,12,1.0,12,0,100.0,12,0,100.0,12,0,100.0,12,0,100.0,12,0,100.0
Peribacillus_Psychrosaccharolyticus,12,0.01,0,12,0.0,0,12,0.0,10,2,83.3,0,12,0.0,10,2,83.3
Peribacillus_Psychrosaccharolyticus,12,0.05,3,9,25.0,11,1,91.7,11,1,91.7,3,9,25.0,11,1,91.7
Peribacillus_Psychrosaccharolyticus,12,0.1,12,0,100.0,12,0,100.0,11,1,91.7,11,1,91.7,12,0,100.0
Peribacillus_Psychrosaccharolyticus,12,0.5,12,0,100.0,12,0,100.0,12,0,100.0,12,0,100.0,12,0,100.0
Peribacillus_Psychrosaccharolyticus,12,1.0,12,0,100.0,12,0,100.0,12,0,100.0,12,0,100.0,12,0,100.0
Peribacillus_Simplex,20,0.01,1,19,5.0,0,20,0.0,10,10,50.0,0,20,0.0,11,9,55.0
Peribacillus_Simplex,20,0.05,5,15,25.0,15,5,75.0,12,8,60.0,1,19,5.0,18,2,90.0
Peribacillus_Simplex,20,0.1,20,0,100.0,18,2,90.0,16,4,80.0,16,4,80.0,20,0,100.0
Peribacillus_Simplex,20,0.5,20,0,100.0,20,0,100.0,20,0,100.0,20,0,100.0,20,0,100.0
Peribacillus_Simplex,20,1.0,20,0,100.0,20,0,100.0,20,0,100.0,20,0,100.0,20,0,100.0
Plesiomonas_Shigelloides,11,0.01,0,11,0.0,0,11,0.0,8,3,72.7,0,11,0.0,8,3,72.7
Plesiomonas_Shigelloides,11,0.05,1,10,9.1,10,1,90.9,9,2,81.8,1,10,9.1,10,1,90.9
Plesiomonas_Shigelloides,11,0.1,6,5,54.5,11,0,100.0,10,1,90.9,6,5,54.5,11,0,100.0
Plesiomonas_Shigelloides,11,0.5,9,2,81.8,11,0,100.0,11,0,100.0,9,2,81.8,11,0,100.0
Plesiomonas_Shigelloides,11,1.0,11,0,100.0,11,0,100.0,11,0,100.0,11,0,100.0,11,0,100.0
Pluralibacter_Gergoviae,10,0.01,0,10,0.0,0,10,0.0,2,8,20.0,0,10,0.0,2,8,20.0
Pluralibacter_Gergoviae,10,0.05,0,10,0.0,7,3,70.0,2,8,20.0,0,10,0.0,7,3,70.0
Pluralibacter_Gergoviae,10,0.1,5,5,50.0,10,0,100.0,2,8,20.0,0,10,0.0,10,0,100.0
Pluralibacter_Gergoviae,10,0.5,10,0,100.0,10,0,100.0,8,2,80.0,8,2,80.0,10,0,100.0
Pluralibacter_Gergoviae,10,1.0,10,0,100.0,10,0,100.0,10,0,100.0,10,0,100.0,10,0,100.0
Prevotella_Bivia,14,0.01,1,13,7.1,0,14,0.0,14,0,100.0,0,14,0.0,14,0,100.0
Prevotella_Bivia,14,0.05,3,11,21.4,14,0,100.0,14,0,100.0,3,11,21.4,14,0,100.0
Prevotella_Bivia,14,0.1,12,2,85.7,14,0,100.0,14,0,100.0,12,2,85.7,14,0,100.0
Prevotella_Bivia,14,0.5,14,0,100.0,14,0,100.0,14,0,100.0,14,0,100.0,14,0,100.0
Prevotella_Bivia,14,1.0,14,0,100.0,14,0,100.0,14,0,100.0,14,0,100.0,14,0,100.0
Prevotella_Denticola,10,0.01,0,10,0.0,0,10,0.0,10,0,100.0,0,10,0.0,10,0,100.0
Prevotella_Denticola,10,0.05,1,9,10.0,10,0,100.0,10,0,100.0,1,9,10.0,10,0,100.0
Prevotella_Denticola,10,0.1,10,0,100.0,10,0,100.0,10,0,100.0,10,0,100.0,10,0,100.0
Prevotella_Denticola,10,0.5,10,0,100.0,10,0,100.0,10,0,100.0,10,0,100.0,10,0,100.0
Prevotella_Denticola,10,1.0,10,0,100.0,10,0,100.0,10,0,100.0,10,0,100.0,10,0,100.0
Prevotella_Disiens,14,0.01,0,14,0.0,0,14,0.0,14,0,100.0,0,14,0.0,14,0,100.0
Prevotella_Disiens,14,0.05,1,13,7.1,14,0,100.0,14,0,100.0,1,13,7.1,14,0,100.0
Prevotella_Disiens,14,0.1,12,2,85.7,14,0,100.0,14,0,100.0,12,2,85.7,14,0,100.0
Prevotella_Disiens,14,0.5,14,0,100.0,14,0,100.0,14,0,100.0,14,0,100.0,14,0,100.0
Prevotella_Disiens,14,1.0,14,0,100.0,14,0,100.0,14,0,100.0,14,0,100.0,14,0,100.0
Priestia_Endophytica,24,0.01,0,24,0.0,0,24,0.0,22,2,91.7,0,24,0.0,22,2,91.7
Priestia_Endophytica,24,0.05,0,24,0.0,24,0,100.0,22,2,91.7,0,24,0.0,24,0,100.0
Priestia_Endophytica,24,0.1,9,15,37.5,24,0,100.0,22,2,91.7,8,16,33.3,24,0,100.0
Priestia_Endophytica,24,0.5,23,1,95.8,24,0,100.0,24,0,100.0,23,1,95.8,24,0,100.0
Priestia_Endophytica,24,1.0,24,0,100.0,24,0,100.0,24,0,100.0,24,0,100.0,24,0,100.0
Priestia_Flexa,36,0.01,2,34,5.6,0,36,0.0,36,0,100.0,0,36,0.0,36,0,100.0
Priestia_Flexa,36,0.05,11,25,30.6,36,0,100.0,36,0,100.0,11,25,30.6,36,0,100.0
Priestia_Flexa,36,0.1,31,5,86.1,36,0,100.0,36,0,100.0,31,5,86.1,36,0,100.0
Priestia_Flexa,36,0.5,36,0,100.0,36,0,100.0,36,0,100.0,36,0,100.0,36,0,100.0
Priestia_Flexa,36,1.0,36,0,100.0,36,0,100.0,36,0,100.0,36,0,100.0,36,0,100.0
Priestia_Megaterium,55,0.01,0,55,0.0,0,55,0.0,39,16,70.9,0,55,0.0,39,16,70.9
Priestia_Megaterium,55,0.05,9,46,16.4,49,6,89.1,43,12,78.2,7,48,12.7,50,5,90.9
Priestia_Megaterium,55,0.1,52,3,94.5,55,0,100.0,49,6,89.1,47,8,85.5,55,0,100.0
Priestia_Megaterium,55,0.5,55,0,100.0,55,0,100.0,55,0,100.0,55,0,100.0,55,0,100.0
Priestia_Megaterium,55,1.0,55,0,100.0,55,0,100.0,55,0,100.0,55,0,100.0,55,0,100.0
Propionibacterium_Acnes,44,0.01,0,44,0.0,0,44,0.0,40,4,90.9,0,44,0.0,40,4,90.9
Propionibacterium_Acnes,44,0.05,2,42,4.5,40,4,90.9,40,4,90.9,1,43,2.3,42,2,95.5
Propionibacterium_Acnes,44,0.1,36,8,81.8,42,2,95.5,40,4,90.9,32,12,72.7,44,0,100.0
Propionibacterium_Acnes,44,0.5,44,0,100.0,44,0,100.0,44,0,100.0,44,0,100.0,44,0,100.0
Propionibacterium_Acnes,44,1.0,44,0,100.0,44,0,100.0,44,0,100.0,44,0,100.0,44,0,100.0
Propionibacterium_Avidum,16,0.01,0,16,0.0,0,16,0.0,6,10,37.5,0,16,0.0,6,10,37.5
Propionibacterium_Avidum,16,0.05,1,15,6.2,11,5,68.8,7,9,43.8,0,16,0.0,11,5,68.8
Propionibacterium_Avidum,16,0.1,7,9,43.8,11,5,68.8,10,6,62.5,3,13,18.8,14,2,87.5
Propionibacterium_Avidum,16,0.5,16,0,100.0,14,2,87.5,14,2,87.5,12,4,75.0,16,0,100.0
Propionibacterium_Avidum,16,1.0,16,0,100.0,15,1,93.8,15,1,93.8,14,2,87.5,16,0,100.0
Proteus_Hauseri,38,0.01,0,38,0.0,0,38,0.0,17,21,44.7,0,38,0.0,17,21,44.7
Proteus_Hauseri,38,0.05,3,35,7.9,38,0,100.0,20,18,52.6,1,37,2.6,38,0,100.0
Proteus_Hauseri,38,0.1,13,25,34.2,38,0,100.0,26,12,68.4,11,27,28.9,38,0,100.0
Proteus_Hauseri,38,0.5,22,16,57.9,38,0,100.0,38,0,100.0,22,16,57.9,38,0,100.0
Proteus_Hauseri,38,1.0,34,4,89.5,38,0,100.0,38,0,100.0,34,4,89.5,38,0,100.0
Proteus_Mirabilis,5518,0.01,283,5235,5.1,0,5518,0.0,791,4727,14.3,0,5518,0.0,1023,4495,18.5
Proteus_Mirabilis,5518,0.05,1060,4458,19.2,5302,216,96.1,1113,4405,20.2,278,5240,5.0,5303,215,96.1
Proteus_Mirabilis,5518,0.1,3364,2154,61.0,5390,128,97.7,2107,3411,38.2,1281,4237,23.2,5439,79,98.6
Proteus_Mirabilis,5518,0.5,5479,39,99.3,5478,40,99.3,4756,762,86.2,4702,816,85.2,5517,1,100.0
Proteus_Mirabilis,5518,1.0,5507,11,99.8,5499,19,99.7,5424,94,98.3,5400,118,97.9,5518,0,100.0
Proteus_Vulgaris,1020,0.01,0,1020,0.0,0,1020,0.0,471,549,46.2,0,1020,0.0,471,549,46.2
Proteus_Vulgaris,1020,0.05,18,1002,1.8,1005,15,98.5,632,388,62.0,8,1012,0.8,1006,14,98.6
Proteus_Vulgaris,1020,0.1,322,698,31.6,1013,7,99.3,867,153,85.0,274,746,26.9,1015,5,99.5
Proteus_Vulgaris,1020,0.5,880,140,86.3,1016,4,99.6,1004,16,98.4,866,154,84.9,1020,0,100.0
Proteus_Vulgaris,1020,1.0,972,48,95.3,1017,3,99.7,1012,8,99.2,962,58,94.3,1020,0,100.0
Providencia_Rettgeri,211,0.01,0,211,0.0,0,211,0.0,132,79,62.6,0,211,0.0,132,79,62.6
Providencia_Rettgeri,211,0.05,4,207,1.9,200,11,94.8,150,61,71.1,2,209,0.9,200,11,94.8
Providencia_Rettgeri,211,0.1,87,124,41.2,207,4,98.1,187,24,88.6,77,134,36.5,210,1,99.5
Providencia_Rettgeri,211,0.5,200,11,94.8,210,1,99.5,208,3,98.6,197,14,93.4,211,0,100.0
Providencia_Rettgeri,211,1.0,207,4,98.1,210,1,99.5,209,2,99.1,204,7,96.7,211,0,100.0
Providencia_Stuartii,122,0.01,0,122,0.0,0,122,0.0,52,70,42.6,0,122,0.0,52,70,42.6
Providencia_Stuartii,122,0.05,0,122,0.0,97,25,79.5,60,62,49.2,0,122,0.0,97,25,79.5
Providencia_Stuartii,122,0.1,48,74,39.3,111,11,91.0,84,38,68.9,32,90,26.2,117,5,95.9
Providencia_Stuartii,122,0.5,114,8,93.4,118,4,96.7,121,1,99.2,110,12,90.2,122,0,100.0
Providencia_Stuartii,122,1.0,122,0,100.0,119,3,97.5,122,0,100.0,119,3,97.5,122,0,100.0
Pseudoglutamicibacter_Cumminsii,14,0.01,0,14,0.0,0,14,0.0,5,9,35.7,0,14,0.0,5,9,35.7
Pseudoglutamicibacter_Cumminsii,14,0.05,8,6,57.1,13,1,92.9,7,7,50.0,5,9,35.7,14,0,100.0
Pseudoglutamicibacter_Cumminsii,14,0.1,14,0,100.0,14,0,100.0,10,4,71.4,10,4,71.4,14,0,100.0
Pseudoglutamicibacter_Cumminsii,14,0.5,14,0,100.0,14,0,100.0,14,0,100.0,14,0,100.0,14,0,100.0
Pseudoglutamicibacter_Cumminsii,14,1.0,14,0,100.0,14,0,100.0,14,0,100.0,14,0,100.0,14,0,100.0
Pseudomonas_Alcaligenes,11,0.01,0,11,0.0,0,11,0.0,9,2,81.8,0,11,0.0,9,2,81.8
Pseudomonas_Alcaligenes,11,0.05,2,9,18.2,10,1,90.9,9,2,81.8,2,9,18.2,10,1,90.9
Pseudomonas_Alcaligenes,11,0.1,8,3,72.7,10,1,90.9,10,1,90.9,7,4,63.6,11,0,100.0
Pseudomonas_Alcaligenes,11,0.5,11,0,100.0,11,0,100.0,11,0,100.0,11,0,100.0,11,0,100.0
Pseudomonas_Alcaligenes,11,1.0,11,0,100.0,11,0,100.0,11,0,100.0,11,0,100.0,11,0,100.0
Pseudomonas_Chlororaphis,22,0.01,0,22,0.0,0,22,0.0,18,4,81.8,0,22,0.0,18,4,81.8
Pseudomonas_Chlororaphis,22,0.05,5,17,22.7,18,4,81.8,19,3,86.4,5,17,22.7,19,3,86.4
Pseudomonas_Chlororaphis,22,0.1,14,8,63.6,21,1,95.5,20,2,90.9,12,10,54.5,22,0,100.0
Pseudomonas_Chlororaphis,22,0.5,22,0,100.0,22,0,100.0,22,0,100.0,22,0,100.0,22,0,100.0
Pseudomonas_Chlororaphis,22,1.0,22,0,100.0,22,0,100.0,22,0,100.0,22,0,100.0,22,0,100.0
Pseudomonas_Citronellolis,14,0.01,0,14,0.0,0,14,0.0,11,3,78.6,0,14,0.0,11,3,78.6
Pseudomonas_Citronellolis,14,0.05,0,14,0.0,11,3,78.6,11,3,78.6,0,14,0.0,11,3,78.6
Pseudomonas_Citronellolis,14,0.1,4,10,28.6,13,1,92.9,12,2,85.7,3,11,21.4,14,0,100.0
Pseudomonas_Citronellolis,14,0.5,6,8,42.9,14,0,100.0,14,0,100.0,6,8,42.9,14,0,100.0
Pseudomonas_Citronellolis,14,1.0,12,2,85.7,14,0,100.0,14,0,100.0,12,2,85.7,14,0,100.0
Pseudomonas_Fluorescens,46,0.01,0,46,0.0,0,46,0.0,20,26,43.5,0,46,0.0,20,26,43.5
Pseudomonas_Fluorescens,46,0.05,2,44,4.3,31,15,67.4,25,21,54.3,1,45,2.2,31,15,67.4
Pseudomonas_Fluorescens,46,0.1,41,5,89.1,35,11,76.1,32,14,69.6,25,21,54.3,45,1,97.8
Pseudomonas_Fluorescens,46,0.5,46,0,100.0,44,2,95.7,44,2,95.7,43,3,93.5,46,0,100.0
Pseudomonas_Fluorescens,46,1.0,46,0,100.0,45,1,97.8,45,1,97.8,44,2,95.7,46,0,100.0
Pseudomonas_Koreensis,20,0.01,0,20,0.0,0,20,0.0,11,9,55.0,0,20,0.0,11,9,55.0
Pseudomonas_Koreensis,20,0.05,1,19,5.0,17,3,85.0,12,8,60.0,0,20,0.0,17,3,85.0
Pseudomonas_Koreensis,20,0.1,17,3,85.0,19,1,95.0,18,2,90.0,15,5,75.0,20,0,100.0
Pseudomonas_Koreensis,20,0.5,20,0,100.0,19,1,95.0,18,2,90.0,18,2,90.0,20,0,100.0
Pseudomonas_Koreensis,20,1.0,20,0,100.0,19,1,95.0,19,1,95.0,18,2,90.0,20,0,100.0
Pseudomonas_Monteilii,41,0.01,1,40,2.4,0,41,0.0,38,3,92.7,0,41,0.0,38,3,92.7
Pseudomonas_Monteilii,41,0.05,12,29,29.3,40,1,97.6,39,2,95.1,12,29,29.3,40,1,97.6
Pseudomonas_Monteilii,41,0.1,31,10,75.6,41,0,100.0,41,0,100.0,31,10,75.6,41,0,100.0
Pseudomonas_Monteilii,41,0.5,40,1,97.6,41,0,100.0,41,0,100.0,40,1,97.6,41,0,100.0
Pseudomonas_Monteilii,41,1.0,41,0,100.0,41,0,100.0,41,0,100.0,41,0,100.0,41,0,100.0
Pseudomonas_Nitroreducens,11,0.01,0,11,0.0,0,11,0.0,10,1,90.9,0,11,0.0,10,1,90.9
Pseudomonas_Nitroreducens,11,0.05,1,10,9.1,10,1,90.9,10,1,90.9,1,10,9.1,10,1,90.9
Pseudomonas_Nitroreducens,11,0.1,1,10,9.1,11,0,100.0,10,1,90.9,1,10,9.1,11,0,100.0
Pseudomonas_Nitroreducens,11,0.5,8,3,72.7,11,0,100.0,11,0,100.0,8,3,72.7,11,0,100.0
Pseudomonas_Nitroreducens,11,1.0,8,3,72.7,11,0,100.0,11,0,100.0,8,3,72.7,11,0,100.0
Pseudomonas_Putida,143,0.01,0,143,0.0,0,143,0.0,74,69,51.7,0,143,0.0,74,69,51.7
Pseudomonas_Putida,143,0.05,5,138,3.5,123,20,86.0,96,47,67.1,1,142,0.7,123,20,86.0
Pseudomonas_Putida,143,0.1,124,19,86.7,131,12,91.6,117,26,81.8,97,46,67.8,142,1,99.3
Pseudomonas_Putida,143,0.5,143,0,100.0,139,4,97.2,138,5,96.5,135,8,94.4,143,0,100.0
Pseudomonas_Putida,143,1.0,143,0,100.0,141,2,98.6,138,5,96.5,137,6,95.8,143,0,100.0
Pseudomonas_Sp,19,0.01,1,18,5.3,0,19,0.0,13,6,68.4,0,19,0.0,13,6,68.4
Pseudomonas_Sp,19,0.05,2,17,10.5,18,1,94.7,14,5,73.7,1,18,5.3,18,1,94.7
Pseudomonas_Sp,19,0.1,9,10,47.4,19,0,100.0,17,2,89.5,8,11,42.1,19,0,100.0
Pseudomonas_Sp,19,0.5,18,1,94.7,19,0,100.0,19,0,100.0,18,1,94.7,19,0,100.0
Pseudomonas_Sp,19,1.0,19,0,100.0,19,0,100.0,19,0,100.0,19,0,100.0,19,0,100.0
Pseudomonas_Species,16,0.01,0,16,0.0,0,16,0.0,3,13,18.8,0,16,0.0,3,13,18.8
Pseudomonas_Species,16,0.05,3,13,18.8,13,3,81.2,6,10,37.5,0,16,0.0,13,3,81.2
Pseudomonas_Species,16,0.1,16,0,100.0,15,1,93.8,12,4,75.0,12,4,75.0,16,0,100.0
Pseudomonas_Species,16,0.5,16,0,100.0,15,1,93.8,12,4,75.0,12,4,75.0,16,0,100.0
Pseudomonas_Species,16,1.0,16,0,100.0,15,1,93.8,12,4,75.0,12,4,75.0,16,0,100.0
Pseudomonas_Stutzeri,64,0.01,0,64,0.0,0,64,0.0,36,28,56.2,0,64,0.0,36,28,56.2
Pseudomonas_Stutzeri,64,0.05,5,59,7.8,46,18,71.9,40,24,62.5,0,64,0.0,52,12,81.2
Pseudomonas_Stutzeri,64,0.1,42,22,65.6,51,13,79.7,46,18,71.9,27,37,42.2,61,3,95.3
Pseudomonas_Stutzeri,64,0.5,64,0,100.0,57,7,89.1,59,5,92.2,53,11,82.8,64,0,100.0
Pseudomonas_Stutzeri,64,1.0,64,0,100.0,62,2,96.9,59,5,92.2,58,6,90.6,64,0,100.0
Rahnella_Aquatilis,13,0.01,0,13,0.0,0,13,0.0,9,4,69.2,0,13,0.0,9,4,69.2
Rahnella_Aquatilis,13,0.05,0,13,0.0,9,4,69.2,9,4,69.2,0,13,0.0,10,3,76.9
Rahnella_Aquatilis,13,0.1,6,7,46.2,11,2,84.6,10,3,76.9,4,9,30.8,12,1,92.3
Rahnella_Aquatilis,13,0.5,13,0,100.0,12,1,92.3,13,0,100.0,12,1,92.3,13,0,100.0
Rahnella_Aquatilis,13,1.0,13,0,100.0,12,1,92.3,13,0,100.0,12,1,92.3,13,0,100.0
Ralstonia_Insidiosa,19,0.01,0,19,0.0,0,19,0.0,18,1,94.7,0,19,0.0,18,1,94.7
Ralstonia_Insidiosa,19,0.05,1,18,5.3,19,0,100.0,18,1,94.7,1,18,5.3,19,0,100.0
Ralstonia_Insidiosa,19,0.1,19,0,100.0,19,0,100.0,19,0,100.0,19,0,100.0,19,0,100.0
Ralstonia_Insidiosa,19,0.5,19,0,100.0,19,0,100.0,19,0,100.0,19,0,100.0,19,0,100.0
Ralstonia_Insidiosa,19,1.0,19,0,100.0,19,0,100.0,19,0,100.0,19,0,100.0,19,0,100.0
Ralstonia_Mannitolilytica,12,0.01,0,12,0.0,0,12,0.0,12,0,100.0,0,12,0.0,12,0,100.0
Ralstonia_Mannitolilytica,12,0.05,0,12,0.0,12,0,100.0,12,0,100.0,0,12,0.0,12,0,100.0
Ralstonia_Mannitolilytica,12,0.1,11,1,91.7,12,0,100.0,12,0,100.0,11,1,91.7,12,0,100.0
Ralstonia_Mannitolilytica,12,0.5,12,0,100.0,12,0,100.0,12,0,100.0,12,0,100.0,12,0,100.0
Ralstonia_Mannitolilytica,12,1.0,12,0,100.0,12,0,100.0,12,0,100.0,12,0,100.0,12,0,100.0
Raoultella_Ornithinolytica,99,0.01,0,99,0.0,0,99,0.0,8,91,8.1,0,99,0.0,8,91,8.1
Raoultella_Ornithinolytica,99,0.05,0,99,0.0,24,75,24.2,12,87,12.1,0,99,0.0,27,72,27.3
Raoultella_Ornithinolytica,99,0.1,21,78,21.2,35,64,35.4,22,77,22.2,2,97,2.0,60,39,60.6
Raoultella_Ornithinolytica,99,0.5,61,38,61.6,54,45,54.5,59,40,59.6,13,86,13.1,99,0,100.0
Raoultella_Ornithinolytica,99,1.0,77,22,77.8,63,36,63.6,87,12,87.9,38,61,38.4,99,0,100.0
Rhizobium_Radiobacter,15,0.01,0,15,0.0,0,15,0.0,6,9,40.0,0,15,0.0,6,9,40.0
Rhizobium_Radiobacter,15,0.05,2,13,13.3,8,7,53.3,6,9,40.0,0,15,0.0,8,7,53.3
Rhizobium_Radiobacter,15,0.1,9,6,60.0,9,6,60.0,9,6,60.0,3,12,20.0,15,0,100.0
Rhizobium_Radiobacter,15,0.5,15,0,100.0,11,4,73.3,9,6,60.0,9,6,60.0,15,0,100.0
Rhizobium_Radiobacter,15,1.0,15,0,100.0,12,3,80.0,11,4,73.3,10,5,66.7,15,0,100.0
Rothia_Mucilaginosa,38,0.01,1,37,2.6,0,38,0.0,36,2,94.7,0,38,0.0,36,2,94.7
Rothia_Mucilaginosa,38,0.05,18,20,47.4,37,1,97.4,37,1,97.4,18,20,47.4,37,1,97.4
Rothia_Mucilaginosa,38,0.1,34,4,89.5,38,0,100.0,37,1,97.4,33,5,86.8,38,0,100.0
Rothia_Mucilaginosa,38,0.5,38,0,100.0,38,0,100.0,38,0,100.0,38,0,100.0,38,0,100.0
Rothia_Mucilaginosa,38,1.0,38,0,100.0,38,0,100.0,38,0,100.0,38,0,100.0,38,0,100.0
Salibacterium_Salarium,12,0.01,0,12,0.0,0,12,0.0,12,0,100.0,0,12,0.0,12,0,100.0
Salibacterium_Salarium,12,0.05,0,12,0.0,12,0,100.0,12,0,100.0,0,12,0.0,12,0,100.0
Salibacterium_Salarium,12,0.1,12,0,100.0,12,0,100.0,12,0,100.0,12,0,100.0,12,0,100.0
Salibacterium_Salarium,12,0.5,12,0,100.0,12,0,100.0,12,0,100.0,12,0,100.0,12,0,100.0
Salibacterium_Salarium,12,1.0,12,0,100.0,12,0,100.0,12,0,100.0,12,0,100.0,12,0,100.0
Salmonella_Enterica,10,0.01,0,10,0.0,0,10,0.0,8,2,80.0,0,10,0.0,8,2,80.0
Salmonella_Enterica,10,0.05,0,10,0.0,10,0,100.0,8,2,80.0,0,10,0.0,10,0,100.0
Salmonella_Enterica,10,0.1,8,2,80.0,10,0,100.0,10,0,100.0,8,2,80.0,10,0,100.0
Salmonella_Enterica,10,0.5,10,0,100.0,10,0,100.0,10,0,100.0,10,0,100.0,10,0,100.0
Salmonella_Enterica,10,1.0,10,0,100.0,10,0,100.0,10,0,100.0,10,0,100.0,10,0,100.0
Salmonella_Sp,32,0.01,1,31,3.1,0,32,0.0,2,30,6.2,0,32,0.0,3,29,9.4
Salmonella_Sp,32,0.05,4,28,12.5,22,10,68.8,3,29,9.4,0,32,0.0,24,8,75.0
Salmonella_Sp,32,0.1,24,8,75.0,25,7,78.1,9,23,28.1,7,25,21.9,29,3,90.6
Salmonella_Sp,32,0.5,32,0,100.0,30,2,93.8,24,8,75.0,24,8,75.0,32,0,100.0
Salmonella_Sp,32,1.0,32,0,100.0,31,1,96.9,28,4,87.5,28,4,87.5,32,0,100.0
Salmonella_Spp,34,0.01,0,34,0.0,0,34,0.0,12,22,35.3,0,34,0.0,12,22,35.3
Salmonella_Spp,34,0.05,0,34,0.0,22,12,64.7,13,21,38.2,0,34,0.0,22,12,64.7
Salmonella_Spp,34,0.1,13,21,38.2,22,12,64.7,20,14,58.8,6,28,17.6,28,6,82.4
Salmonella_Spp,34,0.5,32,2,94.1,32,2,94.1,30,4,88.2,28,6,82.4,34,0,100.0
Salmonella_Spp,34,1.0,32,2,94.1,33,1,97.1,34,0,100.0,31,3,91.2,34,0,100.0
Serratia_Liquefaciens,93,0.01,0,93,0.0,0,93,0.0,51,42,54.8,0,93,0.0,51,42,54.8
Serratia_Liquefaciens,93,0.05,0,93,0.0,83,10,89.2,63,30,67.7,0,93,0.0,83,10,89.2
Serratia_Liquefaciens,93,0.1,68,25,73.1,88,5,94.6,78,15,83.9,56,37,60.2,93,0,100.0
Serratia_Liquefaciens,93,0.5,93,0,100.0,90,3,96.8,92,1,98.9,90,3,96.8,93,0,100.0
Serratia_Liquefaciens,93,1.0,93,0,100.0,93,0,100.0,93,0,100.0,93,0,100.0,93,0,100.0
Serratia_Marcescens,2333,0.01,0,2333,0.0,0,2333,0.0,1159,1174,49.7,0,2333,0.0,1159,1174,49.7
Serratia_Marcescens,2333,0.05,56,2277,2.4,2269,64,97.3,1366,967,58.6,13,2320,0.6,2270,63,97.3
Serratia_Marcescens,2333,0.1,1396,937,59.8,2295,38,98.4,1902,431,81.5,1067,1266,45.7,2317,16,99.3
Serratia_Marcescens,2333,0.5,2221,112,95.2,2326,7,99.7,2279,54,97.7,2168,165,92.9,2332,1,100.0
Serratia_Marcescens,2333,1.0,2302,31,98.7,2327,6,99.7,2288,45,98.1,2254,79,96.6,2332,1,100.0
Serratia_Rubidaea,17,0.01,0,17,0.0,0,17,0.0,14,3,82.4,0,17,0.0,14,3,82.4
Serratia_Rubidaea,17,0.05,0,17,0.0,16,1,94.1,15,2,88.2,0,17,0.0,16,1,94.1
Serratia_Rubidaea,17,0.1,6,11,35.3,16,1,94.1,16,1,94.1,5,12,29.4,17,0,100.0
Serratia_Rubidaea,17,0.5,11,6,64.7,17,0,100.0,17,0,100.0,11,6,64.7,17,0,100.0
Serratia_Rubidaea,17,1.0,17,0,100.0,17,0,100.0,17,0,100.0,17,0,100.0,17,0,100.0
Serratia_Ureilytica,24,0.01,0,24,0.0,0,24,0.0,24,0,100.0,0,24,0.0,24,0,100.0
Serratia_Ureilytica,24,0.05,0,24,0.0,24,0,100.0,24,0,100.0,0,24,0.0,24,0,100.0
Serratia_Ureilytica,24,0.1,10,14,41.7,24,0,100.0,24,0,100.0,10,14,41.7,24,0,100.0
Serratia_Ureilytica,24,0.5,23,1,95.8,24,0,100.0,24,0,100.0,23,1,95.8,24,0,100.0
Serratia_Ureilytica,24,1.0,24,0,100.0,24,0,100.0,24,0,100.0,24,0,100.0,24,0,100.0
Shigella_Sonnei,12,0.01,0,12,0.0,0,12,0.0,3,9,25.0,0,12,0.0,3,9,25.0
Shigella_Sonnei,12,0.05,0,12,0.0,6,6,50.0,3,9,25.0,0,12,0.0,6,6,50.0
Shigella_Sonnei,12,0.1,0,12,0.0,6,6,50.0,4,8,33.3,0,12,0.0,6,6,50.0
Shigella_Sonnei,12,0.5,1,11,8.3,11,1,91.7,11,1,91.7,1,11,8.3,12,0,100.0
Shigella_Sonnei,12,1.0,1,11,8.3,11,1,91.7,12,0,100.0,1,11,8.3,12,0,100.0
Sphingomonas_Paucimobilis,44,0.01,0,44,0.0,0,44,0.0,32,12,72.7,0,44,0.0,32,12,72.7
Sphingomonas_Paucimobilis,44,0.05,2,42,4.5,37,7,84.1,33,11,75.0,2,42,4.5,37,7,84.1
Sphingomonas_Paucimobilis,44,0.1,33,11,75.0,40,4,90.9,38,6,86.4,29,15,65.9,42,2,95.5
Sphingomonas_Paucimobilis,44,0.5,43,1,97.7,43,1,97.7,44,0,100.0,42,2,95.5,44,0,100.0
Sphingomonas_Paucimobilis,44,1.0,44,0,100.0,44,0,100.0,44,0,100.0,44,0,100.0,44,0,100.0
Staphylococcus_Auricularis,29,0.01,0,29,0.0,0,29,0.0,23,6,79.3,0,29,0.0,23,6,79.3
Staphylococcus_Auricularis,29,0.05,19,10,65.5,25,4,86.2,24,5,82.8,19,10,65.5,25,4,86.2
Staphylococcus_Auricularis,29,0.1,26,3,89.7,26,3,89.7,24,5,82.8,23,6,79.3,28,1,96.6
Staphylococcus_Auricularis,29,0.5,29,0,100.0,28,1,96.6,28,1,96.6,27,2,93.1,29,0,100.0
Staphylococcus_Auricularis,29,1.0,29,0,100.0,29,0,100.0,29,0,100.0,29,0,100.0,29,0,100.0
Staphylococcus_Capitis,979,0.01,3,976,0.3,0,979,0.0,373,606,38.1,0,979,0.0,373,606,38.1
Staphylococcus_Capitis,979,0.05,73,906,7.5,582,397,59.4,418,561,42.7,15,964,1.5,585,394,59.8
Staphylococcus_Capitis,979,0.1,591,388,60.4,604,375,61.7,498,481,50.9,134,845,13.7,974,5,99.5
Staphylococcus_Capitis,979,0.5,801,178,81.8,661,318,67.5,638,341,65.2,426,553,43.5,979,0,100.0
Staphylococcus_Capitis,979,1.0,927,52,94.7,682,297,69.7,721,258,73.6,577,402,58.9,979,0,100.0
Staphylococcus_Caprae,355,0.01,0,355,0.0,0,355,0.0,83,272,23.4,0,355,0.0,83,272,23.4
Staphylococcus_Caprae,355,0.05,24,331,6.8,169,186,47.6,101,254,28.5,2,353,0.6,170,185,47.9
Staphylococcus_Caprae,355,0.1,248,107,69.9,183,172,51.5,129,226,36.3,27,328,7.6,355,0,100.0
Staphylococcus_Caprae,355,0.5,320,35,90.1,191,164,53.8,173,182,48.7,136,219,38.3,355,0,100.0
Staphylococcus_Caprae,355,1.0,340,15,95.8,199,156,56.1,208,147,58.6,165,190,46.5,355,0,100.0
Staphylococcus_Cohnii,101,0.01,13,88,12.9,0,101,0.0,69,32,68.3,0,101,0.0,69,32,68.3
Staphylococcus_Cohnii,101,0.05,44,57,43.6,88,13,87.1,71,30,70.3,40,61,39.6,88,13,87.1
Staphylococcus_Cohnii,101,0.1,101,0,100.0,92,9,91.1,81,20,80.2,81,20,80.2,101,0,100.0
Staphylococcus_Cohnii,101,0.5,101,0,100.0,93,8,92.1,88,13,87.1,88,13,87.1,101,0,100.0
Staphylococcus_Cohnii,101,1.0,101,0,100.0,93,8,92.1,94,7,93.1,89,12,88.1,101,0,100.0
Staphylococcus_Condimenti,18,0.01,0,18,0.0,0,18,0.0,5,13,27.8,0,18,0.0,5,13,27.8
Staphylococcus_Condimenti,18,0.05,5,13,27.8,14,4,77.8,5,13,27.8,0,18,0.0,14,4,77.8
Staphylococcus_Condimenti,18,0.1,16,2,88.9,14,4,77.8,9,9,50.0,7,11,38.9,18,0,100.0
Staphylococcus_Condimenti,18,0.5,18,0,100.0,16,2,88.9,11,7,61.1,11,7,61.1,18,0,100.0
Staphylococcus_Condimenti,18,1.0,18,0,100.0,16,2,88.9,11,7,61.1,11,7,61.1,18,0,100.0
Staphylococcus_Epidermidis,9863,0.01,317,9546,3.2,0,9863,0.0,3821,6042,38.7,0,9863,0.0,3989,5874,40.4
Staphylococcus_Epidermidis,9863,0.05,1401,8462,14.2,7468,2395,75.7,4672,5191,47.4,677,9186,6.9,7634,2229,77.4
Staphylococcus_Epidermidis,9863,0.1,6927,2936,70.2,7969,1894,80.8,6298,3565,63.9,3735,6128,37.9,9724,139,98.6
Staphylococcus_Epidermidis,9863,0.5,9350,513,94.8,8660,1203,87.8,8565,1298,86.8,7780,2083,78.9,9862,1,100.0
Staphylococcus_Epidermidis,9863,1.0,9721,142,98.6,8925,938,90.5,9116,747,92.4,8466,1397,85.8,9862,1,100.0
Staphylococcus_Haemolyticus,893,0.01,40,853,4.5,0,893,0.0,238,655,26.7,0,893,0.0,258,635,28.9
Staphylococcus_Haemolyticus,893,0.05,192,701,21.5,541,352,60.6,281,612,31.5,96,797,10.8,565,328,63.3
Staphylococcus_Haemolyticus,893,0.1,792,101,88.7,600,293,67.2,404,489,45.2,325,568,36.4,880,13,98.5
Staphylococcus_Haemolyticus,893,0.5,887,6,99.3,694,199,77.7,687,206,76.9,635,258,71.1,893,0,100.0
Staphylococcus_Haemolyticus,893,1.0,891,2,99.8,744,149,83.3,791,102,88.6,699,194,78.3,893,0,100.0
Staphylococcus_Hominis,1491,0.01,44,1447,3.0,0,1491,0.0,858,633,57.5,0,1491,0.0,861,630,57.7
Staphylococcus_Hominis,1491,0.05,273,1218,18.3,1088,403,73.0,913,578,61.2,238,1253,16.0,1097,394,73.6
Staphylococcus_Hominis,1491,0.1,1248,243,83.7,1138,353,76.3,1014,477,68.0,776,715,52.0,1487,4,99.7
Staphylococcus_Hominis,1491,0.5,1461,30,98.0,1233,258,82.7,1278,213,85.7,1176,315,78.9,1491,0,100.0
Staphylococcus_Hominis,1491,1.0,1485,6,99.6,1274,217,85.4,1396,95,93.6,1250,241,83.8,1491,0,100.0
Staphylococcus_Intermedius,10,0.01,1,9,10.0,0,10,0.0,3,7,30.0,0,10,0.0,3,7,30.0
Staphylococcus_Intermedius,10,0.05,1,9,10.0,5,5,50.0,5,5,50.0,1,9,10.0,5,5,50.0
Staphylococcus_Intermedius,10,0.1,7,3,70.0,6,4,60.0,5,5,50.0,5,5,50.0,8,2,80.0
Staphylococcus_Intermedius,10,0.5,10,0,100.0,9,1,90.0,9,1,90.0,9,1,90.0,10,0,100.0
Staphylococcus_Intermedius,10,1.0,10,0,100.0,9,1,90.0,9,1,90.0,9,1,90.0,10,0,100.0
Staphylococcus_Lugdunensis,950,0.01,2,948,0.2,0,950,0.0,229,721,24.1,0,950,0.0,230,720,24.2
Staphylococcus_Lugdunensis,950,0.05,47,903,4.9,656,294,69.1,307,643,32.3,4,946,0.4,662,288,69.7
Staphylococcus_Lugdunensis,950,0.1,361,589,38.0,718,232,75.6,483,467,50.8,74,876,7.8,898,52,94.5
Staphylococcus_Lugdunensis,950,0.5,487,463,51.3,793,157,83.5,779,171,82.0,292,658,30.7,950,0,100.0
Staphylococcus_Lugdunensis,950,1.0,588,362,61.9,828,122,87.2,839,111,88.3,431,519,45.4,950,0,100.0
Staphylococcus_Pasteuri,34,0.01,0,34,0.0,0,34,0.0,10,24,29.4,0,34,0.0,10,24,29.4
Staphylococcus_Pasteuri,34,0.05,1,33,2.9,20,14,58.8,11,23,32.4,0,34,0.0,20,14,58.8
Staphylococcus_Pasteuri,34,0.1,21,13,61.8,23,11,67.6,15,19,44.1,3,31,8.8,34,0,100.0
Staphylococcus_Pasteuri,34,0.5,29,5,85.3,25,9,73.5,24,10,70.6,19,15,55.9,34,0,100.0
Staphylococcus_Pasteuri,34,1.0,33,1,97.1,25,9,73.5,30,4,88.2,23,11,67.6,34,0,100.0
Staphylococcus_Pettenkoferi,154,0.01,2,152,1.3,0,154,0.0,70,84,45.5,0,154,0.0,70,84,45.5
Staphylococcus_Pettenkoferi,154,0.05,37,117,24.0,113,41,73.4,77,77,50.0,30,124,19.5,114,40,74.0
Staphylococcus_Pettenkoferi,154,0.1,147,7,95.5,119,35,77.3,88,66,57.1,81,73,52.6,154,0,100.0
Staphylococcus_Pettenkoferi,154,0.5,154,0,100.0,121,33,78.6,117,37,76.0,115,39,74.7,154,0,100.0
Staphylococcus_Pettenkoferi,154,1.0,154,0,100.0,125,29,81.2,130,24,84.4,120,34,77.9,154,0,100.0
Staphylococcus_Pseudintermedius,31,0.01,1,30,3.2,0,31,0.0,21,10,67.7,0,31,0.0,21,10,67.7
Staphylococcus_Pseudintermedius,31,0.05,4,27,12.9,27,4,87.1,23,8,74.2,4,27,12.9,27,4,87.1
Staphylococcus_Pseudintermedius,31,0.1,25,6,80.6,28,3,90.3,24,7,77.4,18,13,58.1,31,0,100.0
Staphylococcus_Pseudintermedius,31,0.5,31,0,100.0,28,3,90.3,28,3,90.3,28,3,90.3,31,0,100.0
Staphylococcus_Pseudintermedius,31,1.0,31,0,100.0,30,1,96.8,30,1,96.8,30,1,96.8,31,0,100.0
Staphylococcus_Saccharolyticus,12,0.01,1,11,8.3,0,12,0.0,8,4,66.7,0,12,0.0,8,4,66.7
Staphylococcus_Saccharolyticus,12,0.05,3,9,25.0,11,1,91.7,8,4,66.7,2,10,16.7,11,1,91.7
Staphylococcus_Saccharolyticus,12,0.1,7,5,58.3,11,1,91.7,10,2,83.3,5,7,41.7,12,0,100.0
Staphylococcus_Saccharolyticus,12,0.5,12,0,100.0,11,1,91.7,10,2,83.3,10,2,83.3,12,0,100.0
Staphylococcus_Saccharolyticus,12,1.0,12,0,100.0,11,1,91.7,10,2,83.3,10,2,83.3,12,0,100.0
Staphylococcus_Saprophyticus,601,0.01,14,587,2.3,0,601,0.0,320,281,53.2,0,601,0.0,327,274,54.4
Staphylococcus_Saprophyticus,601,0.05,223,378,37.1,416,185,69.2,350,251,58.2,129,472,21.5,484,117,80.5
Staphylococcus_Saprophyticus,601,0.1,565,36,94.0,438,163,72.9,387,214,64.4,353,248,58.7,598,3,99.5
Staphylococcus_Saprophyticus,601,0.5,601,0,100.0,494,107,82.2,516,85,85.9,481,120,80.0,601,0,100.0
Staphylococcus_Saprophyticus,601,1.0,601,0,100.0,523,78,87.0,575,26,95.7,513,88,85.4,601,0,100.0
Staphylococcus_Schleiferi,32,0.01,8,24,25.0,0,32,0.0,17,15,53.1,0,32,0.0,19,13,59.4
Staphylococcus_Schleiferi,32,0.05,20,12,62.5,22,10,68.8,19,13,59.4,17,15,53.1,22,10,68.8
Staphylococcus_Schleiferi,32,0.1,31,1,96.9,22,10,68.8,21,11,65.6,20,12,62.5,32,0,100.0
Staphylococcus_Schleiferi,32,0.5,32,0,100.0,23,9,71.9,23,9,71.9,22,10,68.8,32,0,100.0
Staphylococcus_Schleiferi,32,1.0,32,0,100.0,23,9,71.9,24,8,75.0,22,10,68.8,32,0,100.0
Staphylococcus_Sciuri,18,0.01,0,18,0.0,0,18,0.0,4,14,22.2,0,18,0.0,4,14,22.2
Staphylococcus_Sciuri,18,0.05,0,18,0.0,11,7,61.1,5,13,27.8,0,18,0.0,11,7,61.1
Staphylococcus_Sciuri,18,0.1,18,0,100.0,13,5,72.2,11,7,61.1,11,7,61.1,18,0,100.0
Staphylococcus_Sciuri,18,0.5,18,0,100.0,14,4,77.8,14,4,77.8,14,4,77.8,18,0,100.0
Staphylococcus_Sciuri,18,1.0,18,0,100.0,14,4,77.8,16,2,88.9,14,4,77.8,18,0,100.0
Staphylococcus_Simulans,155,0.01,1,154,0.6,0,155,0.0,54,101,34.8,0,155,0.0,54,101,34.8
Staphylococcus_Simulans,155,0.05,24,131,15.5,113,42,72.9,64,91,41.3,9,146,5.8,113,42,72.9
Staphylococcus_Simulans,155,0.1,124,31,80.0,119,36,76.8,82,73,52.9,55,100,35.5,152,3,98.1
Staphylococcus_Simulans,155,0.5,154,1,99.4,131,24,84.5,119,36,76.8,116,39,74.8,155,0,100.0
Staphylococcus_Simulans,155,1.0,155,0,100.0,136,19,87.7,136,19,87.7,123,32,79.4,155,0,100.0
Staphylococcus_Sp[1],10,0.01,0,10,0.0,0,10,0.0,10,0,100.0,0,10,0.0,10,0,100.0
Staphylococcus_Sp[1],10,0.05,0,10,0.0,10,0,100.0,10,0,100.0,0,10,0.0,10,0,100.0
Staphylococcus_Sp[1],10,0.1,3,7,30.0,10,0,100.0,10,0,100.0,3,7,30.0,10,0,100.0
Staphylococcus_Sp[1],10,0.5,9,1,90.0,10,0,100.0,10,0,100.0,9,1,90.0,10,0,100.0
Staphylococcus_Sp[1],10,1.0,10,0,100.0,10,0,100.0,10,0,100.0,10,0,100.0,10,0,100.0
Staphylococcus_Warneri,212,0.01,0,212,0.0,0,212,0.0,93,119,43.9,0,212,0.0,93,119,43.9
Staphylococcus_Warneri,212,0.05,9,203,4.2,129,83,60.8,106,106,50.0,1,211,0.5,131,81,61.8
Staphylococcus_Warneri,212,0.1,104,108,49.1,139,73,65.6,118,94,55.7,16,196,7.5,210,2,99.1
Staphylococcus_Warneri,212,0.5,144,68,67.9,148,64,69.8,150,62,70.8,74,138,34.9,212,0,100.0
Staphylococcus_Warneri,212,1.0,180,32,84.9,154,58,72.6,166,46,78.3,116,96,54.7,212,0,100.0
Staphylococcus_Xylosus,36,0.01,2,34,5.6,0,36,0.0,19,17,52.8,0,36,0.0,19,17,52.8
Staphylococcus_Xylosus,36,0.05,12,24,33.3,23,13,63.9,21,15,58.3,9,27,25.0,25,11,69.4
Staphylococcus_Xylosus,36,0.1,30,6,83.3,27,9,75.0,21,15,58.3,16,20,44.4,35,1,97.2
Staphylococcus_Xylosus,36,0.5,36,0,100.0,29,7,80.6,28,8,77.8,28,8,77.8,36,0,100.0
Staphylococcus_Xylosus,36,1.0,36,0,100.0,29,7,80.6,32,4,88.9,28,8,77.8,36,0,100.0
Stenotrophomonas_Maltophilia,752,0.01,8,744,1.1,0,752,0.0,666,86,88.6,0,752,0.0,666,86,88.6
Stenotrophomonas_Maltophilia,752,0.05,197,555,26.2,739,13,98.3,690,62,91.8,172,580,22.9,740,12,98.4
Stenotrophomonas_Maltophilia,752,0.1,725,27,96.4,748,4,99.5,713,39,94.8,687,65,91.4,752,0,100.0
Stenotrophomonas_Maltophilia,752,0.5,750,2,99.7,751,1,99.9,727,25,96.7,725,27,96.4,752,0,100.0
Stenotrophomonas_Maltophilia,752,1.0,752,0,100.0,751,1,99.9,727,25,96.7,727,25,96.7,752,0,100.0
Stenotrophomonas_Rhizophila,14,0.01,0,14,0.0,0,14,0.0,14,0,100.0,0,14,0.0,14,0,100.0
Stenotrophomonas_Rhizophila,14,0.05,0,14,0.0,14,0,100.0,14,0,100.0,0,14,0.0,14,0,100.0
Stenotrophomonas_Rhizophila,14,0.1,10,4,71.4,14,0,100.0,14,0,100.0,10,4,71.4,14,0,100.0
Stenotrophomonas_Rhizophila,14,0.5,14,0,100.0,14,0,100.0,14,0,100.0,14,0,100.0,14,0,100.0
Stenotrophomonas_Rhizophila,14,1.0,14,0,100.0,14,0,100.0,14,0,100.0,14,0,100.0,14,0,100.0
Stenotrophomonas_Species,12,0.01,0,12,0.0,0,12,0.0,7,5,58.3,0,12,0.0,7,5,58.3
Stenotrophomonas_Species,12,0.05,2,10,16.7,12,0,100.0,9,3,75.0,0,12,0.0,12,0,100.0
Stenotrophomonas_Species,12,0.1,10,2,83.3,12,0,100.0,9,3,75.0,7,5,58.3,12,0,100.0
Stenotrophomonas_Species,12,0.5,12,0,100.0,12,0,100.0,10,2,83.3,10,2,83.3,12,0,100.0
Stenotrophomonas_Species,12,1.0,12,0,100.0,12,0,100.0,10,2,83.3,10,2,83.3,12,0,100.0
Streptococcus_Agalactiae,2321,0.01,0,2321,0.0,0,2321,0.0,973,1348,41.9,0,2321,0.0,973,1348,41.9
Streptococcus_Agalactiae,2321,0.05,195,2126,8.4,1651,670,71.1,1149,1172,49.5,14,2307,0.6,1659,662,71.5
Streptococcus_Agalactiae,2321,0.1,1665,656,71.7,1762,559,75.9,1388,933,59.8,823,1498,35.5,2292,29,98.8
Streptococcus_Agalactiae,2321,0.5,2312,9,99.6,1929,392,83.1,1772,549,76.3,1720,601,74.1,2321,0,100.0
Streptococcus_Agalactiae,2321,1.0,2317,4,99.8,1990,331,85.7,1942,379,83.7,1817,504,78.3,2321,0,100.0
Streptococcus_Anginosus,888,0.01,0,888,0.0,0,888,0.0,221,667,24.9,0,888,0.0,221,667,24.9
Streptococcus_Anginosus,888,0.05,127,761,14.3,595,293,67.0,265,623,29.8,2,886,0.2,596,292,67.1
Streptococcus_Anginosus,888,0.1,750,138,84.5,662,226,74.5,387,501,43.6,311,577,35.0,833,55,93.8
Streptococcus_Anginosus,888,0.5,886,2,99.8,756,132,85.1,639,249,72.0,615,273,69.3,888,0,100.0
Streptococcus_Anginosus,888,1.0,888,0,100.0,788,100,88.7,705,183,79.4,664,224,74.8,888,0,100.0
Streptococcus_Canis,20,0.01,0,20,0.0,0,20,0.0,15,5,75.0,0,20,0.0,15,5,75.0
Streptococcus_Canis,20,0.05,0,20,0.0,17,3,85.0,17,3,85.0,0,20,0.0,17,3,85.0
Streptococcus_Canis,20,0.1,5,15,25.0,18,2,90.0,19,1,95.0,4,16,20.0,19,1,95.0
Streptococcus_Canis,20,0.5,20,0,100.0,19,1,95.0,19,1,95.0,19,1,95.0,20,0,100.0
Streptococcus_Canis,20,1.0,20,0,100.0,19,1,95.0,20,0,100.0,19,1,95.0,20,0,100.0
Streptococcus_Constellatus,420,0.01,0,420,0.0,0,420,0.0,125,295,29.8,0,420,0.0,125,295,29.8
Streptococcus_Constellatus,420,0.05,60,360,14.3,299,121,71.2,146,274,34.8,6,414,1.4,301,119,71.7
Streptococcus_Constellatus,420,0.1,323,97,76.9,326,94,77.6,204,216,48.6,136,284,32.4,405,15,96.4
Streptococcus_Constellatus,420,0.5,420,0,100.0,356,64,84.8,294,126,70.0,293,127,69.8,420,0,100.0
Streptococcus_Constellatus,420,1.0,420,0,100.0,375,45,89.3,334,86,79.5,321,99,76.4,420,0,100.0
Streptococcus_Cristatus,21,0.01,1,20,4.8,0,21,0.0,18,3,85.7,0,21,0.0,18,3,85.7
Streptococcus_Cristatus,21,0.05,7,14,33.3,19,2,90.5,19,2,90.5,7,14,33.3,19,2,90.5
Streptococcus_Cristatus,21,0.1,21,0,100.0,21,0,100.0,20,1,95.2,20,1,95.2,21,0,100.0
Streptococcus_Cristatus,21,0.5,21,0,100.0,21,0,100.0,21,0,100.0,21,0,100.0,21,0,100.0
Streptococcus_Cristatus,21,1.0,21,0,100.0,21,0,100.0,21,0,100.0,21,0,100.0,21,0,100.0
Streptococcus_Dysgalactiae,726,0.01,0,726,0.0,0,726,0.0,192,534,26.4,0,726,0.0,192,534,26.4
Streptococcus_Dysgalactiae,726,0.05,113,613,15.6,486,240,66.9,218,508,30.0,2,724,0.3,486,240,66.9
Streptococcus_Dysgalactiae,726,0.1,596,130,82.1,533,193,73.4,275,451,37.9,154,572,21.2,720,6,99.2
Streptococcus_Dysgalactiae,726,0.5,723,3,99.6,619,107,85.3,460,266,63.4,455,271,62.7,726,0,100.0
Streptococcus_Dysgalactiae,726,1.0,726,0,100.0,649,77,89.4,551,175,75.9,536,190,73.8,726,0,100.0
Streptococcus_Gallolyticus,334,0.01,0,334,0.0,0,334,0.0,198,136,59.3,0,334,0.0,198,136,59.3
Streptococcus_Gallolyticus,334,0.05,23,311,6.9,274,60,82.0,222,112,66.5,2,332,0.6,276,58,82.6
Streptococcus_Gallolyticus,334,0.1,139,195,41.6,284,50,85.0,246,88,73.7,67,267,20.1,324,10,97.0
Streptococcus_Gallolyticus,334,0.5,325,9,97.3,299,35,89.5,282,52,84.4,269,65,80.5,334,0,100.0
Streptococcus_Gallolyticus,334,1.0,334,0,100.0,300,34,89.8,294,40,88.0,281,53,84.1,334,0,100.0
Streptococcus_Gordonii,101,0.01,1,100,1.0,0,101,0.0,51,50,50.5,0,101,0.0,51,50,50.5
Streptococcus_Gordonii,101,0.05,23,78,22.8,77,24,76.2,57,44,56.4,13,88,12.9,77,24,76.2
Streptococcus_Gordonii,101,0.1,77,24,76.2,82,19,81.2,63,38,62.4,52,49,51.5,91,10,90.1
Streptococcus_Gordonii,101,0.5,100,1,99.0,94,7,93.1,82,19,81.2,81,20,80.2,101,0,100.0
Streptococcus_Gordonii,101,1.0,101,0,100.0,96,5,95.0,87,14,86.1,86,15,85.1,101,0,100.0
Streptococcus_Infantis,12,0.01,0,12,0.0,0,12,0.0,11,1,91.7,0,12,0.0,11,1,91.7
Streptococcus_Infantis,12,0.05,1,11,8.3,12,0,100.0,12,0,100.0,1,11,8.3,12,0,100.0
Streptococcus_Infantis,12,0.1,7,5,58.3,12,0,100.0,12,0,100.0,7,5,58.3,12,0,100.0
Streptococcus_Infantis,12,0.5,10,2,83.3,12,0,100.0,12,0,100.0,10,2,83.3,12,0,100.0
Streptococcus_Infantis,12,1.0,12,0,100.0,12,0,100.0,12,0,100.0,12,0,100.0,12,0,100.0
Streptococcus_Intermedius,231,0.01,1,230,0.4,0,231,0.0,95,136,41.1,0,231,0.0,95,136,41.1
Streptococcus_Intermedius,231,0.05,18,213,7.8,155,76,67.1,107,124,46.3,8,223,3.5,157,74,68.0
Streptococcus_Intermedius,231,0.1,154,77,66.7,173,58,74.9,137,94,59.3,90,141,39.0,215,16,93.1
Streptococcus_Intermedius,231,0.5,228,3,98.7,194,37,84.0,186,45,80.5,178,53,77.1,231,0,100.0
Streptococcus_Intermedius,231,1.0,229,2,99.1,202,29,87.4,205,26,88.7,191,40,82.7,231,0,100.0
Streptococcus_Lutetiensis,16,0.01,0,16,0.0,0,16,0.0,12,4,75.0,0,16,0.0,12,4,75.0
Streptococcus_Lutetiensis,16,0.05,1,15,6.2,14,2,87.5,14,2,87.5,1,15,6.2,14,2,87.5
Streptococcus_Lutetiensis,16,0.1,13,3,81.2,16,0,100.0,16,0,100.0,13,3,81.2,16,0,100.0
Streptococcus_Lutetiensis,16,0.5,16,0,100.0,16,0,100.0,16,0,100.0,16,0,100.0,16,0,100.0
Streptococcus_Lutetiensis,16,1.0,16,0,100.0,16,0,100.0,16,0,100.0,16,0,100.0,16,0,100.0
Streptococcus_Massiliensis,22,0.01,0,22,0.0,0,22,0.0,13,9,59.1,0,22,0.0,13,9,59.1
Streptococcus_Massiliensis,22,0.05,1,21,4.5,17,5,77.3,14,8,63.6,0,22,0.0,17,5,77.3
Streptococcus_Massiliensis,22,0.1,18,4,81.8,19,3,86.4,15,7,68.2,12,10,54.5,21,1,95.5
Streptococcus_Massiliensis,22,0.5,22,0,100.0,20,2,90.9,18,4,81.8,18,4,81.8,22,0,100.0
Streptococcus_Massiliensis,22,1.0,22,0,100.0,21,1,95.5,21,1,95.5,20,2,90.9,22,0,100.0
Streptococcus_Mitis,156,0.01,0,156,0.0,0,156,0.0,136,20,87.2,0,156,0.0,136,20,87.2
Streptococcus_Mitis,156,0.05,7,149,4.5,145,11,92.9,141,15,90.4,7,149,4.5,145,11,92.9
Streptococcus_Mitis,156,0.1,81,75,51.9,149,7,95.5,149,7,95.5,77,79,49.4,153,3,98.1
Streptococcus_Mitis,156,0.5,151,5,96.8,152,4,97.4,155,1,99.4,147,9,94.2,156,0,100.0
Streptococcus_Mitis,156,1.0,155,1,99.4,153,3,98.1,156,0,100.0,152,4,97.4,156,0,100.0
Streptococcus_Mitis/oralis,446,0.01,0,446,0.0,0,446,0.0,44,402,9.9,0,446,0.0,44,402,9.9
Streptococcus_Mitis/oralis,446,0.05,111,335,24.9,277,169,62.1,65,381,14.6,0,446,0.0,277,169,62.1
Streptococcus_Mitis/oralis,446,0.1,381,65,85.4,304,142,68.2,108,338,24.2,95,351,21.3,408,38,91.5
Streptococcus_Mitis/oralis,446,0.5,445,1,99.8,353,93,79.1,225,221,50.4,222,224,49.8,446,0,100.0
Streptococcus_Mitis/oralis,446,1.0,446,0,100.0,373,73,83.6,277,169,62.1,261,185,58.5,446,0,100.0
Streptococcus_Mutans,16,0.01,0,16,0.0,0,16,0.0,6,10,37.5,0,16,0.0,6,10,37.5
Streptococcus_Mutans,16,0.05,3,13,18.8,12,4,75.0,6,10,37.5,0,16,0.0,12,4,75.0
Streptococcus_Mutans,16,0.1,14,2,87.5,12,4,75.0,6,10,37.5,6,10,37.5,16,0,100.0
Streptococcus_Mutans,16,0.5,16,0,100.0,13,3,81.2,11,5,68.8,9,7,56.2,16,0,100.0
Streptococcus_Mutans,16,1.0,16,0,100.0,16,0,100.0,13,3,81.2,13,3,81.2,16,0,100.0
Streptococcus_Oralis,271,0.01,1,270,0.4,0,271,0.0,227,44,83.8,0,271,0.0,227,44,83.8
Streptococcus_Oralis,271,0.05,11,260,4.1,245,26,90.4,240,31,88.6,11,260,4.1,246,25,90.8
Streptococcus_Oralis,271,0.1,157,114,57.9,254,17,93.7,252,19,93.0,149,122,55.0,262,9,96.7
Streptococcus_Oralis,271,0.5,271,0,100.0,266,5,98.2,271,0,100.0,266,5,98.2,271,0,100.0
Streptococcus_Oralis,271,1.0,271,0,100.0,268,3,98.9,271,0,100.0,268,3,98.9,271,0,100.0
Streptococcus_Parasanguinis,200,0.01,0,200,0.0,0,200,0.0,127,73,63.5,0,200,0.0,127,73,63.5
Streptococcus_Parasanguinis,200,0.05,24,176,12.0,177,23,88.5,140,60,70.0,5,195,2.5,177,23,88.5
Streptococcus_Parasanguinis,200,0.1,139,61,69.5,180,20,90.0,152,48,76.0,96,104,48.0,194,6,97.0
Streptococcus_Parasanguinis,200,0.5,197,3,98.5,190,10,95.0,168,32,84.0,164,36,82.0,200,0,100.0
Streptococcus_Parasanguinis,200,1.0,200,0,100.0,195,5,97.5,179,21,89.5,176,24,88.0,200,0,100.0
Streptococcus_Peroris,10,0.01,0,10,0.0,0,10,0.0,5,5,50.0,0,10,0.0,5,5,50.0
Streptococcus_Peroris,10,0.05,0,10,0.0,8,2,80.0,6,4,60.0,0,10,0.0,8,2,80.0
Streptococcus_Peroris,10,0.1,0,10,0.0,9,1,90.0,8,2,80.0,0,10,0.0,9,1,90.0
Streptococcus_Peroris,10,0.5,7,3,70.0,10,0,100.0,10,0,100.0,7,3,70.0,10,0,100.0
Streptococcus_Peroris,10,1.0,10,0,100.0,10,0,100.0,10,0,100.0,10,0,100.0,10,0,100.0
Streptococcus_Pneumoniae,624,0.01,1,623,0.2,0,624,0.0,412,212,66.0,0,624,0.0,412,212,66.0
Streptococcus_Pneumoniae,624,0.05,39,585,6.2,516,108,82.7,447,177,71.6,11,613,1.8,522,102,83.7
Streptococcus_Pneumoniae,624,0.1,282,342,45.2,546,78,87.5,503,121,80.6,213,411,34.1,582,42,93.3
Streptococcus_Pneumoniae,624,0.5,598,26,95.8,581,43,93.1,571,53,91.5,527,97,84.5,624,0,100.0
Streptococcus_Pneumoniae,624,1.0,616,8,98.7,593,31,95.0,583,41,93.4,557,67,89.3,624,0,100.0
Streptococcus_Pseudopneumoniae,18,0.01,0,18,0.0,0,18,0.0,18,0,100.0,0,18,0.0,18,0,100.0
Streptococcus_Pseudopneumoniae,18,0.05,1,17,5.6,18,0,100.0,18,0,100.0,1,17,5.6,18,0,100.0
Streptococcus_Pseudopneumoniae,18,0.1,7,11,38.9,18,0,100.0,18,0,100.0,7,11,38.9,18,0,100.0
Streptococcus_Pseudopneumoniae,18,0.5,16,2,88.9,18,0,100.0,18,0,100.0,16,2,88.9,18,0,100.0
Streptococcus_Pseudopneumoniae,18,1.0,18,0,100.0,18,0,100.0,18,0,100.0,18,0,100.0,18,0,100.0
Streptococcus_Pyogenes,605,0.01,1,604,0.2,0,605,0.0,344,261,56.9,0,605,0.0,344,261,56.9
Streptococcus_Pyogenes,605,0.05,33,572,5.5,538,67,88.9,397,208,65.6,7,598,1.2,538,67,88.9
Streptococcus_Pyogenes,605,0.1,238,367,39.3,550,55,90.9,460,145,76.0,133,472,22.0,594,11,98.2
Streptococcus_Pyogenes,605,0.5,590,15,97.5,572,33,94.5,545,60,90.1,528,77,87.3,605,0,100.0
Streptococcus_Pyogenes,605,1.0,604,1,99.8,578,27,95.5,564,41,93.2,552,53,91.2,605,0,100.0
Streptococcus_Salivarius,227,0.01,0,227,0.0,0,227,0.0,46,181,20.3,0,227,0.0,46,181,20.3
Streptococcus_Salivarius,227,0.05,43,184,18.9,128,99,56.4,59,168,26.0,0,227,0.0,128,99,56.4
Streptococcus_Salivarius,227,0.1,208,19,91.6,138,89,60.8,78,149,34.4,63,164,27.8,226,1,99.6
Streptococcus_Salivarius,227,0.5,226,1,99.6,160,67,70.5,130,97,57.3,115,112,50.7,227,0,100.0
Streptococcus_Salivarius,227,1.0,226,1,99.6,170,57,74.9,161,66,70.9,126,101,55.5,227,0,100.0
Streptococcus_Sanguinis,71,0.01,2,69,2.8,0,71,0.0,58,13,81.7,0,71,0.0,58,13,81.7
Streptococcus_Sanguinis,71,0.05,12,59,16.9,68,3,95.8,59,12,83.1,11,60,15.5,68,3,95.8
Streptococcus_Sanguinis,71,0.1,58,13,81.7,69,2,97.2,66,5,93.0,54,17,76.1,71,0,100.0
Streptococcus_Sanguinis,71,0.5,70,1,98.6,70,1,98.6,70,1,98.6,68,3,95.8,71,0,100.0
Streptococcus_Sanguinis,71,1.0,71,0,100.0,71,0,100.0,70,1,98.6,70,1,98.6,71,0,100.0
Streptococcus_Species,13,0.01,0,13,0.0,0,13,0.0,0,13,0.0,0,13,0.0,0,13,0.0
Streptococcus_Species,13,0.05,1,12,7.7,4,9,30.8,0,13,0.0,0,13,0.0,4,9,30.8
Streptococcus_Species,13,0.1,9,4,69.2,6,7,46.2,0,13,0.0,0,13,0.0,10,3,76.9
Streptococcus_Species,13,0.5,13,0,100.0,8,5,61.5,6,7,46.2,6,7,46.2,13,0,100.0
Streptococcus_Species,13,1.0,13,0,100.0,8,5,61.5,9,4,69.2,7,6,53.8,13,0,100.0
Streptococcus_Vestibularis,70,0.01,0,70,0.0,0,70,0.0,34,36,48.6,0,70,0.0,34,36,48.6
Streptococcus_Vestibularis,70,0.05,8,62,11.4,52,18,74.3,40,30,57.1,1,69,1.4,52,18,74.3
Streptococcus_Vestibularis,70,0.1,53,17,75.7,54,16,77.1,43,27,61.4,29,41,41.4,70,0,100.0
Streptococcus_Vestibularis,70,0.5,70,0,100.0,61,9,87.1,52,18,74.3,51,19,72.9,70,0,100.0
Streptococcus_Vestibularis,70,1.0,70,0,100.0,63,7,90.0,57,13,81.4,56,14,80.0,70,0,100.0
Streptococcus_gruppe_g,41,0.01,0,41,0.0,0,41,0.0,3,38,7.3,0,41,0.0,3,38,7.3
Streptococcus_gruppe_g,41,0.05,7,34,17.1,20,21,48.8,3,38,7.3,0,41,0.0,20,21,48.8
Streptococcus_gruppe_g,41,0.1,41,0,100.0,24,17,58.5,6,35,14.6,6,35,14.6,41,0,100.0
Streptococcus_gruppe_g,41,0.5,41,0,100.0,30,11,73.2,19,22,46.3,19,22,46.3,41,0,100.0
Streptococcus_gruppe_g,41,1.0,41,0,100.0,33,8,80.5,27,14,65.9,26,15,63.4,41,0,100.0
Streptococcus_salivarius_ssp_thermophilus,27,0.01,0,27,0.0,0,27,0.0,19,8,70.4,0,27,0.0,19,8,70.4
Streptococcus_salivarius_ssp_thermophilus,27,0.05,2,25,7.4,22,5,81.5,22,5,81.5,2,25,7.4,22,5,81.5
Streptococcus_salivarius_ssp_thermophilus,27,0.1,20,7,74.1,22,5,81.5,22,5,81.5,16,11,59.3,26,1,96.3
Streptococcus_salivarius_ssp_thermophilus,27,0.5,27,0,100.0,22,5,81.5,22,5,81.5,22,5,81.5,27,0,100.0
Streptococcus_salivarius_ssp_thermophilus,27,1.0,27,0,100.0,22,5,81.5,26,1,96.3,22,5,81.5,27,0,100.0
Streptokokken_der_viridans-gruppe,16,0.01,0,16,0.0,0,16,0.0,2,14,12.5,0,16,0.0,2,14,12.5
Streptokokken_der_viridans-gruppe,16,0.05,6,10,37.5,11,5,68.8,2,14,12.5,0,16,0.0,11,5,68.8
Streptokokken_der_viridans-gruppe,16,0.1,14,2,87.5,11,5,68.8,3,13,18.8,3,13,18.8,15,1,93.8
Streptokokken_der_viridans-gruppe,16,0.5,16,0,100.0,12,4,75.0,6,10,37.5,6,10,37.5,16,0,100.0
Streptokokken_der_viridans-gruppe,16,1.0,16,0,100.0,12,4,75.0,6,10,37.5,6,10,37.5,16,0,100.0
Sutcliffiella_Cohnii,36,0.01,0,36,0.0,0,36,0.0,36,0,100.0,0,36,0.0,36,0,100.0
Sutcliffiella_Cohnii,36,0.05,18,18,50.0,36,0,100.0,36,0,100.0,18,18,50.0,36,0,100.0
Sutcliffiella_Cohnii,36,0.1,36,0,100.0,36,0,100.0,36,0,100.0,36,0,100.0,36,0,100.0
Sutcliffiella_Cohnii,36,0.5,36,0,100.0,36,0,100.0,36,0,100.0,36,0,100.0,36,0,100.0
Sutcliffiella_Cohnii,36,1.0,36,0,100.0,36,0,100.0,36,0,100.0,36,0,100.0,36,0,100.0
Trueperella_Bernardiae,32,0.01,0,32,0.0,0,32,0.0,25,7,78.1,0,32,0.0,25,7,78.1
Trueperella_Bernardiae,32,0.05,0,32,0.0,29,3,90.6,27,5,84.4,0,32,0.0,29,3,90.6
Trueperella_Bernardiae,32,0.1,18,14,56.2,30,2,93.8,31,1,96.9,17,15,53.1,31,1,96.9
Trueperella_Bernardiae,32,0.5,31,1,96.9,32,0,100.0,32,0,100.0,31,1,96.9,32,0,100.0
Trueperella_Bernardiae,32,1.0,32,0,100.0,32,0,100.0,32,0,100.0,32,0,100.0,32,0,100.0
Turicella_Otitidis,27,0.01,0,27,0.0,0,27,0.0,16,11,59.3,0,27,0.0,16,11,59.3
Turicella_Otitidis,27,0.05,5,22,18.5,20,7,74.1,17,10,63.0,5,22,18.5,21,6,77.8
Turicella_Otitidis,27,0.1,26,1,96.3,21,6,77.8,21,6,77.8,19,8,70.4,26,1,96.3
Turicella_Otitidis,27,0.5,27,0,100.0,24,3,88.9,27,0,100.0,24,3,88.9,27,0,100.0
Turicella_Otitidis,27,1.0,27,0,100.0,25,2,92.6,27,0,100.0,25,2,92.6,27,0,100.0
Vibrio_Alginolyticus,16,0.01,0,16,0.0,0,16,0.0,14,2,87.5,0,16,0.0,14,2,87.5
Vibrio_Alginolyticus,16,0.05,8,8,50.0,16,0,100.0,14,2,87.5,8,8,50.0,16,0,100.0
Vibrio_Alginolyticus,16,0.1,14,2,87.5,16,0,100.0,16,0,100.0,14,2,87.5,16,0,100.0
Vibrio_Alginolyticus,16,0.5,16,0,100.0,16,0,100.0,16,0,100.0,16,0,100.0,16,0,100.0
Vibrio_Alginolyticus,16,1.0,16,0,100.0,16,0,100.0,16,0,100.0,16,0,100.0,16,0,100.0
Vibrio_Cholerae,221,0.01,12,209,5.4,0,221,0.0,166,55,75.1,0,221,0.0,166,55,75.1
Vibrio_Cholerae,221,0.05,71,150,32.1,208,13,94.1,183,38,82.8,65,156,29.4,209,12,94.6
Vibrio_Cholerae,221,0.1,169,52,76.5,217,4,98.2,198,23,89.6,154,67,69.7,220,1,99.5
Vibrio_Cholerae,221,0.5,212,9,95.9,220,1,99.5,221,0,100.0,211,10,95.5,221,0,100.0
Vibrio_Cholerae,221,1.0,218,3,98.6,221,0,100.0,221,0,100.0,218,3,98.6,221,0,100.0
Vibrio_Harveyi,11,0.01,0,11,0.0,0,11,0.0,11,0,100.0,0,11,0.0,11,0,100.0
Vibrio_Harveyi,11,0.05,0,11,0.0,11,0,100.0,11,0,100.0,0,11,0.0,11,0,100.0
Vibrio_Harveyi,11,0.1,11,0,100.0,11,0,100.0,11,0,100.0,11,0,100.0,11,0,100.0
Vibrio_Harveyi,11,0.5,11,0,100.0,11,0,100.0,11,0,100.0,11,0,100.0,11,0,100.0
Vibrio_Harveyi,11,1.0,11,0,100.0,11,0,100.0,11,0,100.0,11,0,100.0,11,0,100.0
Vibrio_Metschnikovii,42,0.01,0,42,0.0,0,42,0.0,42,0,100.0,0,42,0.0,42,0,100.0
Vibrio_Metschnikovii,42,0.05,0,42,0.0,42,0,100.0,42,0,100.0,0,42,0.0,42,0,100.0
Vibrio_Metschnikovii,42,0.1,0,42,0.0,42,0,100.0,42,0,100.0,0,42,0.0,42,0,100.0
Vibrio_Metschnikovii,42,0.5,34,8,81.0,42,0,100.0,42,0,100.0,34,8,81.0,42,0,100.0
Vibrio_Metschnikovii,42,1.0,42,0,100.0,42,0,100.0,42,0,100.0,42,0,100.0,42,0,100.0
Vibrio_Parahaemolyticus,16,0.01,0,16,0.0,0,16,0.0,12,4,75.0,0,16,0.0,12,4,75.0
Vibrio_Parahaemolyticus,16,0.05,2,14,12.5,14,2,87.5,12,4,75.0,2,14,12.5,14,2,87.5
Vibrio_Parahaemolyticus,16,0.1,9,7,56.2,15,1,93.8,14,2,87.5,8,8,50.0,16,0,100.0
Vibrio_Parahaemolyticus,16,0.5,16,0,100.0,16,0,100.0,16,0,100.0,16,0,100.0,16,0,100.0
Vibrio_Parahaemolyticus,16,1.0,16,0,100.0,16,0,100.0,16,0,100.0,16,0,100.0,16,0,100.0
Vibrio_Vulnificus,10,0.01,0,10,0.0,0,10,0.0,8,2,80.0,0,10,0.0,8,2,80.0
Vibrio_Vulnificus,10,0.05,0,10,0.0,9,1,90.0,8,2,80.0,0,10,0.0,9,1,90.0
Vibrio_Vulnificus,10,0.1,8,2,80.0,10,0,100.0,9,1,90.0,7,3,70.0,10,0,100.0
Vibrio_Vulnificus,10,0.5,10,0,100.0,10,0,100.0,10,0,100.0,10,0,100.0,10,0,100.0
Vibrio_Vulnificus,10,1.0,10,0,100.0,10,0,100.0,10,0,100.0,10,0,100.0,10,0,100.0
Weizmannia_Coagulans,60,0.01,29,31,48.3,0,60,0.0,60,0,100.0,0,60,0.0,60,0,100.0
Weizmannia_Coagulans,60,0.05,45,15,75.0,60,0,100.0,60,0,100.0,45,15,75.0,60,0,100.0
Weizmannia_Coagulans,60,0.1,60,0,100.0,60,0,100.0,60,0,100.0,60,0,100.0,60,0,100.0
Weizmannia_Coagulans,60,0.5,60,0,100.0,60,0,100.0,60,0,100.0,60,0,100.0,60,0,100.0
Weizmannia_Coagulans,60,1.0,60,0,100.0,60,0,100.0,60,0,100.0,60,0,100.0,60,0,100.0
Yersinia_Enterocolitica,208,0.01,0,208,0.0,0,208,0.0,187,21,89.9,0,208,0.0,187,21,89.9
Yersinia_Enterocolitica,208,0.05,1,207,0.5,204,4,98.1,191,17,91.8,1,207,0.5,204,4,98.1
Yersinia_Enterocolitica,208,0.1,170,38,81.7,206,2,99.0,196,12,94.2,160,48,76.9,207,1,99.5
Yersinia_Enterocolitica,208,0.5,207,1,99.5,208,0,100.0,208,0,100.0,207,1,99.5,208,0,100.0
Yersinia_Enterocolitica,208,1.0,208,0,100.0,208,0,100.0,208,0,100.0,208,0,100.0,208,0,100.0
Yersinia_Entomophaga,12,0.01,0,12,0.0,0,12,0.0,12,0,100.0,0,12,0.0,12,0,100.0
Yersinia_Entomophaga,12,0.05,0,12,0.0,12,0,100.0,12,0,100.0,0,12,0.0,12,0,100.0
Yersinia_Entomophaga,12,0.1,12,0,100.0,12,0,100.0,12,0,100.0,12,0,100.0,12,0,100.0
Yersinia_Entomophaga,12,0.5,12,0,100.0,12,0,100.0,12,0,100.0,12,0,100.0,12,0,100.0
Yersinia_Entomophaga,12,1.0,12,0,100.0,12,0,100.0,12,0,100.0,12,0,100.0,12,0,100.0
Yersinia_Intermedia,12,0.01,0,12,0.0,0,12,0.0,11,1,91.7,0,12,0.0,11,1,91.7
Yersinia_Intermedia,12,0.05,0,12,0.0,11,1,91.7,11,1,91.7,0,12,0.0,11,1,91.7
Yersinia_Intermedia,12,0.1,11,1,91.7,11,1,91.7,11,1,91.7,10,2,83.3,12,0,100.0
Yersinia_Intermedia,12,0.5,12,0,100.0,12,0,100.0,12,0,100.0,12,0,100.0,12,0,100.0
Yersinia_Intermedia,12,1.0,12,0,100.0,12,0,100.0,12,0,100.0,12,0,100.0,12,0,100.0
Yersinia_Massiliensis,12,0.01,0,12,0.0,0,12,0.0,10,2,83.3,0,12,0.0,10,2,83.3
Yersinia_Massiliensis,12,0.05,11,1,91.7,10,2,83.3,10,2,83.3,10,2,83.3,11,1,91.7
Yersinia_Massiliensis,12,0.1,12,0,100.0,12,0,100.0,12,0,100.0,12,0,100.0,12,0,100.0
Yersinia_Massiliensis,12,0.5,12,0,100.0,12,0,100.0,12,0,100.0,12,0,100.0,12,0,100.0
Yersinia_Massiliensis,12,1.0,12,0,100.0,12,0,100.0,12,0,100.0,12,0,100.0,12,0,100.0
Yersinia_Nurmii,12,0.01,0,12,0.0,0,12,0.0,12,0,100.0,0,12,0.0,12,0,100.0
Yersinia_Nurmii,12,0.05,0,12,0.0,12,0,100.0,12,0,100.0,0,12,0.0,12,0,100.0
Yersinia_Nurmii,12,0.1,5,7,41.7,12,0,100.0,12,0,100.0,5,7,41.7,12,0,100.0
Yersinia_Nurmii,12,0.5,12,0,100.0,12,0,100.0,12,0,100.0,12,0,100.0,12,0,100.0
Yersinia_Nurmii,12,1.0,12,0,100.0,12,0,100.0,12,0,100.0,12,0,100.0,12,0,100.0
Yersinia_Pekkanenii,12,0.01,0,12,0.0,0,12,0.0,9,3,75.0,0,12,0.0,9,3,75.0
Yersinia_Pekkanenii,12,0.05,0,12,0.0,12,0,100.0,10,2,83.3,0,12,0.0,12,0,100.0
Yersinia_Pekkanenii,12,0.1,4,8,33.3,12,0,100.0,12,0,100.0,4,8,33.3,12,0,100.0
Yersinia_Pekkanenii,12,0.5,12,0,100.0,12,0,100.0,12,0,100.0,12,0,100.0,12,0,100.0
Yersinia_Pekkanenii,12,1.0,12,0,100.0,12,0,100.0,12,0,100.0,12,0,100.0,12,0,100.0
Yersinia_Pestis,94,0.01,0,94,0.0,0,94,0.0,94,0,100.0,0,94,0.0,94,0,100.0
Yersinia_Pestis,94,0.05,0,94,0.0,94,0,100.0,94,0,100.0,0,94,0.0,94,0,100.0
Yersinia_Pestis,94,0.1,52,42,55.3,94,0,100.0,94,0,100.0,52,42,55.3,94,0,100.0
Yersinia_Pestis,94,0.5,93,1,98.9,94,0,100.0,94,0,100.0,93,1,98.9,94,0,100.0
Yersinia_Pestis,94,1.0,94,0,100.0,94,0,100.0,94,0,100.0,94,0,100.0,94,0,100.0
Yersinia_Pseudotuberculosis,73,0.01,0,73,0.0,0,73,0.0,73,0,100.0,0,73,0.0,73,0,100.0
Yersinia_Pseudotuberculosis,73,0.05,1,72,1.4,73,0,100.0,73,0,100.0,1,72,1.4,73,0,100.0
Yersinia_Pseudotuberculosis,73,0.1,40,33,54.8,73,0,100.0,73,0,100.0,40,33,54.8,73,0,100.0
Yersinia_Pseudotuberculosis,73,0.5,73,0,100.0,73,0,100.0,73,0,100.0,73,0,100.0,73,0,100.0
Yersinia_Pseudotuberculosis,73,1.0,73,0,100.0,73,0,100.0,73,0,100.0,73,0,100.0,73,0,100.0
Yersinia_Ruckeri,27,0.01,0,27,0.0,0,27,0.0,27,0,100.0,0,27,0.0,27,0,100.0
Yersinia_Ruckeri,27,0.05,0,27,0.0,27,0,100.0,27,0,100.0,0,27,0.0,27,0,100.0
Yersinia_Ruckeri,27,0.1,23,4,85.2,27,0,100.0,27,0,100.0,23,4,85.2,27,0,100.0
Yersinia_Ruckeri,27,0.5,27,0,100.0,27,0,100.0,27,0,100.0,27,0,100.0,27,0,100.0
Yersinia_Ruckeri,27,1.0,27,0,100.0,27,0,100.0,27,0,100.0,27,0,100.0,27,0,100.0
Yersinia_Similis,27,0.01,0,27,0.0,0,27,0.0,27,0,100.0,0,27,0.0,27,0,100.0
Yersinia_Similis,27,0.05,0,27,0.0,27,0,100.0,27,0,100.0,0,27,0.0,27,0,100.0
Yersinia_Similis,27,0.1,24,3,88.9,27,0,100.0,27,0,100.0,24,3,88.9,27,0,100.0
Yersinia_Similis,27,0.5,27,0,100.0,27,0,100.0,27,0,100.0,27,0,100.0,27,0,100.0
Yersinia_Similis,27,1.0,27,0,100.0,27,0,100.0,27,0,100.0,27,0,100.0,27,0,100.0
Yersinia_Sp,12,0.01,0,12,0.0,0,12,0.0,3,9,25.0,0,12,0.0,3,9,25.0
Yersinia_Sp,12,0.05,2,10,16.7,8,4,66.7,6,6,50.0,1,11,8.3,9,3,75.0
Yersinia_Sp,12,0.1,12,0,100.0,11,1,91.7,9,3,75.0,9,3,75.0,12,0,100.0
Yersinia_Sp,12,0.5,12,0,100.0,12,0,100.0,12,0,100.0,12,0,100.0,12,0,100.0
Yersinia_Sp,12,1.0,12,0,100.0,12,0,100.0,12,0,100.0,12,0,100.0,12,0,100.0
Yersinia_Wautersii,12,0.01,0,12,0.0,0,12,0.0,12,0,100.0,0,12,0.0,12,0,100.0
Yersinia_Wautersii,12,0.05,0,12,0.0,12,0,100.0,12,0,100.0,0,12,0.0,12,0,100.0
Yersinia_Wautersii,12,0.1,12,0,100.0,12,0,100.0,12,0,100.0,12,0,100.0,12,0,100.0
Yersinia_Wautersii,12,0.5,12,0,100.0,12,0,100.0,12,0,100.0,12,0,100.0,12,0,100.0
Yersinia_Wautersii,12,1.0,12,0,100.0,12,0,100.0,12,0,100.0,12,0,100.0,12,0,100.0
