n_prev,n_new,model,balanced_accuracy,f1_macro,recall_macro,specificity_macro,roc_auc_macro,confusion_matrix
0,50,RF_original,0.8351289630144327,0.8094523884082091,0.8351289630144327,0.9809269490211631,0.9921598897992561,"[[430, 42, 29, 1095, 0, 0], [0, 2088, 2, 5, 0, 1], [0, 522, 9962, 456, 1, 2], [0, 179, 0, 2960, 1, 1], [1, 190, 1, 6, 3417, 0], [0, 341, 1, 8, 1, 6298]]"
0,50,MLP_original,0.9529703011752292,0.9542355040434253,0.9529703011752292,0.9925915965442432,0.9985698920479805,"[[1542, 0, 10, 1, 43, 0], [0, 1830, 10, 0, 251, 5], [1, 1, 10522, 3, 410, 6], [1, 0, 8, 2948, 182, 2], [1, 2, 4, 2, 3603, 3], [1, 2, 8, 0, 110, 6528]]"
0,50,RF_latent_zero,0.7146477742735585,0.7233775677246435,0.7146477742735585,0.9458825289581886,0.9631332713204245,"[[1261, 0, 324, 11, 0, 0], [0, 1492, 518, 86, 0, 0], [0, 1, 10931, 11, 0, 0], [0, 0, 182, 2959, 0, 0], [1, 1, 170, 1784, 1659, 0], [1, 1, 809, 3270, 1, 2567]]"
0,50,MLP_latent_zero,0.9475014195881576,0.9657852899840339,0.9475014195881576,0.9915464892177418,0.9936908906378799,"[[1505, 1, 89, 0, 1, 0], [0, 1832, 263, 0, 0, 1], [0, 1, 10937, 3, 0, 2], [0, 0, 188, 2952, 1, 0], [1, 2, 176, 1, 3435, 0], [1, 2, 138, 1, 1, 6506]]"
0,50,RF_few,0.7981678528510973,0.7877667260137727,0.7981678528510973,0.9786406795922385,0.965312915182754,"[[71, 0, 1224, 300, 0, 1], [0, 1832, 13, 245, 3, 3], [1, 2, 10522, 410, 6, 2], [1, 2, 62, 3071, 4, 1], [0, 2, 12, 162, 3436, 3], [0, 2, 9, 110, 7, 6521]]"
0,50,MLP_few,0.9130907969577201,0.9243034547306905,0.9130907969577201,0.987999836627079,0.9736380707756802,"[[1241, 5, 304, 0, 46, 0], [1, 1845, 1, 0, 247, 2], [6, 24, 10491, 2, 419, 1], [9, 15, 128, 2798, 191, 0], [3, 13, 1, 0, 3598, 0], [2, 36, 3, 1, 118, 6489]]"
0,50,FT_full_RF,0.9316292079362447,0.9526005737946349,0.9316292079362447,0.9905382625442276,0.9849082237457578,"[[1336, 3, 154, 102, 1, 0], [0, 1848, 244, 0, 0, 4], [0, 10, 10906, 21, 1, 5], [0, 1, 178, 2960, 1, 1], [1, 5, 161, 11, 3435, 2], [1, 6, 108, 5, 1, 6528]]"
0,50,FT_full_MLP,0.9453661161719783,0.9627756030456389,0.9453661161719783,0.9916349670944805,0.9981755852170981,"[[1466, 10, 99, 18, 2, 1], [0, 1848, 244, 0, 0, 4], [0, 19, 10909, 6, 2, 7], [0, 4, 179, 2955, 1, 2], [1, 7, 161, 2, 3440, 4], [1, 4, 107, 2, 1, 6534]]"
0,50,FT_freeze_RF,0.9488612230290032,0.9642077670504731,0.9488612230290032,0.9918558791000832,0.9930664422936246,"[[1502, 4, 76, 12, 2, 0], [0, 1851, 244, 0, 0, 1], [0, 24, 10912, 5, 1, 1], [0, 3, 179, 2956, 2, 1], [1, 11, 161, 2, 3440, 0], [1, 28, 107, 2, 1, 6510]]"
0,50,FT_freeze_MLP,0.9403647755765375,0.9598819560496206,0.9403647755765375,0.9911338750226499,0.9982319244689556,"[[1416, 8, 165, 5, 2, 0], [0, 1851, 244, 0, 0, 1], [0, 18, 10917, 3, 2, 3], [0, 3, 180, 2954, 3, 1], [1, 7, 161, 2, 3443, 1], [1, 14, 108, 0, 1, 6525]]"
0,50,FT_decoder_RF,0.7146477742735585,0.7233775677246435,0.7146477742735585,0.9458825289581886,0.9631332713204245,"[[1261, 0, 324, 11, 0, 0], [0, 1492, 518, 86, 0, 0], [0, 1, 10931, 11, 0, 0], [0, 0, 182, 2959, 0, 0], [1, 1, 170, 1784, 1659, 0], [1, 1, 809, 3270, 1, 2567]]"
0,50,FT_decoder_MLP,0.9475014195881576,0.9657852899840339,0.9475014195881576,0.9915464892177418,0.9936908906378799,"[[1505, 1, 89, 0, 1, 0], [0, 1832, 263, 0, 0, 1], [0, 1, 10937, 3, 0, 2], [0, 0, 188, 2952, 1, 0], [1, 2, 176, 1, 3435, 0], [1, 2, 138, 1, 1, 6506]]"
0,50,FT_partial_RF,0.9264190557732682,0.9518320863227244,0.9264190557732682,0.9893121436000917,0.9808702305491702,"[[1346, 1, 236, 12, 1, 0], [0, 1787, 304, 1, 1, 3], [0, 1, 10934, 5, 0, 3], [0, 0, 183, 2956, 1, 1], [1, 2, 176, 9, 3426, 1], [1, 1, 163, 3, 1, 6480]]"
0,50,FT_partial_MLP,0.9212965116862755,0.9486368683540446,0.9212965116862755,0.9893264402775457,0.9983258737446032,"[[1249, 1, 332, 13, 1, 0], [0, 1828, 264, 0, 1, 3], [0, 1, 10935, 3, 1, 3], [0, 0, 186, 2953, 1, 1], [1, 2, 166, 3, 3442, 1], [1, 1, 118, 1, 2, 6526]]"
0,100,RF_original,0.8351289630144327,0.8094523884082091,0.8351289630144327,0.9809269490211631,0.9921598897992561,"[[430, 42, 29, 1095, 0, 0], [0, 2088, 2, 5, 0, 1], [0, 522, 9962, 456, 1, 2], [0, 179, 0, 2960, 1, 1], [1, 190, 1, 6, 3417, 0], [0, 341, 1, 8, 1, 6298]]"
0,100,MLP_original,0.9529703011752292,0.9542355040434253,0.9529703011752292,0.9925915965442432,0.9985698920479805,"[[1542, 0, 10, 1, 43, 0], [0, 1830, 10, 0, 251, 5], [1, 1, 10522, 3, 410, 6], [1, 0, 8, 2948, 182, 2], [1, 2, 4, 2, 3603, 3], [1, 2, 8, 0, 110, 6528]]"
0,100,RF_latent_zero,0.7146477742735585,0.7233775677246435,0.7146477742735585,0.9458825289581886,0.9631332713204245,"[[1261, 0, 324, 11, 0, 0], [0, 1492, 518, 86, 0, 0], [0, 1, 10931, 11, 0, 0], [0, 0, 182, 2959, 0, 0], [1, 1, 170, 1784, 1659, 0], [1, 1, 809, 3270, 1, 2567]]"
0,100,MLP_latent_zero,0.9475014195881576,0.9657852899840339,0.9475014195881576,0.9915464892177418,0.9936908906378799,"[[1505, 1, 89, 0, 1, 0], [0, 1832, 263, 0, 0, 1], [0, 1, 10937, 3, 0, 2], [0, 0, 188, 2952, 1, 0], [1, 2, 176, 1, 3435, 0], [1, 2, 138, 1, 1, 6506]]"
0,100,RF_few,0.9490748320926606,0.949273996550033,0.9490748320926606,0.9922562243080281,0.9759152320870451,"[[1488, 1, 55, 49, 2, 1], [0, 1837, 6, 248, 2, 3], [0, 1, 10523, 412, 2, 5], [0, 1, 19, 3117, 4, 0], [2, 2, 4, 169, 3435, 3], [1, 1, 6, 112, 3, 6526]]"
0,100,MLP_few,0.9522242102416403,0.9499572289652766,0.9522242102416403,0.9925870068937813,0.986905443599694,"[[1506, 7, 29, 52, 2, 0], [0, 1848, 1, 245, 0, 2], [0, 13, 10506, 413, 7, 4], [0, 6, 5, 3126, 3, 1], [1, 8, 1, 163, 3441, 1], [1, 14, 1, 107, 4, 6522]]"
0,100,FT_full_RF,0.9484212975221911,0.9652432103295346,0.9484212975221911,0.9916611449908044,0.9961289634878572,"[[1515, 1, 74, 6, 0, 0], [0, 1845, 250, 0, 0, 1], [0, 2, 10936, 3, 0, 2], [0, 0, 182, 2957, 1, 1], [1, 4, 175, 30, 3405, 0], [1, 6, 127, 9, 1, 6505]]"
0,100,FT_full_MLP,0.9513321480670268,0.9672648801920399,0.9513321480670268,0.9921340815233605,0.9984991435310131,"[[1522, 3, 69, 1, 1, 0], [0, 1851, 244, 0, 0, 1], [1, 8, 10928, 2, 1, 3], [0, 3, 183, 2952, 2, 1], [1, 9, 165, 0, 3440, 0], [1, 11, 112, 0, 1, 6524]]"
0,100,FT_freeze_RF,0.9455334850122933,0.9628944117282288,0.9455334850122933,0.9913517543434329,0.9934628656778881,"[[1503, 1, 85, 7, 0, 0], [0, 1835, 258, 2, 0, 1], [0, 2, 10933, 6, 0, 2], [0, 0, 181, 2958, 1, 1], [1, 3, 171, 55, 3385, 0], [1, 2, 124, 13, 1, 6508]]"
0,100,FT_freeze_MLP,0.9518886210471825,0.9677924628084388,0.9518886210471825,0.9921798492073299,0.9985712595856223,"[[1528, 2, 65, 0, 1, 0], [0, 1850, 245, 0, 0, 1], [1, 7, 10930, 2, 0, 3], [0, 3, 184, 2952, 1, 1], [1, 8, 166, 1, 3439, 0], [1, 9, 113, 0, 1, 6525]]"
0,100,FT_decoder_RF,0.7146477742735585,0.7233775677246435,0.7146477742735585,0.9458825289581886,0.9631332713204245,"[[1261, 0, 324, 11, 0, 0], [0, 1492, 518, 86, 0, 0], [0, 1, 10931, 11, 0, 0], [0, 0, 182, 2959, 0, 0], [1, 1, 170, 1784, 1659, 0], [1, 1, 809, 3270, 1, 2567]]"
0,100,FT_decoder_MLP,0.9475014195881576,0.9657852899840339,0.9475014195881576,0.9915464892177418,0.9936908906378799,"[[1505, 1, 89, 0, 1, 0], [0, 1832, 263, 0, 0, 1], [0, 1, 10937, 3, 0, 2], [0, 0, 188, 2952, 1, 0], [1, 2, 176, 1, 3435, 0], [1, 2, 138, 1, 1, 6506]]"
0,100,FT_partial_RF,0.951158202607906,0.9674411438592975,0.951158202607906,0.9919279644342689,0.9828862857324426,"[[1543, 1, 50, 1, 1, 0], [0, 1837, 256, 1, 0, 2], [1, 3, 10934, 3, 0, 2], [0, 1, 186, 2952, 1, 1], [1, 3, 182, 16, 3413, 0], [1, 2, 125, 0, 1, 6520]]"
0,100,FT_partial_MLP,0.9523182892498423,0.966870807546098,0.9523182892498423,0.9921658850479504,0.9984022851080216,"[[1545, 2, 48, 0, 1, 0], [0, 1850, 244, 0, 0, 2], [2, 11, 10925, 2, 0, 3], [12, 10, 189, 2928, 1, 1], [4, 7, 163, 0, 3438, 3], [2, 8, 111, 0, 1, 6527]]"
0,150,RF_original,0.8351289630144327,0.8094523884082091,0.8351289630144327,0.9809269490211631,0.9921598897992561,"[[430, 42, 29, 1095, 0, 0], [0, 2088, 2, 5, 0, 1], [0, 522, 9962, 456, 1, 2], [0, 179, 0, 2960, 1, 1], [1, 190, 1, 6, 3417, 0], [0, 341, 1, 8, 1, 6298]]"
0,150,MLP_original,0.9529703011752292,0.9542355040434253,0.9529703011752292,0.9925915965442432,0.9985698920479805,"[[1542, 0, 10, 1, 43, 0], [0, 1830, 10, 0, 251, 5], [1, 1, 10522, 3, 410, 6], [1, 0, 8, 2948, 182, 2], [1, 2, 4, 2, 3603, 3], [1, 2, 8, 0, 110, 6528]]"
0,150,RF_latent_zero,0.7146477742735585,0.7233775677246435,0.7146477742735585,0.9458825289581886,0.9631332713204245,"[[1261, 0, 324, 11, 0, 0], [0, 1492, 518, 86, 0, 0], [0, 1, 10931, 11, 0, 0], [0, 0, 182, 2959, 0, 0], [1, 1, 170, 1784, 1659, 0], [1, 1, 809, 3270, 1, 2567]]"
0,150,MLP_latent_zero,0.9475014195881576,0.9657852899840339,0.9475014195881576,0.9915464892177418,0.9936908906378799,"[[1505, 1, 89, 0, 1, 0], [0, 1832, 263, 0, 0, 1], [0, 1, 10937, 3, 0, 2], [0, 0, 188, 2952, 1, 0], [1, 2, 176, 1, 3435, 0], [1, 2, 138, 1, 1, 6506]]"
0,150,RF_few,0.9518939235736991,0.9506940344558105,0.9518939235736991,0.9924418459503959,0.9924973457754266,"[[1525, 0, 24, 44, 2, 1], [0, 1829, 10, 243, 8, 6], [0, 5, 10518, 408, 4, 8], [0, 1, 21, 3112, 6, 1], [1, 4, 6, 167, 3433, 4], [1, 5, 5, 107, 4, 6527]]"
0,150,MLP_few,0.9535036081281106,0.9519785882382622,0.9535036081281106,0.9927310204736187,0.9981180962881049,"[[1526, 1, 25, 42, 2, 0], [0, 1830, 2, 252, 3, 9], [0, 2, 10520, 411, 7, 3], [0, 0, 8, 3127, 3, 3], [1, 4, 1, 161, 3446, 2], [1, 1, 6, 107, 7, 6527]]"
0,150,FT_full_RF,0.9426213926619399,0.9617378424232012,0.9426213926619399,0.9910447153276194,0.995498709306308,"[[1482, 1, 105, 8, 0, 0], [0, 1817, 276, 1, 1, 1], [0, 1, 10936, 5, 0, 1], [0, 0, 181, 2958, 1, 1], [1, 2, 181, 30, 3400, 1], [1, 1, 128, 11, 1, 6507]]"
0,150,FT_full_MLP,0.9496461995220961,0.9668143613144977,0.9496461995220961,0.9919571595620998,0.9985714705216756,"[[1509, 1, 84, 1, 1, 0], [0, 1846, 248, 0, 0, 2], [0, 4, 10933, 2, 1, 3], [0, 2, 184, 2951, 3, 1], [1, 5, 167, 0, 3441, 1], [1, 5, 117, 0, 2, 6524]]"
0,150,FT_freeze_RF,0.9452042854337805,0.9628767311672389,0.9452042854337805,0.991418540486844,0.995964956431421,"[[1492, 1, 93, 10, 0, 0], [0, 1831, 259, 4, 1, 1], [0, 1, 10928, 12, 0, 2], [0, 0, 180, 2959, 1, 1], [1, 2, 164, 39, 3408, 1], [1, 1, 118, 16, 1, 6512]]"
0,150,FT_freeze_MLP,0.9518201201099372,0.9677504242960477,0.9518201201099372,0.9921713153820558,0.9985990752209237,"[[1530, 2, 63, 0, 1, 0], [0, 1846, 247, 0, 0, 3], [1, 6, 10928, 3, 1, 4], [0, 2, 181, 2952, 5, 1], [2, 7, 163, 1, 3440, 2], [1, 6, 115, 0, 1, 6526]]"
0,150,FT_decoder_RF,0.7146477742735585,0.7233775677246435,0.7146477742735585,0.9458825289581886,0.9631332713204245,"[[1261, 0, 324, 11, 0, 0], [0, 1492, 518, 86, 0, 0], [0, 1, 10931, 11, 0, 0], [0, 0, 182, 2959, 0, 0], [1, 1, 170, 1784, 1659, 0], [1, 1, 809, 3270, 1, 2567]]"
0,150,FT_decoder_MLP,0.9475014195881576,0.9657852899840339,0.9475014195881576,0.9915464892177418,0.9936908906378799,"[[1505, 1, 89, 0, 1, 0], [0, 1832, 263, 0, 0, 1], [0, 1, 10937, 3, 0, 2], [0, 0, 188, 2952, 1, 0], [1, 2, 176, 1, 3435, 0], [1, 2, 138, 1, 1, 6506]]"
0,150,FT_partial_RF,0.9463265672508893,0.9645552504875116,0.9463265672508893,0.9913124071672436,0.9836670994180635,"[[1516, 1, 77, 1, 1, 0], [0, 1814, 279, 0, 2, 1], [0, 1, 10937, 3, 0, 2], [0, 0, 184, 2955, 1, 1], [1, 2, 180, 15, 3416, 1], [1, 1, 144, 3, 1, 6499]]"
0,150,FT_partial_MLP,0.9503263921501975,0.967319285578944,0.9503263921501975,0.9920288217725299,0.9984825839167125,"[[1517, 1, 77, 0, 1, 0], [0, 1845, 247, 0, 0, 4], [1, 1, 10934, 2, 1, 4], [0, 2, 188, 2947, 3, 1], [2, 3, 165, 0, 3442, 3], [1, 4, 115, 0, 2, 6527]]"
0,200,RF_original,0.8351289630144327,0.8094523884082091,0.8351289630144327,0.9809269490211631,0.9921598897992561,"[[430, 42, 29, 1095, 0, 0], [0, 2088, 2, 5, 0, 1], [0, 522, 9962, 456, 1, 2], [0, 179, 0, 2960, 1, 1], [1, 190, 1, 6, 3417, 0], [0, 341, 1, 8, 1, 6298]]"
0,200,MLP_original,0.9529703011752292,0.9542355040434253,0.9529703011752292,0.9925915965442432,0.9985698920479805,"[[1542, 0, 10, 1, 43, 0], [0, 1830, 10, 0, 251, 5], [1, 1, 10522, 3, 410, 6], [1, 0, 8, 2948, 182, 2], [1, 2, 4, 2, 3603, 3], [1, 2, 8, 0, 110, 6528]]"
0,200,RF_latent_zero,0.7146477742735585,0.7233775677246435,0.7146477742735585,0.9458825289581886,0.9631332713204245,"[[1261, 0, 324, 11, 0, 0], [0, 1492, 518, 86, 0, 0], [0, 1, 10931, 11, 0, 0], [0, 0, 182, 2959, 0, 0], [1, 1, 170, 1784, 1659, 0], [1, 1, 809, 3270, 1, 2567]]"
0,200,MLP_latent_zero,0.9475014195881576,0.9657852899840339,0.9475014195881576,0.9915464892177418,0.9936908906378799,"[[1505, 1, 89, 0, 1, 0], [0, 1832, 263, 0, 0, 1], [0, 1, 10937, 3, 0, 2], [0, 0, 188, 2952, 1, 0], [1, 2, 176, 1, 3435, 0], [1, 2, 138, 1, 1, 6506]]"
0,200,RF_few,0.9532511462852794,0.9518531428929607,0.9532511462852794,0.9926056855200525,0.9947231457031777,"[[1535, 0, 17, 41, 2, 1], [1, 1822, 15, 244, 6, 8], [1, 1, 10520, 408, 2, 11], [0, 1, 10, 3126, 1, 3], [1, 4, 8, 161, 3434, 7], [1, 2, 7, 106, 4, 6529]]"
0,200,MLP_few,0.9542660302742298,0.952123456731834,0.9542660302742298,0.9928023720422336,0.9982540077475509,"[[1535, 1, 16, 43, 1, 0], [0, 1830, 2, 251, 1, 12], [0, 5, 10516, 411, 4, 7], [1, 1, 3, 3132, 2, 2], [1, 8, 2, 168, 3435, 1], [1, 2, 4, 107, 3, 6532]]"
0,200,FT_full_RF,0.9496821798659663,0.9663061582663127,0.9496821798659663,0.99184434199812,0.9865287424463182,"[[1530, 1, 61, 3, 1, 0], [0, 1828, 262, 3, 2, 1], [0, 1, 10930, 9, 1, 2], [0, 0, 181, 2958, 1, 1], [1, 2, 168, 21, 3422, 1], [1, 1, 123, 6, 1, 6517]]"
0,200,FT_full_MLP,0.9528951982853919,0.9685450732934244,0.9528951982853919,0.9922830332763537,0.9985770348538331,"[[1540, 1, 54, 0, 1, 0], [0, 1845, 246, 0, 1, 4], [1, 4, 10928, 2, 4, 4], [0, 2, 182, 2951, 5, 1], [2, 4, 162, 1, 3443, 3], [1, 4, 113, 0, 4, 6527]]"
0,200,FT_freeze_RF,0.9529539791458318,0.9514999230408677,0.9529539791458318,0.9925725933653987,0.9980144075551004,"[[1529, 1, 21, 44, 1, 0], [0, 1828, 18, 248, 1, 1], [0, 1, 10522, 417, 1, 2], [0, 0, 2, 3137, 1, 1], [1, 2, 7, 180, 3424, 1], [1, 1, 9, 120, 1, 6517]]"
0,200,FT_freeze_MLP,0.9530134680021379,0.9687207393518426,0.9530134680021379,0.9923023055551079,0.9986236069406873,"[[1541, 1, 53, 0, 1, 0], [0, 1844, 247, 0, 1, 4], [1, 2, 10929, 2, 5, 4], [0, 2, 181, 2952, 5, 1], [2, 3, 163, 1, 3443, 3], [1, 4, 113, 0, 3, 6528]]"
0,200,FT_decoder_RF,0.7146477742735585,0.7233775677246435,0.7146477742735585,0.9458825289581886,0.9631332713204245,"[[1261, 0, 324, 11, 0, 0], [0, 1492, 518, 86, 0, 0], [0, 1, 10931, 11, 0, 0], [0, 0, 182, 2959, 0, 0], [1, 1, 170, 1784, 1659, 0], [1, 1, 809, 3270, 1, 2567]]"
0,200,FT_decoder_MLP,0.9475014195881576,0.9657852899840339,0.9475014195881576,0.9915464892177418,0.9936908906378799,"[[1505, 1, 89, 0, 1, 0], [0, 1832, 263, 0, 0, 1], [0, 1, 10937, 3, 0, 2], [0, 0, 188, 2952, 1, 0], [1, 2, 176, 1, 3435, 0], [1, 2, 138, 1, 1, 6506]]"
0,200,FT_partial_RF,0.9465164994539269,0.9641792571024359,0.9465164994539269,0.991321118346448,0.983453273154599,"[[1525, 1, 67, 2, 1, 0], [0, 1812, 280, 2, 1, 1], [0, 1, 10934, 5, 1, 2], [0, 0, 184, 2955, 1, 1], [1, 2, 178, 31, 3402, 1], [1, 1, 139, 4, 1, 6503]]"
0,200,FT_partial_MLP,0.9521650236624652,0.9684424208891818,0.9521650236624652,0.9922350933932718,0.998509432234644,"[[1532, 2, 61, 0, 1, 0], [0, 1845, 246, 0, 0, 5], [1, 1, 10933, 2, 2, 4], [0, 1, 185, 2951, 3, 1], [2, 3, 165, 0, 3442, 3], [1, 3, 113, 0, 2, 6530]]"
0,250,RF_original,0.8351289630144327,0.8094523884082091,0.8351289630144327,0.9809269490211631,0.9921598897992561,"[[430, 42, 29, 1095, 0, 0], [0, 2088, 2, 5, 0, 1], [0, 522, 9962, 456, 1, 2], [0, 179, 0, 2960, 1, 1], [1, 190, 1, 6, 3417, 0], [0, 341, 1, 8, 1, 6298]]"
0,250,MLP_original,0.9529703011752292,0.9542355040434253,0.9529703011752292,0.9925915965442432,0.9985698920479805,"[[1542, 0, 10, 1, 43, 0], [0, 1830, 10, 0, 251, 5], [1, 1, 10522, 3, 410, 6], [1, 0, 8, 2948, 182, 2], [1, 2, 4, 2, 3603, 3], [1, 2, 8, 0, 110, 6528]]"
0,250,RF_latent_zero,0.7146477742735585,0.7233775677246435,0.7146477742735585,0.9458825289581886,0.9631332713204245,"[[1261, 0, 324, 11, 0, 0], [0, 1492, 518, 86, 0, 0], [0, 1, 10931, 11, 0, 0], [0, 0, 182, 2959, 0, 0], [1, 1, 170, 1784, 1659, 0], [1, 1, 809, 3270, 1, 2567]]"
0,250,MLP_latent_zero,0.9475014195881576,0.9657852899840339,0.9475014195881576,0.9915464892177418,0.9936908906378799,"[[1505, 1, 89, 0, 1, 0], [0, 1832, 263, 0, 0, 1], [0, 1, 10937, 3, 0, 2], [0, 0, 188, 2952, 1, 0], [1, 2, 176, 1, 3435, 0], [1, 2, 138, 1, 1, 6506]]"
0,250,RF_few,0.9525504642034366,0.951341128362743,0.9525504642034366,0.9925200529470163,0.9966482919323352,"[[1534, 1, 19, 41, 1, 0], [0, 1818, 20, 244, 6, 8], [1, 2, 10522, 408, 0, 10], [0, 2, 6, 3125, 1, 7], [1, 5, 7, 161, 3429, 12], [1, 2, 9, 106, 3, 6528]]"
0,250,MLP_few,0.9558790244914354,0.9519057233454703,0.9558790244914354,0.9929164816572055,0.9983979419334975,"[[1549, 1, 3, 42, 1, 0], [2, 1839, 2, 245, 1, 7], [9, 4, 10512, 412, 1, 5], [7, 2, 4, 3124, 3, 1], [9, 8, 1, 160, 3436, 1], [7, 3, 2, 107, 3, 6527]]"
0,250,FT_full_RF,0.9512913875519947,0.9674738846672915,0.9512913875519947,0.992065969130734,0.9963492736838102,"[[1536, 1, 57, 1, 1, 0], [0, 1833, 259, 1, 1, 2], [0, 1, 10929, 10, 1, 2], [0, 0, 179, 2960, 1, 1], [1, 3, 166, 14, 3430, 1], [1, 1, 116, 8, 1, 6522]]"
0,250,FT_full_MLP,0.9531057493366909,0.9686981206206249,0.9531057493366909,0.992307396623732,0.9985933521049257,"[[1541, 1, 53, 0, 1, 0], [0, 1845, 247, 0, 1, 3], [1, 3, 10928, 2, 5, 4], [0, 2, 181, 2953, 4, 1], [2, 5, 161, 1, 3443, 3], [1, 4, 114, 0, 3, 6527]]"
0,250,FT_freeze_RF,0.9503806244011422,0.9668099966551504,0.9503806244011422,0.9919071853415832,0.9978273605571033,"[[1536, 1, 58, 0, 1, 0], [0, 1825, 267, 2, 1, 1], [0, 1, 10929, 10, 1, 2], [0, 0, 180, 2959, 1, 1], [1, 2, 165, 17, 3429, 1], [1, 1, 122, 9, 1, 6515]]"
0,250,FT_freeze_MLP,0.9529285879639889,0.9686402725702808,0.9529285879639889,0.9922812304118813,0.9985746613450456,"[[1540, 1, 54, 0, 1, 0], [0, 1845, 248, 0, 1, 2], [1, 2, 10930, 2, 5, 3], [0, 1, 182, 2952, 5, 1], [2, 5, 162, 1, 3443, 2], [1, 4, 115, 0, 4, 6525]]"
0,250,FT_decoder_RF,0.7146477742735585,0.7233775677246435,0.7146477742735585,0.9458825289581886,0.9631332713204245,"[[1261, 0, 324, 11, 0, 0], [0, 1492, 518, 86, 0, 0], [0, 1, 10931, 11, 0, 0], [0, 0, 182, 2959, 0, 0], [1, 1, 170, 1784, 1659, 0], [1, 1, 809, 3270, 1, 2567]]"
0,250,FT_decoder_MLP,0.9475014195881576,0.9657852899840339,0.9475014195881576,0.9915464892177418,0.9936908906378799,"[[1505, 1, 89, 0, 1, 0], [0, 1832, 263, 0, 0, 1], [0, 1, 10937, 3, 0, 2], [0, 0, 188, 2952, 1, 0], [1, 2, 176, 1, 3435, 0], [1, 2, 138, 1, 1, 6506]]"
0,250,FT_partial_RF,0.9463545262642521,0.9642850473623819,0.9463545262642521,0.9913036902519202,0.9840536804740184,"[[1530, 0, 64, 1, 1, 0], [0, 1796, 297, 1, 1, 1], [0, 1, 10933, 6, 1, 2], [0, 0, 184, 2955, 1, 1], [1, 2, 177, 20, 3414, 1], [1, 1, 136, 5, 1, 6505]]"
0,250,FT_partial_MLP,0.9514451406432368,0.9679732854324179,0.9514451406432368,0.9921423911326412,0.9985084387673543,"[[1533, 1, 61, 0, 1, 0], [0, 1835, 254, 0, 2, 5], [1, 1, 10932, 2, 3, 4], [0, 1, 186, 2949, 4, 1], [2, 2, 163, 1, 3444, 3], [1, 2, 114, 0, 2, 6530]]"
50,50,RF_original,0.8351289630144327,0.8094523884082091,0.8351289630144327,0.9809269490211631,0.9921598897992561,"[[430, 42, 29, 1095, 0, 0], [0, 2088, 2, 5, 0, 1], [0, 522, 9962, 456, 1, 2], [0, 179, 0, 2960, 1, 1], [1, 190, 1, 6, 3417, 0], [0, 341, 1, 8, 1, 6298]]"
50,50,MLP_original,0.9529703011752292,0.9542355040434253,0.9529703011752292,0.9925915965442432,0.9985698920479805,"[[1542, 0, 10, 1, 43, 0], [0, 1830, 10, 0, 251, 5], [1, 1, 10522, 3, 410, 6], [1, 0, 8, 2948, 182, 2], [1, 2, 4, 2, 3603, 3], [1, 2, 8, 0, 110, 6528]]"
50,50,RF_latent_zero,0.7146477742735585,0.7233775677246435,0.7146477742735585,0.9458825289581886,0.9631332713204245,"[[1261, 0, 324, 11, 0, 0], [0, 1492, 518, 86, 0, 0], [0, 1, 10931, 11, 0, 0], [0, 0, 182, 2959, 0, 0], [1, 1, 170, 1784, 1659, 0], [1, 1, 809, 3270, 1, 2567]]"
50,50,MLP_latent_zero,0.9475014195881576,0.9657852899840339,0.9475014195881576,0.9915464892177418,0.9936908906378799,"[[1505, 1, 89, 0, 1, 0], [0, 1832, 263, 0, 0, 1], [0, 1, 10937, 3, 0, 2], [0, 0, 188, 2952, 1, 0], [1, 2, 176, 1, 3435, 0], [1, 2, 138, 1, 1, 6506]]"
50,50,RF_few,0.7981678528510973,0.7877667260137727,0.7981678528510973,0.9786406795922385,0.965312915182754,"[[71, 0, 1224, 300, 0, 1], [0, 1832, 13, 245, 3, 3], [1, 2, 10522, 410, 6, 2], [1, 2, 62, 3071, 4, 1], [0, 2, 12, 162, 3436, 3], [0, 2, 9, 110, 7, 6521]]"
50,50,MLP_few,0.8725287644341426,0.9075866034551686,0.8725287644341426,0.9835834949515648,0.9772988558185637,"[[906, 14, 652, 23, 1, 0], [1, 1847, 246, 0, 0, 2], [0, 24, 10912, 2, 1, 4], [0, 24, 396, 2718, 3, 0], [1, 21, 165, 1, 3426, 1], [0, 46, 109, 1, 3, 6490]]"
50,50,FT_full_RF,0.9237629269621656,0.9490069407417688,0.9237629269621656,0.9888723832599545,0.9937046530127644,"[[1312, 1, 269, 14, 0, 0], [0, 1829, 263, 3, 0, 1], [0, 1, 10937, 4, 0, 1], [0, 1, 182, 2956, 1, 1], [1, 4, 176, 43, 3391, 0], [1, 3, 189, 10, 1, 6445]]"
50,50,FT_full_MLP,0.9403286812202892,0.9607933647309355,0.9403286812202892,0.9910845940560972,0.998236247913353,"[[1419, 2, 173, 1, 1, 0], [0, 1849, 246, 0, 0, 1], [0, 6, 10932, 2, 0, 3], [0, 2, 186, 2951, 1, 1], [1, 7, 168, 0, 3439, 0], [1, 12, 113, 0, 1, 6522]]"
50,50,FT_freeze_RF,0.923154030586652,0.9481035587925267,0.923154030586652,0.9888743554326623,0.9935029128874814,"[[1310, 1, 273, 12, 0, 0], [0, 1835, 258, 2, 0, 1], [0, 1, 10935, 6, 0, 1], [0, 1, 183, 2955, 1, 1], [1, 5, 174, 71, 3364, 0], [1, 4, 173, 7, 1, 6463]]"
50,50,FT_freeze_MLP,0.9406356253598043,0.9608071636498531,0.9406356253598043,0.9911137483583735,0.998086273081607,"[[1421, 2, 171, 1, 1, 0], [0, 1850, 245, 0, 0, 1], [0, 8, 10930, 2, 0, 3], [0, 2, 185, 2952, 1, 1], [1, 7, 165, 2, 3440, 0], [1, 14, 113, 0, 1, 6520]]"
50,50,FT_decoder_RF,0.7146477742735585,0.7233775677246435,0.7146477742735585,0.9458825289581886,0.9631332713204245,"[[1261, 0, 324, 11, 0, 0], [0, 1492, 518, 86, 0, 0], [0, 1, 10931, 11, 0, 0], [0, 0, 182, 2959, 0, 0], [1, 1, 170, 1784, 1659, 0], [1, 1, 809, 3270, 1, 2567]]"
50,50,FT_decoder_MLP,0.9475014195881576,0.9657852899840339,0.9475014195881576,0.9915464892177418,0.9936908906378799,"[[1505, 1, 89, 0, 1, 0], [0, 1832, 263, 0, 0, 1], [0, 1, 10937, 3, 0, 2], [0, 0, 188, 2952, 1, 0], [1, 2, 176, 1, 3435, 0], [1, 2, 138, 1, 1, 6506]]"
50,50,FT_partial_RF,0.9122277749216555,0.9422524496881679,0.9122277749216555,0.9882804426192834,0.9817660984451072,"[[1175, 1, 411, 8, 1, 0], [0, 1824, 269, 0, 1, 2], [0, 1, 10937, 2, 1, 2], [0, 0, 187, 2952, 1, 1], [1, 2, 177, 5, 3429, 1], [1, 2, 133, 2, 1, 6510]]"
50,50,FT_partial_MLP,0.8892264002049483,0.9238514748686075,0.8892264002049483,0.9862937759825096,0.9977313066516403,"[[933, 1, 656, 5, 1, 0], [0, 1843, 252, 0, 0, 1], [0, 3, 10934, 2, 1, 3], [0, 1, 187, 2951, 1, 1], [1, 2, 170, 1, 3440, 1], [0, 3, 120, 1, 1, 6524]]"
50,100,RF_original,0.8351289630144327,0.8094523884082091,0.8351289630144327,0.9809269490211631,0.9921598897992561,"[[430, 42, 29, 1095, 0, 0], [0, 2088, 2, 5, 0, 1], [0, 522, 9962, 456, 1, 2], [0, 179, 0, 2960, 1, 1], [1, 190, 1, 6, 3417, 0], [0, 341, 1, 8, 1, 6298]]"
50,100,MLP_original,0.9529703011752292,0.9542355040434253,0.9529703011752292,0.9925915965442432,0.9985698920479805,"[[1542, 0, 10, 1, 43, 0], [0, 1830, 10, 0, 251, 5], [1, 1, 10522, 3, 410, 6], [1, 0, 8, 2948, 182, 2], [1, 2, 4, 2, 3603, 3], [1, 2, 8, 0, 110, 6528]]"
50,100,RF_latent_zero,0.7146477742735585,0.7233775677246435,0.7146477742735585,0.9458825289581886,0.9631332713204245,"[[1261, 0, 324, 11, 0, 0], [0, 1492, 518, 86, 0, 0], [0, 1, 10931, 11, 0, 0], [0, 0, 182, 2959, 0, 0], [1, 1, 170, 1784, 1659, 0], [1, 1, 809, 3270, 1, 2567]]"
50,100,MLP_latent_zero,0.9475014195881576,0.9657852899840339,0.9475014195881576,0.9915464892177418,0.9936908906378799,"[[1505, 1, 89, 0, 1, 0], [0, 1832, 263, 0, 0, 1], [0, 1, 10937, 3, 0, 2], [0, 0, 188, 2952, 1, 0], [1, 2, 176, 1, 3435, 0], [1, 2, 138, 1, 1, 6506]]"
50,100,RF_few,0.9490748320926606,0.949273996550033,0.9490748320926606,0.9922562243080281,0.9759152320870451,"[[1488, 1, 55, 49, 2, 1], [0, 1837, 6, 248, 2, 3], [0, 1, 10523, 412, 2, 5], [0, 1, 19, 3117, 4, 0], [2, 2, 4, 169, 3435, 3], [1, 1, 6, 112, 3, 6526]]"
50,100,MLP_few,0.9529482610838311,0.9498832704547016,0.9529482610838311,0.9926089010104678,0.9888418528724724,"[[1521, 4, 13, 57, 1, 0], [0, 1847, 1, 245, 0, 3], [0, 17, 10507, 415, 0, 4], [0, 4, 3, 3131, 1, 2], [2, 16, 3, 173, 3420, 1], [1, 18, 2, 108, 1, 6519]]"
50,100,FT_full_RF,0.9489224484488319,0.9650041345703047,0.9489224484488319,0.99173585655276,0.9873903192856693,"[[1522, 1, 65, 7, 1, 0], [0, 1839, 251, 4, 1, 1], [0, 1, 10930, 10, 0, 2], [0, 1, 180, 2958, 1, 1], [1, 4, 165, 30, 3415, 0], [1, 3, 120, 26, 1, 6498]]"
50,100,FT_full_MLP,0.9534529936741435,0.9687507440421154,0.9534529936741435,0.9923496184465407,0.9985716964428222,"[[1542, 2, 51, 0, 1, 0], [0, 1849, 244, 0, 1, 2], [1, 6, 10927, 2, 4, 3], [0, 2, 182, 2951, 5, 1], [2, 4, 162, 0, 3444, 3], [1, 7, 111, 0, 3, 6527]]"
50,100,FT_freeze_RF,0.9471065465584635,0.9640019783020191,0.9471065465584635,0.9914948754829221,0.985093426188172,"[[1510, 1, 75, 9, 1, 0], [0, 1837, 255, 2, 1, 1], [0, 1, 10931, 8, 1, 2], [0, 1, 180, 2958, 1, 1], [1, 3, 169, 34, 3407, 1], [1, 3, 130, 18, 1, 6496]]"
50,100,FT_freeze_MLP,0.9526144054651664,0.9682545416365372,0.9526144054651664,0.9922441010865889,0.9985159553836214,"[[1536, 2, 57, 0, 1, 0], [0, 1848, 244, 0, 1, 3], [0, 7, 10926, 2, 5, 3], [0, 2, 183, 2951, 4, 1], [1, 4, 165, 0, 3442, 3], [1, 8, 111, 0, 3, 6526]]"
50,100,FT_decoder_RF,0.7146477742735585,0.7233775677246435,0.7146477742735585,0.9458825289581886,0.9631332713204245,"[[1261, 0, 324, 11, 0, 0], [0, 1492, 518, 86, 0, 0], [0, 1, 10931, 11, 0, 0], [0, 0, 182, 2959, 0, 0], [1, 1, 170, 1784, 1659, 0], [1, 1, 809, 3270, 1, 2567]]"
50,100,FT_decoder_MLP,0.9475014195881576,0.9657852899840339,0.9475014195881576,0.9915464892177418,0.9936908906378799,"[[1505, 1, 89, 0, 1, 0], [0, 1832, 263, 0, 0, 1], [0, 1, 10937, 3, 0, 2], [0, 0, 188, 2952, 1, 0], [1, 2, 176, 1, 3435, 0], [1, 2, 138, 1, 1, 6506]]"
50,100,FT_partial_RF,0.9466715362243715,0.9643174030474518,0.9466715362243715,0.991418276606629,0.9838796939990381,"[[1516, 1, 74, 4, 1, 0], [0, 1829, 265, 1, 0, 1], [0, 1, 10937, 3, 0, 2], [0, 0, 184, 2955, 1, 1], [1, 2, 182, 39, 3390, 1], [1, 1, 131, 2, 1, 6513]]"
50,100,FT_partial_MLP,0.9526163792701204,0.968154848397402,0.9526163792701204,0.9922437330985484,0.998471731082942,"[[1536, 2, 57, 0, 1, 0], [0, 1851, 244, 0, 0, 1], [2, 6, 10930, 2, 0, 3], [0, 5, 185, 2948, 2, 1], [2, 7, 166, 0, 3439, 1], [1, 8, 113, 0, 1, 6526]]"
50,150,RF_original,0.8351289630144327,0.8094523884082091,0.8351289630144327,0.9809269490211631,0.9921598897992561,"[[430, 42, 29, 1095, 0, 0], [0, 2088, 2, 5, 0, 1], [0, 522, 9962, 456, 1, 2], [0, 179, 0, 2960, 1, 1], [1, 190, 1, 6, 3417, 0], [0, 341, 1, 8, 1, 6298]]"
50,150,MLP_original,0.9529703011752292,0.9542355040434253,0.9529703011752292,0.9925915965442432,0.9985698920479805,"[[1542, 0, 10, 1, 43, 0], [0, 1830, 10, 0, 251, 5], [1, 1, 10522, 3, 410, 6], [1, 0, 8, 2948, 182, 2], [1, 2, 4, 2, 3603, 3], [1, 2, 8, 0, 110, 6528]]"
50,150,RF_latent_zero,0.7146477742735585,0.7233775677246435,0.7146477742735585,0.9458825289581886,0.9631332713204245,"[[1261, 0, 324, 11, 0, 0], [0, 1492, 518, 86, 0, 0], [0, 1, 10931, 11, 0, 0], [0, 0, 182, 2959, 0, 0], [1, 1, 170, 1784, 1659, 0], [1, 1, 809, 3270, 1, 2567]]"
50,150,MLP_latent_zero,0.9475014195881576,0.9657852899840339,0.9475014195881576,0.9915464892177418,0.9936908906378799,"[[1505, 1, 89, 0, 1, 0], [0, 1832, 263, 0, 0, 1], [0, 1, 10937, 3, 0, 2], [0, 0, 188, 2952, 1, 0], [1, 2, 176, 1, 3435, 0], [1, 2, 138, 1, 1, 6506]]"
50,150,RF_few,0.9518939235736991,0.9506940344558105,0.9518939235736991,0.9924418459503959,0.9924973457754266,"[[1525, 0, 24, 44, 2, 1], [0, 1829, 10, 243, 8, 6], [0, 5, 10518, 408, 4, 8], [0, 1, 21, 3112, 6, 1], [1, 4, 6, 167, 3433, 4], [1, 5, 5, 107, 4, 6527]]"
50,150,MLP_few,0.9519305640232932,0.9510287032497938,0.9519305640232932,0.9925801538229924,0.9979079837517602,"[[1513, 3, 30, 48, 2, 0], [1, 1831, 2, 245, 1, 16], [0, 3, 10518, 411, 2, 9], [0, 0, 8, 3127, 3, 3], [1, 2, 2, 162, 3437, 11], [1, 1, 5, 108, 1, 6533]]"
50,150,FT_full_RF,0.944561992691471,0.9626537659950928,0.944561992691471,0.9911804205517175,0.9870294453577989,"[[1498, 1, 91, 5, 1, 0], [0, 1825, 267, 1, 2, 1], [0, 1, 10934, 5, 1, 2], [0, 0, 180, 2959, 1, 1], [1, 2, 170, 44, 3397, 1], [1, 1, 140, 9, 1, 6497]]"
50,150,FT_full_MLP,0.95016412336782,0.9671532550265534,0.95016412336782,0.9919930722442674,0.9985750479339303,"[[1516, 1, 78, 0, 1, 0], [0, 1843, 250, 0, 1, 2], [0, 3, 10930, 2, 4, 4], [0, 1, 183, 2951, 5, 1], [1, 3, 166, 0, 3442, 3], [1, 4, 116, 0, 3, 6525]]"
50,150,FT_freeze_RF,0.9440499367211013,0.9617424153417055,0.9440499367211013,0.9911425355670328,0.9857514810821456,"[[1499, 1, 89, 6, 1, 0], [0, 1827, 266, 1, 1, 1], [0, 1, 10930, 10, 0, 2], [0, 0, 179, 2960, 1, 1], [1, 2, 169, 66, 3376, 1], [1, 1, 129, 12, 1, 6505]]"
50,150,FT_freeze_MLP,0.9504526506087361,0.9672425932673697,0.9504526506087361,0.9920420380579659,0.9985736893339942,"[[1517, 1, 77, 0, 1, 0], [0, 1845, 248, 0, 1, 2], [0, 3, 10930, 2, 4, 4], [0, 2, 182, 2951, 5, 1], [1, 4, 165, 0, 3442, 3], [1, 5, 114, 0, 3, 6526]]"
50,150,FT_decoder_RF,0.7146477742735585,0.7233775677246435,0.7146477742735585,0.9458825289581886,0.9631332713204245,"[[1261, 0, 324, 11, 0, 0], [0, 1492, 518, 86, 0, 0], [0, 1, 10931, 11, 0, 0], [0, 0, 182, 2959, 0, 0], [1, 1, 170, 1784, 1659, 0], [1, 1, 809, 3270, 1, 2567]]"
50,150,FT_decoder_MLP,0.9475014195881576,0.9657852899840339,0.9475014195881576,0.9915464892177418,0.9936908906378799,"[[1505, 1, 89, 0, 1, 0], [0, 1832, 263, 0, 0, 1], [0, 1, 10937, 3, 0, 2], [0, 0, 188, 2952, 1, 0], [1, 2, 176, 1, 3435, 0], [1, 2, 138, 1, 1, 6506]]"
50,150,FT_partial_RF,0.9475373080782598,0.9649915589324468,0.9475373080782598,0.9913952701309752,0.9834610831152607,"[[1530, 1, 63, 1, 1, 0], [0, 1816, 276, 2, 1, 1], [1, 1, 10935, 4, 0, 2], [0, 0, 185, 2954, 1, 1], [1, 2, 178, 23, 3410, 1], [1, 1, 146, 3, 1, 6497]]"
50,150,FT_partial_MLP,0.9511240054824707,0.967751453832058,0.9511240054824707,0.9921023409311415,0.9984656411981706,"[[1525, 1, 69, 0, 1, 0], [0, 1846, 245, 0, 0, 5], [1, 2, 10933, 2, 1, 4], [0, 2, 190, 2945, 3, 1], [2, 3, 166, 0, 3441, 3], [1, 4, 113, 0, 2, 6529]]"
50,200,RF_original,0.8351289630144327,0.8094523884082091,0.8351289630144327,0.9809269490211631,0.9921598897992561,"[[430, 42, 29, 1095, 0, 0], [0, 2088, 2, 5, 0, 1], [0, 522, 9962, 456, 1, 2], [0, 179, 0, 2960, 1, 1], [1, 190, 1, 6, 3417, 0], [0, 341, 1, 8, 1, 6298]]"
50,200,MLP_original,0.9529703011752292,0.9542355040434253,0.9529703011752292,0.9925915965442432,0.9985698920479805,"[[1542, 0, 10, 1, 43, 0], [0, 1830, 10, 0, 251, 5], [1, 1, 10522, 3, 410, 6], [1, 0, 8, 2948, 182, 2], [1, 2, 4, 2, 3603, 3], [1, 2, 8, 0, 110, 6528]]"
50,200,RF_latent_zero,0.7146477742735585,0.7233775677246435,0.7146477742735585,0.9458825289581886,0.9631332713204245,"[[1261, 0, 324, 11, 0, 0], [0, 1492, 518, 86, 0, 0], [0, 1, 10931, 11, 0, 0], [0, 0, 182, 2959, 0, 0], [1, 1, 170, 1784, 1659, 0], [1, 1, 809, 3270, 1, 2567]]"
50,200,MLP_latent_zero,0.9475014195881576,0.9657852899840339,0.9475014195881576,0.9915464892177418,0.9936908906378799,"[[1505, 1, 89, 0, 1, 0], [0, 1832, 263, 0, 0, 1], [0, 1, 10937, 3, 0, 2], [0, 0, 188, 2952, 1, 0], [1, 2, 176, 1, 3435, 0], [1, 2, 138, 1, 1, 6506]]"
50,200,RF_few,0.9532511462852794,0.9518531428929607,0.9532511462852794,0.9926056855200525,0.9947231457031777,"[[1535, 0, 17, 41, 2, 1], [1, 1822, 15, 244, 6, 8], [1, 1, 10520, 408, 2, 11], [0, 1, 10, 3126, 1, 3], [1, 4, 8, 161, 3434, 7], [1, 2, 7, 106, 4, 6529]]"
50,200,MLP_few,0.9548206622576835,0.9528053649153995,0.9548206622576835,0.9928851718525885,0.9982270940565728,"[[1533, 4, 13, 43, 2, 1], [0, 1835, 2, 245, 2, 12], [0, 2, 10516, 409, 7, 9], [0, 0, 3, 3131, 3, 4], [1, 4, 1, 161, 3443, 5], [1, 1, 3, 106, 4, 6534]]"
50,200,FT_full_RF,0.9498235315765178,0.9662755502258857,0.9498235315765178,0.9918175671611117,0.985732895134339,"[[1534, 1, 59, 1, 1, 0], [0, 1828, 263, 2, 2, 1], [0, 1, 10932, 7, 1, 2], [0, 0, 180, 2959, 1, 1], [1, 2, 169, 24, 3418, 1], [1, 1, 124, 12, 1, 6510]]"
50,200,FT_full_MLP,0.9532489109200463,0.9689546271596411,0.9532489109200463,0.9923292004770946,0.9985465707050848,"[[1542, 1, 52, 0, 1, 0], [0, 1845, 246, 0, 1, 4], [1, 2, 10931, 2, 3, 4], [0, 1, 183, 2952, 4, 1], [2, 3, 162, 1, 3444, 3], [1, 4, 114, 0, 3, 6527]]"
50,200,FT_freeze_RF,0.9494750419206769,0.9660961148190316,0.9494750419206769,0.9917048112235444,0.9876151434021251,"[[1538, 1, 54, 2, 1, 0], [0, 1823, 268, 2, 2, 1], [0, 1, 10933, 6, 1, 2], [0, 0, 181, 2958, 1, 1], [1, 2, 172, 26, 3413, 1], [1, 1, 135, 5, 1, 6506]]"
50,200,FT_freeze_MLP,0.9532321401337188,0.9689611624720261,0.9532321401337188,0.9923189227609637,0.9985849513624984,"[[1542, 1, 52, 0, 1, 0], [0, 1846, 245, 0, 1, 4], [1, 2, 10930, 2, 4, 4], [0, 1, 184, 2950, 5, 1], [2, 3, 163, 0, 3444, 3], [1, 3, 114, 0, 3, 6528]]"
50,200,FT_decoder_RF,0.7146477742735585,0.7233775677246435,0.7146477742735585,0.9458825289581886,0.9631332713204245,"[[1261, 0, 324, 11, 0, 0], [0, 1492, 518, 86, 0, 0], [0, 1, 10931, 11, 0, 0], [0, 0, 182, 2959, 0, 0], [1, 1, 170, 1784, 1659, 0], [1, 1, 809, 3270, 1, 2567]]"
50,200,FT_decoder_MLP,0.9475014195881576,0.9657852899840339,0.9475014195881576,0.9915464892177418,0.9936908906378799,"[[1505, 1, 89, 0, 1, 0], [0, 1832, 263, 0, 0, 1], [0, 1, 10937, 3, 0, 2], [0, 0, 188, 2952, 1, 0], [1, 2, 176, 1, 3435, 0], [1, 2, 138, 1, 1, 6506]]"
50,200,FT_partial_RF,0.9475713856154266,0.9645945066690035,0.9475713856154266,0.9915071823964204,0.9840247075797559,"[[1531, 1, 61, 2, 1, 0], [0, 1814, 275, 5, 1, 1], [0, 1, 10933, 7, 0, 2], [0, 0, 181, 2958, 1, 1], [1, 2, 174, 35, 3402, 1], [1, 1, 129, 9, 1, 6508]]"
50,200,FT_partial_MLP,0.9526903714699547,0.9685158118154845,0.9526903714699547,0.9922621757348083,0.9985144250803305,"[[1538, 2, 55, 0, 1, 0], [0, 1845, 245, 0, 1, 5], [1, 4, 10928, 2, 3, 5], [0, 1, 184, 2951, 4, 1], [2, 4, 163, 1, 3442, 3], [1, 3, 114, 0, 2, 6529]]"
50,250,RF_original,0.8351289630144327,0.8094523884082091,0.8351289630144327,0.9809269490211631,0.9921598897992561,"[[430, 42, 29, 1095, 0, 0], [0, 2088, 2, 5, 0, 1], [0, 522, 9962, 456, 1, 2], [0, 179, 0, 2960, 1, 1], [1, 190, 1, 6, 3417, 0], [0, 341, 1, 8, 1, 6298]]"
50,250,MLP_original,0.9529703011752292,0.9542355040434253,0.9529703011752292,0.9925915965442432,0.9985698920479805,"[[1542, 0, 10, 1, 43, 0], [0, 1830, 10, 0, 251, 5], [1, 1, 10522, 3, 410, 6], [1, 0, 8, 2948, 182, 2], [1, 2, 4, 2, 3603, 3], [1, 2, 8, 0, 110, 6528]]"
50,250,RF_latent_zero,0.7146477742735585,0.7233775677246435,0.7146477742735585,0.9458825289581886,0.9631332713204245,"[[1261, 0, 324, 11, 0, 0], [0, 1492, 518, 86, 0, 0], [0, 1, 10931, 11, 0, 0], [0, 0, 182, 2959, 0, 0], [1, 1, 170, 1784, 1659, 0], [1, 1, 809, 3270, 1, 2567]]"
50,250,MLP_latent_zero,0.9475014195881576,0.9657852899840339,0.9475014195881576,0.9915464892177418,0.9936908906378799,"[[1505, 1, 89, 0, 1, 0], [0, 1832, 263, 0, 0, 1], [0, 1, 10937, 3, 0, 2], [0, 0, 188, 2952, 1, 0], [1, 2, 176, 1, 3435, 0], [1, 2, 138, 1, 1, 6506]]"
50,250,RF_few,0.9525504642034366,0.951341128362743,0.9525504642034366,0.9925200529470163,0.9966482919323352,"[[1534, 1, 19, 41, 1, 0], [0, 1818, 20, 244, 6, 8], [1, 2, 10522, 408, 0, 10], [0, 2, 6, 3125, 1, 7], [1, 5, 7, 161, 3429, 12], [1, 2, 9, 106, 3, 6528]]"
50,250,MLP_few,0.9543754659917916,0.9512744937036995,0.9543754659917916,0.9927823684281526,0.998391931888801,"[[1540, 1, 12, 42, 1, 0], [1, 1835, 2, 246, 1, 11], [2, 3, 10517, 413, 1, 7], [6, 1, 4, 3126, 3, 1], [16, 10, 2, 161, 3424, 2], [3, 1, 4, 107, 2, 6532]]"
50,250,FT_full_RF,0.9497283501869448,0.9661471091001324,0.9497283501869448,0.9918725024382535,0.9956610648000709,"[[1528, 1, 63, 3, 1, 0], [0, 1833, 258, 3, 1, 1], [0, 1, 10929, 10, 1, 2], [0, 1, 179, 2959, 1, 1], [1, 3, 167, 26, 3417, 1], [1, 1, 119, 8, 1, 6519]]"
50,250,FT_full_MLP,0.9530754210277834,0.9686910474427171,0.9530754210277834,0.9923092320179038,0.9986008772216991,"[[1540, 2, 53, 0, 1, 0], [0, 1845, 246, 0, 1, 4], [1, 4, 10928, 2, 4, 4], [0, 1, 181, 2954, 4, 1], [1, 4, 162, 1, 3444, 3], [1, 5, 113, 0, 4, 6526]]"
50,250,FT_freeze_RF,0.9488729209195254,0.965740431355599,0.9488729209195254,0.9918108734518598,0.9977423491785569,"[[1523, 1, 69, 2, 1, 0], [0, 1825, 264, 4, 2, 1], [0, 1, 10930, 9, 1, 2], [0, 0, 179, 2960, 1, 1], [1, 2, 166, 24, 3421, 1], [1, 1, 117, 8, 1, 6521]]"
50,250,FT_freeze_MLP,0.9540939636340008,0.9550149863701383,0.9540939636340008,0.9927503914573917,0.998622976498201,"[[1539, 1, 14, 0, 42, 0], [0, 1844, 4, 0, 244, 4], [1, 3, 10523, 2, 410, 4], [0, 1, 5, 2952, 182, 1], [2, 3, 3, 0, 3604, 3], [1, 3, 6, 0, 109, 6530]]"
50,250,FT_decoder_RF,0.7146477742735585,0.7233775677246435,0.7146477742735585,0.9458825289581886,0.9631332713204245,"[[1261, 0, 324, 11, 0, 0], [0, 1492, 518, 86, 0, 0], [0, 1, 10931, 11, 0, 0], [0, 0, 182, 2959, 0, 0], [1, 1, 170, 1784, 1659, 0], [1, 1, 809, 3270, 1, 2567]]"
50,250,FT_decoder_MLP,0.9475014195881576,0.9657852899840339,0.9475014195881576,0.9915464892177418,0.9936908906378799,"[[1505, 1, 89, 0, 1, 0], [0, 1832, 263, 0, 0, 1], [0, 1, 10937, 3, 0, 2], [0, 0, 188, 2952, 1, 0], [1, 2, 176, 1, 3435, 0], [1, 2, 138, 1, 1, 6506]]"
50,250,FT_partial_RF,0.9454856210515734,0.9634848490408943,0.9454856210515734,0.9912133025283953,0.9839009811348726,"[[1518, 1, 74, 2, 1, 0], [0, 1809, 284, 1, 1, 1], [0, 1, 10933, 6, 1, 2], [0, 0, 184, 2955, 1, 1], [1, 2, 176, 34, 3401, 1], [1, 1, 139, 4, 1, 6503]]"
50,250,FT_partial_MLP,0.9514558566719341,0.9680960558368595,0.9514558566719341,0.99215980737204,0.9985058816612336,"[[1527, 1, 67, 0, 1, 0], [0, 1843, 247, 0, 1, 5], [1, 1, 10933, 2, 2, 4], [0, 1, 185, 2950, 4, 1], [2, 2, 166, 0, 3442, 3], [1, 2, 114, 0, 1, 6531]]"
100,50,RF_original,0.8351289630144327,0.8094523884082091,0.8351289630144327,0.9809269490211631,0.9921598897992561,"[[430, 42, 29, 1095, 0, 0], [0, 2088, 2, 5, 0, 1], [0, 522, 9962, 456, 1, 2], [0, 179, 0, 2960, 1, 1], [1, 190, 1, 6, 3417, 0], [0, 341, 1, 8, 1, 6298]]"
100,50,MLP_original,0.9529703011752292,0.9542355040434253,0.9529703011752292,0.9925915965442432,0.9985698920479805,"[[1542, 0, 10, 1, 43, 0], [0, 1830, 10, 0, 251, 5], [1, 1, 10522, 3, 410, 6], [1, 0, 8, 2948, 182, 2], [1, 2, 4, 2, 3603, 3], [1, 2, 8, 0, 110, 6528]]"
100,50,RF_latent_zero,0.7146477742735585,0.7233775677246435,0.7146477742735585,0.9458825289581886,0.9631332713204245,"[[1261, 0, 324, 11, 0, 0], [0, 1492, 518, 86, 0, 0], [0, 1, 10931, 11, 0, 0], [0, 0, 182, 2959, 0, 0], [1, 1, 170, 1784, 1659, 0], [1, 1, 809, 3270, 1, 2567]]"
100,50,MLP_latent_zero,0.9475014195881576,0.9657852899840339,0.9475014195881576,0.9915464892177418,0.9936908906378799,"[[1505, 1, 89, 0, 1, 0], [0, 1832, 263, 0, 0, 1], [0, 1, 10937, 3, 0, 2], [0, 0, 188, 2952, 1, 0], [1, 2, 176, 1, 3435, 0], [1, 2, 138, 1, 1, 6506]]"
100,50,RF_few,0.7981678528510973,0.7877667260137727,0.7981678528510973,0.9786406795922385,0.965312915182754,"[[71, 0, 1224, 300, 0, 1], [0, 1832, 13, 245, 3, 3], [1, 2, 10522, 410, 6, 2], [1, 2, 62, 3071, 4, 1], [0, 2, 12, 162, 3436, 3], [0, 2, 9, 110, 7, 6521]]"
100,50,MLP_few,0.8568070271047041,0.8952577511368339,0.8568070271047041,0.9822070096187829,0.9802222796624641,"[[759, 5, 795, 33, 1, 3], [0, 1834, 248, 1, 4, 9], [0, 11, 10920, 2, 6, 4], [0, 9, 413, 2710, 4, 5], [1, 12, 165, 1, 3429, 7], [0, 14, 111, 0, 1, 6523]]"
100,50,FT_full_RF,0.9139987132075412,0.9414839729086814,0.9139987132075412,0.9876094071718612,0.982306846149631,"[[1279, 0, 310, 7, 0, 0], [0, 1791, 302, 2, 0, 1], [0, 1, 10937, 4, 0, 1], [0, 0, 184, 2955, 1, 1], [1, 2, 182, 105, 3325, 0], [1, 1, 194, 15, 1, 6437]]"
100,50,FT_full_MLP,0.9338056075199428,0.9570568555290234,0.9338056075199428,0.9904163905175355,0.9982618980015046,"[[1361, 1, 233, 0, 1, 0], [0, 1845, 250, 0, 0, 1], [0, 6, 10932, 2, 0, 3], [0, 1, 189, 2949, 1, 1], [1, 3, 173, 0, 3437, 1], [1, 5, 118, 0, 1, 6524]]"
100,50,FT_freeze_RF,0.9142588711624037,0.940895621731299,0.9142588711624037,0.987580354825001,0.9811285713094273,"[[1289, 0, 297, 10, 0, 0], [0, 1792, 299, 5, 0, 0], [0, 1, 10935, 6, 0, 1], [0, 0, 181, 2958, 1, 1], [1, 2, 174, 128, 3310, 0], [1, 1, 198, 23, 1, 6425]]"
100,50,FT_freeze_MLP,0.9389581470139947,0.9603129895597551,0.9389581470139947,0.9909296808571448,0.9983271362929892,"[[1408, 1, 185, 1, 1, 0], [0, 1845, 250, 0, 0, 1], [0, 6, 10932, 2, 0, 3], [0, 1, 187, 2951, 1, 1], [1, 3, 170, 0, 3440, 1], [1, 6, 117, 0, 1, 6524]]"
100,50,FT_decoder_RF,0.7146477742735585,0.7233775677246435,0.7146477742735585,0.9458825289581886,0.9631332713204245,"[[1261, 0, 324, 11, 0, 0], [0, 1492, 518, 86, 0, 0], [0, 1, 10931, 11, 0, 0], [0, 0, 182, 2959, 0, 0], [1, 1, 170, 1784, 1659, 0], [1, 1, 809, 3270, 1, 2567]]"
100,50,FT_decoder_MLP,0.9475014195881576,0.9657852899840339,0.9475014195881576,0.9915464892177418,0.9936908906378799,"[[1505, 1, 89, 0, 1, 0], [0, 1832, 263, 0, 0, 1], [0, 1, 10937, 3, 0, 2], [0, 0, 188, 2952, 1, 0], [1, 2, 176, 1, 3435, 0], [1, 2, 138, 1, 1, 6506]]"
100,50,FT_partial_RF,0.9154645058453991,0.9437603913913283,0.9154645058453991,0.9885432448947066,0.9805386892074147,"[[1213, 1, 345, 37, 0, 0], [0, 1821, 272, 1, 1, 1], [0, 1, 10935, 5, 0, 2], [0, 0, 182, 2957, 1, 1], [1, 2, 177, 11, 3423, 1], [1, 1, 146, 8, 1, 6492]]"
100,50,FT_partial_MLP,0.9107105530999947,0.9402966938234605,0.9107105530999947,0.988380227752164,0.9981155848152287,"[[1135, 1, 436, 23, 1, 0], [0, 1847, 248, 0, 0, 1], [0, 3, 10933, 3, 1, 3], [0, 1, 183, 2955, 1, 1], [1, 4, 167, 3, 3440, 0], [1, 7, 116, 5, 1, 6519]]"
100,100,RF_original,0.8351289630144327,0.8094523884082091,0.8351289630144327,0.9809269490211631,0.9921598897992561,"[[430, 42, 29, 1095, 0, 0], [0, 2088, 2, 5, 0, 1], [0, 522, 9962, 456, 1, 2], [0, 179, 0, 2960, 1, 1], [1, 190, 1, 6, 3417, 0], [0, 341, 1, 8, 1, 6298]]"
100,100,MLP_original,0.9529703011752292,0.9542355040434253,0.9529703011752292,0.9925915965442432,0.9985698920479805,"[[1542, 0, 10, 1, 43, 0], [0, 1830, 10, 0, 251, 5], [1, 1, 10522, 3, 410, 6], [1, 0, 8, 2948, 182, 2], [1, 2, 4, 2, 3603, 3], [1, 2, 8, 0, 110, 6528]]"
100,100,RF_latent_zero,0.7146477742735585,0.7233775677246435,0.7146477742735585,0.9458825289581886,0.9631332713204245,"[[1261, 0, 324, 11, 0, 0], [0, 1492, 518, 86, 0, 0], [0, 1, 10931, 11, 0, 0], [0, 0, 182, 2959, 0, 0], [1, 1, 170, 1784, 1659, 0], [1, 1, 809, 3270, 1, 2567]]"
100,100,MLP_latent_zero,0.9475014195881576,0.9657852899840339,0.9475014195881576,0.9915464892177418,0.9936908906378799,"[[1505, 1, 89, 0, 1, 0], [0, 1832, 263, 0, 0, 1], [0, 1, 10937, 3, 0, 2], [0, 0, 188, 2952, 1, 0], [1, 2, 176, 1, 3435, 0], [1, 2, 138, 1, 1, 6506]]"
100,100,RF_few,0.9490748320926606,0.949273996550033,0.9490748320926606,0.9922562243080281,0.9759152320870451,"[[1488, 1, 55, 49, 2, 1], [0, 1837, 6, 248, 2, 3], [0, 1, 10523, 412, 2, 5], [0, 1, 19, 3117, 4, 0], [2, 2, 4, 169, 3435, 3], [1, 1, 6, 112, 3, 6526]]"
100,100,MLP_few,0.955057761691306,0.9514402255610411,0.955057761691306,0.9927803657731976,0.9882536416160672,"[[1537, 3, 14, 41, 1, 0], [1, 1847, 1, 245, 0, 2], [1, 15, 10510, 411, 2, 4], [0, 5, 5, 3129, 1, 1], [3, 14, 1, 164, 3433, 0], [1, 20, 3, 108, 2, 6515]]"
100,100,FT_full_RF,0.9423142223650206,0.9606471048977802,0.9423142223650206,0.9907793882626263,0.984966783844289,"[[1485, 1, 97, 12, 1, 0], [0, 1827, 262, 4, 2, 1], [0, 1, 10931, 8, 1, 2], [0, 0, 180, 2959, 1, 1], [1, 2, 173, 47, 3391, 1], [1, 2, 160, 17, 1, 6468]]"
100,100,FT_full_MLP,0.9523260829207273,0.9682758400201709,0.9523260829207273,0.992246976654414,0.9985447347830183,"[[1532, 2, 61, 0, 1, 0], [0, 1847, 245, 0, 1, 3], [0, 4, 10929, 2, 4, 4], [0, 2, 180, 2954, 4, 1], [1, 5, 166, 0, 3441, 2], [1, 5, 111, 0, 4, 6528]]"
100,100,FT_freeze_RF,0.9430938505948423,0.961089763332009,0.9430938505948423,0.9909478392049299,0.9846626417724665,"[[1488, 1, 97, 9, 1, 0], [0, 1826, 263, 5, 1, 1], [0, 1, 10929, 11, 0, 2], [0, 0, 179, 2960, 1, 1], [1, 2, 172, 41, 3398, 1], [1, 2, 141, 28, 1, 6476]]"
100,100,FT_freeze_MLP,0.9520114943540287,0.9680972963191562,0.9520114943540287,0.9921995228868541,0.9985729329528934,"[[1530, 1, 64, 0, 1, 0], [0, 1846, 246, 0, 1, 3], [0, 4, 10928, 2, 5, 4], [0, 2, 180, 2953, 5, 1], [1, 4, 163, 1, 3443, 3], [1, 5, 114, 0, 3, 6526]]"
100,100,FT_decoder_RF,0.7146477742735585,0.7233775677246435,0.7146477742735585,0.9458825289581886,0.9631332713204245,"[[1261, 0, 324, 11, 0, 0], [0, 1492, 518, 86, 0, 0], [0, 1, 10931, 11, 0, 0], [0, 0, 182, 2959, 0, 0], [1, 1, 170, 1784, 1659, 0], [1, 1, 809, 3270, 1, 2567]]"
100,100,FT_decoder_MLP,0.9475014195881576,0.9657852899840339,0.9475014195881576,0.9915464892177418,0.9936908906378799,"[[1505, 1, 89, 0, 1, 0], [0, 1832, 263, 0, 0, 1], [0, 1, 10937, 3, 0, 2], [0, 0, 188, 2952, 1, 0], [1, 2, 176, 1, 3435, 0], [1, 2, 138, 1, 1, 6506]]"
100,100,FT_partial_RF,0.950056776533771,0.9666007554337234,0.950056776533771,0.991784496091953,0.9832585277142115,"[[1538, 1, 55, 1, 1, 0], [0, 1834, 258, 2, 1, 1], [0, 2, 10936, 3, 0, 2], [0, 0, 182, 2957, 1, 1], [1, 2, 179, 29, 3403, 1], [1, 1, 132, 1, 1, 6513]]"
100,100,FT_partial_MLP,0.9532206848439023,0.9686604685613333,0.9532206848439023,0.9923009426906585,0.998485715574852,"[[1542, 1, 52, 0, 1, 0], [0, 1850, 244, 0, 0, 2], [2, 6, 10930, 2, 0, 3], [1, 4, 187, 2946, 2, 1], [2, 4, 164, 0, 3442, 3], [1, 6, 113, 0, 2, 6527]]"
100,150,RF_original,0.8351289630144327,0.8094523884082091,0.8351289630144327,0.9809269490211631,0.9921598897992561,"[[430, 42, 29, 1095, 0, 0], [0, 2088, 2, 5, 0, 1], [0, 522, 9962, 456, 1, 2], [0, 179, 0, 2960, 1, 1], [1, 190, 1, 6, 3417, 0], [0, 341, 1, 8, 1, 6298]]"
100,150,MLP_original,0.9529703011752292,0.9542355040434253,0.9529703011752292,0.9925915965442432,0.9985698920479805,"[[1542, 0, 10, 1, 43, 0], [0, 1830, 10, 0, 251, 5], [1, 1, 10522, 3, 410, 6], [1, 0, 8, 2948, 182, 2], [1, 2, 4, 2, 3603, 3], [1, 2, 8, 0, 110, 6528]]"
100,150,RF_latent_zero,0.7146477742735585,0.7233775677246435,0.7146477742735585,0.9458825289581886,0.9631332713204245,"[[1261, 0, 324, 11, 0, 0], [0, 1492, 518, 86, 0, 0], [0, 1, 10931, 11, 0, 0], [0, 0, 182, 2959, 0, 0], [1, 1, 170, 1784, 1659, 0], [1, 1, 809, 3270, 1, 2567]]"
100,150,MLP_latent_zero,0.9475014195881576,0.9657852899840339,0.9475014195881576,0.9915464892177418,0.9936908906378799,"[[1505, 1, 89, 0, 1, 0], [0, 1832, 263, 0, 0, 1], [0, 1, 10937, 3, 0, 2], [0, 0, 188, 2952, 1, 0], [1, 2, 176, 1, 3435, 0], [1, 2, 138, 1, 1, 6506]]"
100,150,RF_few,0.9518939235736991,0.9506940344558105,0.9518939235736991,0.9924418459503959,0.9924973457754266,"[[1525, 0, 24, 44, 2, 1], [0, 1829, 10, 243, 8, 6], [0, 5, 10518, 408, 4, 8], [0, 1, 21, 3112, 6, 1], [1, 4, 6, 167, 3433, 4], [1, 5, 5, 107, 4, 6527]]"
100,150,MLP_few,0.9540687724099834,0.9513799265495034,0.9540687724099834,0.9927228051897448,0.9982864808771131,"[[1544, 1, 3, 47, 1, 0], [1, 1821, 2, 263, 1, 8], [2, 3, 10505, 428, 2, 3], [0, 0, 1, 3137, 2, 1], [2, 6, 1, 174, 3427, 5], [1, 1, 4, 115, 2, 6526]]"
100,150,FT_full_RF,0.9450947510407337,0.9624691179051433,0.9450947510407337,0.9912411876160759,0.9857064121178265,"[[1516, 1, 73, 5, 1, 0], [0, 1824, 269, 1, 1, 1], [0, 1, 10935, 5, 0, 2], [0, 0, 181, 2958, 1, 1], [1, 2, 177, 74, 3360, 1], [1, 1, 126, 4, 1, 6516]]"
100,150,FT_full_MLP,0.952413732973986,0.9686618736911244,0.952413732973986,0.9922209167934333,0.9986089063578474,"[[1537, 1, 57, 0, 1, 0], [0, 1843, 249, 0, 0, 4], [1, 3, 10932, 2, 1, 4], [0, 1, 187, 2950, 2, 1], [1, 3, 167, 0, 3441, 3], [1, 2, 115, 0, 1, 6530]]"
100,150,FT_freeze_RF,0.944182863093492,0.9618832797360128,0.944182863093492,0.9910401124582996,0.994452953958142,"[[1512, 1, 80, 2, 1, 0], [0, 1821, 272, 1, 1, 1], [0, 1, 10935, 5, 0, 2], [0, 0, 183, 2956, 1, 1], [1, 2, 175, 70, 3366, 1], [1, 1, 138, 9, 1, 6499]]"
100,150,FT_freeze_MLP,0.9513146663693423,0.9679338647084723,0.9513146663693423,0.9920612398096114,0.9985786624925095,"[[1529, 1, 65, 0, 1, 0], [0, 1843, 251, 0, 0, 2], [1, 4, 10932, 2, 0, 4], [0, 1, 188, 2950, 1, 1], [1, 4, 171, 0, 3438, 1], [1, 3, 119, 0, 1, 6525]]"
100,150,FT_decoder_RF,0.7146477742735585,0.7233775677246435,0.7146477742735585,0.9458825289581886,0.9631332713204245,"[[1261, 0, 324, 11, 0, 0], [0, 1492, 518, 86, 0, 0], [0, 1, 10931, 11, 0, 0], [0, 0, 182, 2959, 0, 0], [1, 1, 170, 1784, 1659, 0], [1, 1, 809, 3270, 1, 2567]]"
100,150,FT_decoder_MLP,0.9475014195881576,0.9657852899840339,0.9475014195881576,0.9915464892177418,0.9936908906378799,"[[1505, 1, 89, 0, 1, 0], [0, 1832, 263, 0, 0, 1], [0, 1, 10937, 3, 0, 2], [0, 0, 188, 2952, 1, 0], [1, 2, 176, 1, 3435, 0], [1, 2, 138, 1, 1, 6506]]"
100,150,FT_partial_RF,0.9474214495780591,0.9649505892693643,0.9474214495780591,0.9914594780215286,0.9831549133511249,"[[1528, 1, 64, 2, 1, 0], [0, 1814, 277, 3, 1, 1], [0, 1, 10937, 3, 0, 2], [0, 0, 185, 2954, 1, 1], [1, 2, 176, 24, 3411, 1], [1, 1, 138, 4, 1, 6504]]"
100,150,FT_partial_MLP,0.9517451547861696,0.9681058754609443,0.9517451547861696,0.9921643237262107,0.9984868428063495,"[[1531, 1, 63, 0, 1, 0], [0, 1845, 247, 0, 0, 4], [1, 1, 10933, 2, 2, 4], [0, 2, 187, 2946, 5, 1], [2, 3, 165, 0, 3442, 3], [1, 4, 114, 0, 2, 6528]]"
100,200,RF_original,0.8351289630144327,0.8094523884082091,0.8351289630144327,0.9809269490211631,0.9921598897992561,"[[430, 42, 29, 1095, 0, 0], [0, 2088, 2, 5, 0, 1], [0, 522, 9962, 456, 1, 2], [0, 179, 0, 2960, 1, 1], [1, 190, 1, 6, 3417, 0], [0, 341, 1, 8, 1, 6298]]"
100,200,MLP_original,0.9529703011752292,0.9542355040434253,0.9529703011752292,0.9925915965442432,0.9985698920479805,"[[1542, 0, 10, 1, 43, 0], [0, 1830, 10, 0, 251, 5], [1, 1, 10522, 3, 410, 6], [1, 0, 8, 2948, 182, 2], [1, 2, 4, 2, 3603, 3], [1, 2, 8, 0, 110, 6528]]"
100,200,RF_latent_zero,0.7146477742735585,0.7233775677246435,0.7146477742735585,0.9458825289581886,0.9631332713204245,"[[1261, 0, 324, 11, 0, 0], [0, 1492, 518, 86, 0, 0], [0, 1, 10931, 11, 0, 0], [0, 0, 182, 2959, 0, 0], [1, 1, 170, 1784, 1659, 0], [1, 1, 809, 3270, 1, 2567]]"
100,200,MLP_latent_zero,0.9475014195881576,0.9657852899840339,0.9475014195881576,0.9915464892177418,0.9936908906378799,"[[1505, 1, 89, 0, 1, 0], [0, 1832, 263, 0, 0, 1], [0, 1, 10937, 3, 0, 2], [0, 0, 188, 2952, 1, 0], [1, 2, 176, 1, 3435, 0], [1, 2, 138, 1, 1, 6506]]"
100,200,RF_few,0.9532511462852794,0.9518531428929607,0.9532511462852794,0.9926056855200525,0.9947231457031777,"[[1535, 0, 17, 41, 2, 1], [1, 1822, 15, 244, 6, 8], [1, 1, 10520, 408, 2, 11], [0, 1, 10, 3126, 1, 3], [1, 4, 8, 161, 3434, 7], [1, 2, 7, 106, 4, 6529]]"
100,200,MLP_few,0.9557645856208824,0.9525761222038965,0.9557645856208824,0.9929247459967002,0.9981924977505061,"[[1544, 1, 7, 43, 1, 0], [1, 1839, 2, 251, 1, 2], [2, 6, 10513, 416, 4, 2], [2, 1, 3, 3131, 3, 1], [2, 9, 1, 166, 3437, 0], [2, 5, 3, 107, 6, 6526]]"
100,200,FT_full_RF,0.9469505453158337,0.9644200635225303,0.9469505453158337,0.9913079907288189,0.9858267637125064,"[[1521, 1, 70, 4, 0, 0], [0, 1831, 263, 0, 1, 1], [0, 1, 10937, 3, 0, 2], [0, 0, 183, 2956, 1, 1], [1, 2, 182, 38, 3391, 1], [1, 1, 150, 3, 1, 6493]]"
100,200,FT_full_MLP,0.9516893571529379,0.968122393409501,0.9516893571529379,0.9920938089123807,0.998550416469551,"[[1532, 1, 62, 0, 1, 0], [0, 1844, 250, 0, 0, 2], [1, 5, 10932, 2, 0, 3], [0, 1, 187, 2951, 1, 1], [1, 3, 172, 0, 3437, 2], [1, 4, 119, 0, 1, 6524]]"
100,200,FT_freeze_RF,0.948822171166968,0.9657702729193205,0.948822171166968,0.9916925377521618,0.9861007002536447,"[[1529, 1, 64, 1, 1, 0], [0, 1831, 262, 1, 1, 1], [0, 1, 10935, 5, 0, 2], [0, 1, 182, 2956, 1, 1], [1, 2, 179, 32, 3400, 1], [1, 1, 125, 2, 1, 6519]]"
100,200,FT_freeze_MLP,0.9527932067073223,0.9686750301733608,0.9527932067073223,0.9922826111188408,0.9985861724027202,"[[1537, 2, 56, 0, 1, 0], [0, 1848, 244, 0, 0, 4], [1, 4, 10932, 2, 0, 4], [0, 2, 186, 2951, 1, 1], [1, 4, 166, 0, 3440, 4], [1, 6, 112, 0, 1, 6529]]"
100,200,FT_decoder_RF,0.7146477742735585,0.7233775677246435,0.7146477742735585,0.9458825289581886,0.9631332713204245,"[[1261, 0, 324, 11, 0, 0], [0, 1492, 518, 86, 0, 0], [0, 1, 10931, 11, 0, 0], [0, 0, 182, 2959, 0, 0], [1, 1, 170, 1784, 1659, 0], [1, 1, 809, 3270, 1, 2567]]"
100,200,FT_decoder_MLP,0.9475014195881576,0.9657852899840339,0.9475014195881576,0.9915464892177418,0.9936908906378799,"[[1505, 1, 89, 0, 1, 0], [0, 1832, 263, 0, 0, 1], [0, 1, 10937, 3, 0, 2], [0, 0, 188, 2952, 1, 0], [1, 2, 176, 1, 3435, 0], [1, 2, 138, 1, 1, 6506]]"
100,200,FT_partial_RF,0.9474616332064487,0.9647644314320818,0.9474616332064487,0.991477352311077,0.9837948472324505,"[[1530, 1, 62, 2, 1, 0], [1, 1812, 278, 2, 2, 1], [0, 1, 10934, 5, 1, 2], [0, 0, 184, 2955, 1, 1], [1, 2, 174, 28, 3409, 1], [1, 1, 134, 5, 1, 6507]]"
100,200,FT_partial_MLP,0.9521977648103457,0.9683783223525134,0.9521977648103457,0.9922120973917424,0.998506481861276,"[[1536, 2, 57, 0, 1, 0], [0, 1842, 248, 0, 1, 5], [1, 2, 10932, 2, 2, 4], [0, 1, 187, 2949, 3, 1], [2, 3, 165, 0, 3442, 3], [1, 3, 114, 0, 2, 6529]]"
100,250,RF_original,0.8351289630144327,0.8094523884082091,0.8351289630144327,0.9809269490211631,0.9921598897992561,"[[430, 42, 29, 1095, 0, 0], [0, 2088, 2, 5, 0, 1], [0, 522, 9962, 456, 1, 2], [0, 179, 0, 2960, 1, 1], [1, 190, 1, 6, 3417, 0], [0, 341, 1, 8, 1, 6298]]"
100,250,MLP_original,0.9529703011752292,0.9542355040434253,0.9529703011752292,0.9925915965442432,0.9985698920479805,"[[1542, 0, 10, 1, 43, 0], [0, 1830, 10, 0, 251, 5], [1, 1, 10522, 3, 410, 6], [1, 0, 8, 2948, 182, 2], [1, 2, 4, 2, 3603, 3], [1, 2, 8, 0, 110, 6528]]"
100,250,RF_latent_zero,0.7146477742735585,0.7233775677246435,0.7146477742735585,0.9458825289581886,0.9631332713204245,"[[1261, 0, 324, 11, 0, 0], [0, 1492, 518, 86, 0, 0], [0, 1, 10931, 11, 0, 0], [0, 0, 182, 2959, 0, 0], [1, 1, 170, 1784, 1659, 0], [1, 1, 809, 3270, 1, 2567]]"
100,250,MLP_latent_zero,0.9475014195881576,0.9657852899840339,0.9475014195881576,0.9915464892177418,0.9936908906378799,"[[1505, 1, 89, 0, 1, 0], [0, 1832, 263, 0, 0, 1], [0, 1, 10937, 3, 0, 2], [0, 0, 188, 2952, 1, 0], [1, 2, 176, 1, 3435, 0], [1, 2, 138, 1, 1, 6506]]"
100,250,RF_few,0.9525504642034366,0.951341128362743,0.9525504642034366,0.9925200529470163,0.9966482919323352,"[[1534, 1, 19, 41, 1, 0], [0, 1818, 20, 244, 6, 8], [1, 2, 10522, 408, 0, 10], [0, 2, 6, 3125, 1, 7], [1, 5, 7, 161, 3429, 12], [1, 2, 9, 106, 3, 6528]]"
100,250,MLP_few,0.9554945531922083,0.9528264656126209,0.9554945531922083,0.9929065208174035,0.9984410563888765,"[[1544, 1, 8, 42, 1, 0], [1, 1834, 6, 247, 1, 7], [1, 2, 10518, 412, 4, 6], [6, 1, 3, 3127, 3, 1], [3, 5, 4, 160, 3440, 3], [2, 1, 5, 107, 3, 6531]]"
100,250,FT_full_RF,0.9497012830250418,0.9658323012557256,0.9497012830250418,0.991856078687356,0.9979467398517796,"[[1531, 1, 60, 3, 1, 0], [0, 1838, 253, 3, 0, 2], [0, 2, 10927, 11, 1, 2], [0, 1, 180, 2958, 1, 1], [1, 3, 170, 41, 3399, 1], [1, 1, 115, 5, 1, 6526]]"
100,250,FT_full_MLP,0.9534326395343055,0.9689490598174703,0.9534326395343055,0.9923653038619206,0.9986176904018258,"[[1543, 2, 50, 0, 1, 0], [0, 1846, 245, 0, 0, 5], [1, 6, 10930, 2, 0, 4], [0, 2, 182, 2953, 3, 1], [1, 5, 164, 0, 3441, 4], [1, 5, 111, 0, 1, 6531]]"
100,250,FT_freeze_RF,0.9493843979447676,0.9655703601705623,0.9493843979447676,0.9918415675062716,0.9977445111460819,"[[1530, 1, 58, 6, 1, 0], [0, 1836, 254, 3, 1, 2], [0, 1, 10931, 9, 0, 2], [0, 0, 180, 2959, 1, 1], [1, 3, 168, 45, 3397, 1], [1, 1, 116, 7, 1, 6523]]"
100,250,FT_freeze_MLP,0.953346165532701,0.9689111146362843,0.953346165532701,0.99235332908651,0.9986055221145439,"[[1543, 1, 51, 0, 1, 0], [0, 1845, 246, 0, 0, 5], [1, 5, 10930, 2, 1, 4], [0, 3, 183, 2952, 2, 1], [1, 5, 163, 1, 3442, 3], [1, 5, 111, 0, 1, 6531]]"
100,250,FT_decoder_RF,0.7146477742735585,0.7233775677246435,0.7146477742735585,0.9458825289581886,0.9631332713204245,"[[1261, 0, 324, 11, 0, 0], [0, 1492, 518, 86, 0, 0], [0, 1, 10931, 11, 0, 0], [0, 0, 182, 2959, 0, 0], [1, 1, 170, 1784, 1659, 0], [1, 1, 809, 3270, 1, 2567]]"
100,250,FT_decoder_MLP,0.9475014195881576,0.9657852899840339,0.9475014195881576,0.9915464892177418,0.9936908906378799,"[[1505, 1, 89, 0, 1, 0], [0, 1832, 263, 0, 0, 1], [0, 1, 10937, 3, 0, 2], [0, 0, 188, 2952, 1, 0], [1, 2, 176, 1, 3435, 0], [1, 2, 138, 1, 1, 6506]]"
100,250,FT_partial_RF,0.9455405270413259,0.96342757390104,0.9455405270413259,0.991180548412485,0.9839723321539834,"[[1525, 1, 68, 1, 1, 0], [0, 1806, 288, 0, 1, 1], [0, 1, 10935, 5, 0, 2], [0, 0, 185, 2954, 1, 1], [1, 2, 178, 41, 3392, 1], [1, 1, 140, 3, 1, 6503]]"
100,250,FT_partial_MLP,0.9513302359370122,0.9679797335916707,0.9513302359370122,0.9921411098077392,0.998498218049854,"[[1527, 1, 67, 0, 1, 0], [0, 1842, 249, 0, 0, 5], [1, 1, 10933, 2, 2, 4], [0, 1, 186, 2950, 3, 1], [2, 3, 166, 0, 3441, 3], [1, 3, 113, 0, 1, 6531]]"
150,50,RF_original,0.8351289630144327,0.8094523884082091,0.8351289630144327,0.9809269490211631,0.9921598897992561,"[[430, 42, 29, 1095, 0, 0], [0, 2088, 2, 5, 0, 1], [0, 522, 9962, 456, 1, 2], [0, 179, 0, 2960, 1, 1], [1, 190, 1, 6, 3417, 0], [0, 341, 1, 8, 1, 6298]]"
150,50,MLP_original,0.9529703011752292,0.9542355040434253,0.9529703011752292,0.9925915965442432,0.9985698920479805,"[[1542, 0, 10, 1, 43, 0], [0, 1830, 10, 0, 251, 5], [1, 1, 10522, 3, 410, 6], [1, 0, 8, 2948, 182, 2], [1, 2, 4, 2, 3603, 3], [1, 2, 8, 0, 110, 6528]]"
150,50,RF_latent_zero,0.7146477742735585,0.7233775677246435,0.7146477742735585,0.9458825289581886,0.9631332713204245,"[[1261, 0, 324, 11, 0, 0], [0, 1492, 518, 86, 0, 0], [0, 1, 10931, 11, 0, 0], [0, 0, 182, 2959, 0, 0], [1, 1, 170, 1784, 1659, 0], [1, 1, 809, 3270, 1, 2567]]"
150,50,MLP_latent_zero,0.9475014195881576,0.9657852899840339,0.9475014195881576,0.9915464892177418,0.9936908906378799,"[[1505, 1, 89, 0, 1, 0], [0, 1832, 263, 0, 0, 1], [0, 1, 10937, 3, 0, 2], [0, 0, 188, 2952, 1, 0], [1, 2, 176, 1, 3435, 0], [1, 2, 138, 1, 1, 6506]]"
150,50,RF_few,0.7981678528510973,0.7877667260137727,0.7981678528510973,0.9786406795922385,0.965312915182754,"[[71, 0, 1224, 300, 0, 1], [0, 1832, 13, 245, 3, 3], [1, 2, 10522, 410, 6, 2], [1, 2, 62, 3071, 4, 1], [0, 2, 12, 162, 3436, 3], [0, 2, 9, 110, 7, 6521]]"
150,50,MLP_few,0.8756279085876915,0.896473825437554,0.8756279085876915,0.9843010106965776,0.9780948370591015,"[[930, 9, 583, 10, 47, 17], [0, 1833, 1, 0, 250, 12], [1, 21, 10490, 3, 413, 15], [0, 14, 181, 2706, 186, 54], [1, 8, 2, 1, 3601, 2], [1, 19, 1, 1, 109, 6518]]"
150,50,FT_full_RF,0.9074861943662826,0.9352828407770826,0.9074861943662826,0.9868609288840974,0.9925180298683248,"[[1224, 0, 362, 10, 0, 0], [0, 1804, 289, 2, 1, 0], [0, 1, 10937, 4, 0, 1], [0, 0, 182, 2958, 1, 0], [1, 2, 175, 129, 3308, 0], [1, 1, 184, 72, 1, 6390]]"
150,50,FT_full_MLP,0.9347487069060799,0.9429009440720276,0.9347487069060799,0.99085587497182,0.9982225143024334,"[[1357, 1, 196, 0, 42, 0], [0, 1846, 6, 0, 243, 1], [0, 6, 10526, 2, 406, 3], [0, 2, 11, 2949, 178, 1], [1, 4, 10, 0, 3600, 0], [1, 7, 12, 0, 107, 6522]]"
150,50,FT_freeze_RF,0.909371986973944,0.9371477456946872,0.909371986973944,0.9866697376617993,0.9920590437969445,"[[1254, 0, 334, 8, 0, 0], [0, 1806, 289, 1, 0, 0], [0, 1, 10937, 4, 0, 1], [0, 0, 188, 2952, 1, 0], [1, 3, 179, 134, 3298, 0], [1, 1, 245, 36, 1, 6365]]"
150,50,FT_freeze_MLP,0.9385956574007652,0.9452287296150409,0.9385956574007652,0.9912019813050265,0.9982762943875115,"[[1395, 1, 158, 0, 42, 0], [0, 1846, 6, 0, 243, 1], [0, 7, 10526, 2, 406, 2], [0, 2, 11, 2949, 178, 1], [1, 5, 10, 0, 3599, 0], [1, 10, 12, 0, 107, 6519]]"
150,50,FT_decoder_RF,0.7146477742735585,0.7233775677246435,0.7146477742735585,0.9458825289581886,0.9631332713204245,"[[1261, 0, 324, 11, 0, 0], [0, 1492, 518, 86, 0, 0], [0, 1, 10931, 11, 0, 0], [0, 0, 182, 2959, 0, 0], [1, 1, 170, 1784, 1659, 0], [1, 1, 809, 3270, 1, 2567]]"
150,50,FT_decoder_MLP,0.9475014195881576,0.9657852899840339,0.9475014195881576,0.9915464892177418,0.9936908906378799,"[[1505, 1, 89, 0, 1, 0], [0, 1832, 263, 0, 0, 1], [0, 1, 10937, 3, 0, 2], [0, 0, 188, 2952, 1, 0], [1, 2, 176, 1, 3435, 0], [1, 2, 138, 1, 1, 6506]]"
150,50,FT_partial_RF,0.9093063151266388,0.9389984373222052,0.9093063151266388,0.98818941948581,0.9810186315899717,"[[1148, 1, 400, 47, 0, 0], [0, 1822, 268, 1, 1, 4], [0, 1, 10933, 6, 0, 3], [0, 0, 182, 2957, 1, 1], [1, 2, 173, 15, 3422, 2], [1, 1, 121, 8, 1, 6517]]"
150,50,FT_partial_MLP,0.8949848484126978,0.928114134925259,0.8949848484126978,0.9869501670789642,0.997972887387426,"[[985, 1, 579, 31, 0, 0], [0, 1843, 250, 0, 0, 3], [0, 2, 10933, 3, 1, 4], [0, 0, 182, 2957, 1, 1], [1, 3, 167, 3, 3440, 1], [0, 2, 118, 3, 1, 6525]]"
150,100,RF_original,0.8351289630144327,0.8094523884082091,0.8351289630144327,0.9809269490211631,0.9921598897992561,"[[430, 42, 29, 1095, 0, 0], [0, 2088, 2, 5, 0, 1], [0, 522, 9962, 456, 1, 2], [0, 179, 0, 2960, 1, 1], [1, 190, 1, 6, 3417, 0], [0, 341, 1, 8, 1, 6298]]"
150,100,MLP_original,0.9529703011752292,0.9542355040434253,0.9529703011752292,0.9925915965442432,0.9985698920479805,"[[1542, 0, 10, 1, 43, 0], [0, 1830, 10, 0, 251, 5], [1, 1, 10522, 3, 410, 6], [1, 0, 8, 2948, 182, 2], [1, 2, 4, 2, 3603, 3], [1, 2, 8, 0, 110, 6528]]"
150,100,RF_latent_zero,0.7146477742735585,0.7233775677246435,0.7146477742735585,0.9458825289581886,0.9631332713204245,"[[1261, 0, 324, 11, 0, 0], [0, 1492, 518, 86, 0, 0], [0, 1, 10931, 11, 0, 0], [0, 0, 182, 2959, 0, 0], [1, 1, 170, 1784, 1659, 0], [1, 1, 809, 3270, 1, 2567]]"
150,100,MLP_latent_zero,0.9475014195881576,0.9657852899840339,0.9475014195881576,0.9915464892177418,0.9936908906378799,"[[1505, 1, 89, 0, 1, 0], [0, 1832, 263, 0, 0, 1], [0, 1, 10937, 3, 0, 2], [0, 0, 188, 2952, 1, 0], [1, 2, 176, 1, 3435, 0], [1, 2, 138, 1, 1, 6506]]"
150,100,RF_few,0.9490748320926606,0.949273996550033,0.9490748320926606,0.9922562243080281,0.9759152320870451,"[[1488, 1, 55, 49, 2, 1], [0, 1837, 6, 248, 2, 3], [0, 1, 10523, 412, 2, 5], [0, 1, 19, 3117, 4, 0], [2, 2, 4, 169, 3435, 3], [1, 1, 6, 112, 3, 6526]]"
150,100,MLP_few,0.9528894394558387,0.9496935507522074,0.9528894394558387,0.9925438289717198,0.9902747085714444,"[[1527, 2, 13, 53, 1, 0], [1, 1845, 1, 248, 0, 1], [4, 13, 10507, 417, 0, 2], [0, 2, 3, 3133, 1, 2], [2, 12, 2, 188, 3409, 2], [2, 16, 3, 113, 1, 6514]]"
150,100,FT_full_RF,0.9422812248681686,0.960842398265528,0.9422812248681686,0.990954738975995,0.9965433018726726,"[[1478, 1, 110, 6, 1, 0], [0, 1827, 263, 4, 1, 1], [0, 1, 10931, 10, 0, 1], [0, 1, 182, 2956, 1, 1], [1, 2, 174, 41, 3396, 1], [1, 3, 130, 20, 2, 6493]]"
150,100,FT_full_MLP,0.9517187902419494,0.9532939102209964,0.9517187902419494,0.992486566251323,0.998476150684342,"[[1516, 2, 36, 0, 42, 0], [0, 1849, 2, 0, 243, 2], [1, 6, 10522, 2, 409, 3], [0, 2, 8, 2949, 181, 1], [1, 4, 4, 0, 3603, 3], [1, 9, 7, 0, 108, 6524]]"
150,100,FT_freeze_RF,0.9440260845828526,0.9617511957514359,0.9440260845828526,0.9911493689921813,0.9964261331301109,"[[1496, 1, 92, 6, 1, 0], [0, 1828, 261, 4, 2, 1], [0, 1, 10932, 8, 0, 2], [0, 0, 181, 2958, 1, 1], [1, 2, 171, 54, 3386, 1], [1, 2, 127, 20, 1, 6498]]"
150,100,FT_freeze_MLP,0.9518522903951997,0.9535442261580274,0.9518522903951997,0.9925108952771461,0.9984745641039425,"[[1517, 1, 36, 0, 42, 0], [0, 1848, 2, 0, 244, 2], [1, 4, 10524, 2, 408, 4], [0, 2, 7, 2950, 181, 1], [1, 4, 4, 0, 3603, 3], [1, 7, 8, 0, 108, 6525]]"
150,100,FT_decoder_RF,0.7146477742735585,0.7233775677246435,0.7146477742735585,0.9458825289581886,0.9631332713204245,"[[1261, 0, 324, 11, 0, 0], [0, 1492, 518, 86, 0, 0], [0, 1, 10931, 11, 0, 0], [0, 0, 182, 2959, 0, 0], [1, 1, 170, 1784, 1659, 0], [1, 1, 809, 3270, 1, 2567]]"
150,100,FT_decoder_MLP,0.9475014195881576,0.9657852899840339,0.9475014195881576,0.9915464892177418,0.9936908906378799,"[[1505, 1, 89, 0, 1, 0], [0, 1832, 263, 0, 0, 1], [0, 1, 10937, 3, 0, 2], [0, 0, 188, 2952, 1, 0], [1, 2, 176, 1, 3435, 0], [1, 2, 138, 1, 1, 6506]]"
150,100,FT_partial_RF,0.9494114268665347,0.9663689793604048,0.9494114268665347,0.991701140984654,0.983574249622305,"[[1530, 1, 63, 1, 1, 0], [0, 1836, 258, 0, 0, 2], [0, 3, 10935, 3, 0, 2], [0, 0, 185, 2954, 1, 1], [1, 2, 182, 21, 3408, 1], [1, 2, 132, 1, 1, 6512]]"
150,100,FT_partial_MLP,0.9526514341653343,0.9680444693085662,0.9526514341653343,0.992236998425143,0.9984658370851213,"[[1540, 2, 53, 0, 1, 0], [0, 1850, 244, 0, 0, 2], [1, 6, 10931, 2, 0, 3], [2, 7, 187, 2942, 2, 1], [3, 5, 165, 0, 3439, 3], [1, 8, 113, 0, 1, 6526]]"
150,150,RF_original,0.8351289630144327,0.8094523884082091,0.8351289630144327,0.9809269490211631,0.9921598897992561,"[[430, 42, 29, 1095, 0, 0], [0, 2088, 2, 5, 0, 1], [0, 522, 9962, 456, 1, 2], [0, 179, 0, 2960, 1, 1], [1, 190, 1, 6, 3417, 0], [0, 341, 1, 8, 1, 6298]]"
150,150,MLP_original,0.9529703011752292,0.9542355040434253,0.9529703011752292,0.9925915965442432,0.9985698920479805,"[[1542, 0, 10, 1, 43, 0], [0, 1830, 10, 0, 251, 5], [1, 1, 10522, 3, 410, 6], [1, 0, 8, 2948, 182, 2], [1, 2, 4, 2, 3603, 3], [1, 2, 8, 0, 110, 6528]]"
150,150,RF_latent_zero,0.7146477742735585,0.7233775677246435,0.7146477742735585,0.9458825289581886,0.9631332713204245,"[[1261, 0, 324, 11, 0, 0], [0, 1492, 518, 86, 0, 0], [0, 1, 10931, 11, 0, 0], [0, 0, 182, 2959, 0, 0], [1, 1, 170, 1784, 1659, 0], [1, 1, 809, 3270, 1, 2567]]"
150,150,MLP_latent_zero,0.9475014195881576,0.9657852899840339,0.9475014195881576,0.9915464892177418,0.9936908906378799,"[[1505, 1, 89, 0, 1, 0], [0, 1832, 263, 0, 0, 1], [0, 1, 10937, 3, 0, 2], [0, 0, 188, 2952, 1, 0], [1, 2, 176, 1, 3435, 0], [1, 2, 138, 1, 1, 6506]]"
150,150,RF_few,0.9518939235736991,0.9506940344558105,0.9518939235736991,0.9924418459503959,0.9924973457754266,"[[1525, 0, 24, 44, 2, 1], [0, 1829, 10, 243, 8, 6], [0, 5, 10518, 408, 4, 8], [0, 1, 21, 3112, 6, 1], [1, 4, 6, 167, 3433, 4], [1, 5, 5, 107, 4, 6527]]"
150,150,MLP_few,0.9535146005076856,0.9513831759008421,0.9535146005076856,0.9927197787732337,0.9982014186298475,"[[1532, 1, 16, 46, 1, 0], [1, 1827, 3, 254, 1, 10], [2, 4, 10516, 416, 2, 3], [0, 0, 3, 3134, 3, 1], [3, 8, 3, 168, 3430, 3], [2, 1, 5, 110, 2, 6529]]"
150,150,FT_full_RF,0.942302870627838,0.9616217501936536,0.942302870627838,0.9910372486178898,0.9971621254413452,"[[1475, 1, 111, 9, 0, 0], [0, 1817, 275, 1, 2, 1], [0, 1, 10934, 6, 0, 2], [0, 0, 180, 2959, 1, 1], [1, 2, 174, 28, 3409, 1], [1, 1, 133, 6, 2, 6506]]"
150,150,FT_full_MLP,0.9512489362610359,0.9533686557215156,0.9512489362610359,0.992423280260977,0.9984958014493764,"[[1514, 1, 39, 0, 42, 0], [0, 1844, 6, 0, 244, 2], [1, 2, 10524, 2, 410, 4], [0, 1, 7, 2951, 181, 1], [1, 3, 6, 0, 3603, 2], [1, 4, 12, 0, 108, 6524]]"
150,150,FT_freeze_RF,0.9381412337787728,0.9587471311220455,0.9381412337787728,0.9906477635147023,0.9973482859393831,"[[1454, 0, 128, 13, 1, 0], [0, 1792, 295, 6, 2, 1], [0, 1, 10935, 5, 0, 2], [0, 0, 180, 2959, 1, 1], [1, 2, 170, 33, 3408, 1], [1, 1, 131, 7, 1, 6508]]"
150,150,FT_freeze_MLP,0.950708013274442,0.9531217603075088,0.950708013274442,0.9923925883995629,0.9985100083465378,"[[1512, 1, 40, 1, 42, 0], [0, 1837, 11, 0, 246, 2], [1, 1, 10525, 2, 409, 5], [0, 1, 4, 2954, 181, 1], [1, 2, 5, 0, 3603, 4], [1, 2, 12, 0, 108, 6526]]"
150,150,FT_decoder_RF,0.7146477742735585,0.7233775677246435,0.7146477742735585,0.9458825289581886,0.9631332713204245,"[[1261, 0, 324, 11, 0, 0], [0, 1492, 518, 86, 0, 0], [0, 1, 10931, 11, 0, 0], [0, 0, 182, 2959, 0, 0], [1, 1, 170, 1784, 1659, 0], [1, 1, 809, 3270, 1, 2567]]"
150,150,FT_decoder_MLP,0.9475014195881576,0.9657852899840339,0.9475014195881576,0.9915464892177418,0.9936908906378799,"[[1505, 1, 89, 0, 1, 0], [0, 1832, 263, 0, 0, 1], [0, 1, 10937, 3, 0, 2], [0, 0, 188, 2952, 1, 0], [1, 2, 176, 1, 3435, 0], [1, 2, 138, 1, 1, 6506]]"
150,150,FT_partial_RF,0.9462490446575736,0.9643658512101254,0.9462490446575736,0.9912595719235772,0.9834480660914857,"[[1519, 1, 74, 1, 1, 0], [0, 1814, 279, 1, 1, 1], [0, 1, 10937, 3, 0, 2], [0, 0, 186, 2953, 1, 1], [1, 2, 179, 20, 3412, 1], [1, 1, 148, 3, 1, 6495]]"
150,150,FT_partial_MLP,0.9502581000560472,0.9672819332729515,0.9502581000560472,0.9920092037087032,0.9984726134938903,"[[1517, 1, 77, 0, 1, 0], [0, 1845, 247, 0, 0, 4], [1, 2, 10933, 2, 1, 4], [0, 2, 189, 2946, 3, 1], [1, 3, 166, 0, 3442, 3], [1, 4, 115, 0, 2, 6527]]"
150,200,RF_original,0.8351289630144327,0.8094523884082091,0.8351289630144327,0.9809269490211631,0.9921598897992561,"[[430, 42, 29, 1095, 0, 0], [0, 2088, 2, 5, 0, 1], [0, 522, 9962, 456, 1, 2], [0, 179, 0, 2960, 1, 1], [1, 190, 1, 6, 3417, 0], [0, 341, 1, 8, 1, 6298]]"
150,200,MLP_original,0.9529703011752292,0.9542355040434253,0.9529703011752292,0.9925915965442432,0.9985698920479805,"[[1542, 0, 10, 1, 43, 0], [0, 1830, 10, 0, 251, 5], [1, 1, 10522, 3, 410, 6], [1, 0, 8, 2948, 182, 2], [1, 2, 4, 2, 3603, 3], [1, 2, 8, 0, 110, 6528]]"
150,200,RF_latent_zero,0.7146477742735585,0.7233775677246435,0.7146477742735585,0.9458825289581886,0.9631332713204245,"[[1261, 0, 324, 11, 0, 0], [0, 1492, 518, 86, 0, 0], [0, 1, 10931, 11, 0, 0], [0, 0, 182, 2959, 0, 0], [1, 1, 170, 1784, 1659, 0], [1, 1, 809, 3270, 1, 2567]]"
150,200,MLP_latent_zero,0.9475014195881576,0.9657852899840339,0.9475014195881576,0.9915464892177418,0.9936908906378799,"[[1505, 1, 89, 0, 1, 0], [0, 1832, 263, 0, 0, 1], [0, 1, 10937, 3, 0, 2], [0, 0, 188, 2952, 1, 0], [1, 2, 176, 1, 3435, 0], [1, 2, 138, 1, 1, 6506]]"
150,200,RF_few,0.9532511462852794,0.9518531428929607,0.9532511462852794,0.9926056855200525,0.9947231457031777,"[[1535, 0, 17, 41, 2, 1], [1, 1822, 15, 244, 6, 8], [1, 1, 10520, 408, 2, 11], [0, 1, 10, 3126, 1, 3], [1, 4, 8, 161, 3434, 7], [1, 2, 7, 106, 4, 6529]]"
150,200,MLP_few,0.9538433587297893,0.9518369853162114,0.9538433587297893,0.9927943519782083,0.9981974208010215,"[[1528, 3, 18, 45, 2, 0], [0, 1833, 2, 252, 2, 7], [0, 2, 10518, 411, 8, 4], [4, 1, 4, 3128, 3, 1], [1, 6, 2, 163, 3441, 2], [1, 1, 4, 108, 4, 6531]]"
150,200,FT_full_RF,0.9480974101371381,0.9647490742328243,0.9480974101371381,0.9917167363833456,0.9960018980788378,"[[1518, 1, 72, 5, 0, 0], [0, 1832, 255, 8, 0, 1], [0, 2, 10929, 10, 0, 2], [0, 1, 179, 2959, 1, 1], [1, 3, 166, 38, 3406, 1], [1, 1, 117, 10, 1, 6519]]"
150,200,FT_full_MLP,0.9541890713470981,0.954999441097368,0.9541890713470981,0.9927788475836739,0.9986029665148025,"[[1537, 2, 15, 0, 42, 0], [0, 1847, 2, 0, 243, 4], [1, 4, 10525, 2, 407, 4], [0, 2, 4, 2954, 180, 1], [1, 4, 2, 2, 3603, 3], [1, 5, 7, 0, 107, 6529]]"
150,200,FT_freeze_RF,0.9484488817424369,0.9652026177710762,0.9484488817424369,0.9917384412004017,0.9967735992986876,"[[1522, 1, 68, 4, 1, 0], [0, 1832, 255, 8, 0, 1], [0, 2, 10933, 6, 0, 2], [0, 1, 181, 2957, 1, 1], [1, 3, 170, 35, 3405, 1], [1, 1, 121, 5, 1, 6520]]"
150,200,FT_freeze_MLP,0.9546982900025561,0.9553422968931206,0.9546982900025561,0.9928157519864621,0.998615273260767,"[[1543, 1, 10, 0, 42, 0], [0, 1846, 3, 0, 243, 4], [1, 4, 10526, 2, 406, 4], [0, 2, 6, 2953, 179, 1], [2, 4, 3, 0, 3603, 3], [1, 5, 7, 0, 107, 6529]]"
150,200,FT_decoder_RF,0.7146477742735585,0.7233775677246435,0.7146477742735585,0.9458825289581886,0.9631332713204245,"[[1261, 0, 324, 11, 0, 0], [0, 1492, 518, 86, 0, 0], [0, 1, 10931, 11, 0, 0], [0, 0, 182, 2959, 0, 0], [1, 1, 170, 1784, 1659, 0], [1, 1, 809, 3270, 1, 2567]]"
150,200,FT_decoder_MLP,0.9475014195881576,0.9657852899840339,0.9475014195881576,0.9915464892177418,0.9936908906378799,"[[1505, 1, 89, 0, 1, 0], [0, 1832, 263, 0, 0, 1], [0, 1, 10937, 3, 0, 2], [0, 0, 188, 2952, 1, 0], [1, 2, 176, 1, 3435, 0], [1, 2, 138, 1, 1, 6506]]"
150,200,FT_partial_RF,0.9473234539953181,0.9646665031407299,0.9473234539953181,0.9914088530367446,0.9838197641866545,"[[1531, 1, 61, 2, 1, 0], [0, 1812, 278, 4, 1, 1], [0, 1, 10934, 5, 1, 2], [0, 0, 184, 2955, 1, 1], [1, 2, 177, 27, 3407, 1], [1, 1, 139, 6, 1, 6501]]"
150,200,FT_partial_MLP,0.9526057949943102,0.968693605882991,0.9526057949943102,0.9922541904743442,0.9984996515748273,"[[1539, 1, 55, 0, 1, 0], [0, 1843, 247, 0, 1, 5], [1, 1, 10933, 2, 2, 4], [0, 1, 187, 2949, 3, 1], [2, 3, 165, 0, 3442, 3], [1, 3, 114, 0, 2, 6529]]"
150,250,RF_original,0.8351289630144327,0.8094523884082091,0.8351289630144327,0.9809269490211631,0.9921598897992561,"[[430, 42, 29, 1095, 0, 0], [0, 2088, 2, 5, 0, 1], [0, 522, 9962, 456, 1, 2], [0, 179, 0, 2960, 1, 1], [1, 190, 1, 6, 3417, 0], [0, 341, 1, 8, 1, 6298]]"
150,250,MLP_original,0.9529703011752292,0.9542355040434253,0.9529703011752292,0.9925915965442432,0.9985698920479805,"[[1542, 0, 10, 1, 43, 0], [0, 1830, 10, 0, 251, 5], [1, 1, 10522, 3, 410, 6], [1, 0, 8, 2948, 182, 2], [1, 2, 4, 2, 3603, 3], [1, 2, 8, 0, 110, 6528]]"
150,250,RF_latent_zero,0.7146477742735585,0.7233775677246435,0.7146477742735585,0.9458825289581886,0.9631332713204245,"[[1261, 0, 324, 11, 0, 0], [0, 1492, 518, 86, 0, 0], [0, 1, 10931, 11, 0, 0], [0, 0, 182, 2959, 0, 0], [1, 1, 170, 1784, 1659, 0], [1, 1, 809, 3270, 1, 2567]]"
150,250,MLP_latent_zero,0.9475014195881576,0.9657852899840339,0.9475014195881576,0.9915464892177418,0.9936908906378799,"[[1505, 1, 89, 0, 1, 0], [0, 1832, 263, 0, 0, 1], [0, 1, 10937, 3, 0, 2], [0, 0, 188, 2952, 1, 0], [1, 2, 176, 1, 3435, 0], [1, 2, 138, 1, 1, 6506]]"
150,250,RF_few,0.9525504642034366,0.951341128362743,0.9525504642034366,0.9925200529470163,0.9966482919323352,"[[1534, 1, 19, 41, 1, 0], [0, 1818, 20, 244, 6, 8], [1, 2, 10522, 408, 0, 10], [0, 2, 6, 3125, 1, 7], [1, 5, 7, 161, 3429, 12], [1, 2, 9, 106, 3, 6528]]"
150,250,MLP_few,0.955753971060731,0.9523190449771852,0.955753971060731,0.9929240879568488,0.9983559943875356,"[[1546, 2, 5, 42, 1, 0], [1, 1839, 2, 245, 1, 8], [2, 8, 10511, 411, 4, 7], [8, 2, 2, 3125, 3, 1], [6, 10, 1, 160, 3436, 2], [1, 2, 3, 107, 3, 6533]]"
150,250,FT_full_RF,0.9489766642147037,0.965597066108505,0.9489766642147037,0.9918714730943251,0.998078638269983,"[[1521, 1, 66, 7, 1, 0], [0, 1828, 260, 5, 2, 1], [0, 2, 10929, 9, 1, 2], [0, 1, 179, 2959, 1, 1], [1, 3, 162, 25, 3423, 1], [1, 1, 115, 8, 1, 6523]]"
150,250,FT_full_MLP,0.954682239225718,0.9553435953366413,0.954682239225718,0.9928248868795349,0.9986326092241065,"[[1542, 2, 10, 0, 42, 0], [0, 1846, 2, 0, 244, 4], [1, 3, 10522, 2, 411, 4], [0, 2, 3, 2954, 181, 1], [1, 4, 2, 1, 3604, 3], [1, 2, 6, 0, 109, 6531]]"
150,250,FT_freeze_RF,0.9491325905931718,0.9659437648010551,0.9491325905931718,0.9918611382258207,0.9982225944168545,"[[1522, 1, 65, 7, 1, 0], [0, 1828, 264, 2, 1, 1], [0, 2, 10931, 7, 1, 2], [0, 1, 179, 2959, 1, 1], [1, 3, 169, 17, 3424, 1], [1, 1, 115, 9, 1, 6522]]"
150,250,FT_freeze_MLP,0.9545815296873625,0.955279944928928,0.9545815296873625,0.992802465592459,0.9986484733210607,"[[1543, 2, 9, 0, 42, 0], [0, 1844, 4, 0, 244, 4], [1, 3, 10522, 2, 411, 4], [0, 2, 3, 2954, 181, 1], [1, 4, 3, 1, 3603, 3], [1, 2, 7, 0, 108, 6531]]"
150,250,FT_decoder_RF,0.7146477742735585,0.7233775677246435,0.7146477742735585,0.9458825289581886,0.9631332713204245,"[[1261, 0, 324, 11, 0, 0], [0, 1492, 518, 86, 0, 0], [0, 1, 10931, 11, 0, 0], [0, 0, 182, 2959, 0, 0], [1, 1, 170, 1784, 1659, 0], [1, 1, 809, 3270, 1, 2567]]"
150,250,FT_decoder_MLP,0.9475014195881576,0.9657852899840339,0.9475014195881576,0.9915464892177418,0.9936908906378799,"[[1505, 1, 89, 0, 1, 0], [0, 1832, 263, 0, 0, 1], [0, 1, 10937, 3, 0, 2], [0, 0, 188, 2952, 1, 0], [1, 2, 176, 1, 3435, 0], [1, 2, 138, 1, 1, 6506]]"
150,250,FT_partial_RF,0.9447082904127182,0.9626583064751899,0.9447082904127182,0.9911355779775657,0.9838439867603714,"[[1519, 1, 72, 3, 1, 0], [0, 1806, 288, 0, 1, 1], [0, 1, 10934, 6, 0, 2], [0, 0, 184, 2955, 1, 1], [1, 2, 177, 50, 3384, 1], [1, 1, 133, 5, 1, 6508]]"
150,250,FT_partial_MLP,0.9513931335841829,0.96801724318128,0.9513931335841829,0.9921535131795595,0.9985357834930241,"[[1527, 1, 67, 0, 1, 0], [0, 1842, 249, 0, 0, 5], [1, 1, 10932, 2, 3, 4], [0, 1, 185, 2951, 3, 1], [2, 3, 165, 1, 3441, 3], [1, 2, 113, 0, 1, 6532]]"
200,50,RF_original,0.8351289630144327,0.8094523884082091,0.8351289630144327,0.9809269490211631,0.9921598897992561,"[[430, 42, 29, 1095, 0, 0], [0, 2088, 2, 5, 0, 1], [0, 522, 9962, 456, 1, 2], [0, 179, 0, 2960, 1, 1], [1, 190, 1, 6, 3417, 0], [0, 341, 1, 8, 1, 6298]]"
200,50,MLP_original,0.9529703011752292,0.9542355040434253,0.9529703011752292,0.9925915965442432,0.9985698920479805,"[[1542, 0, 10, 1, 43, 0], [0, 1830, 10, 0, 251, 5], [1, 1, 10522, 3, 410, 6], [1, 0, 8, 2948, 182, 2], [1, 2, 4, 2, 3603, 3], [1, 2, 8, 0, 110, 6528]]"
200,50,RF_latent_zero,0.7146477742735585,0.7233775677246435,0.7146477742735585,0.9458825289581886,0.9631332713204245,"[[1261, 0, 324, 11, 0, 0], [0, 1492, 518, 86, 0, 0], [0, 1, 10931, 11, 0, 0], [0, 0, 182, 2959, 0, 0], [1, 1, 170, 1784, 1659, 0], [1, 1, 809, 3270, 1, 2567]]"
200,50,MLP_latent_zero,0.9475014195881576,0.9657852899840339,0.9475014195881576,0.9915464892177418,0.9936908906378799,"[[1505, 1, 89, 0, 1, 0], [0, 1832, 263, 0, 0, 1], [0, 1, 10937, 3, 0, 2], [0, 0, 188, 2952, 1, 0], [1, 2, 176, 1, 3435, 0], [1, 2, 138, 1, 1, 6506]]"
200,50,RF_few,0.7981678528510973,0.7877667260137727,0.7981678528510973,0.9786406795922385,0.965312915182754,"[[71, 0, 1224, 300, 0, 1], [0, 1832, 13, 245, 3, 3], [1, 2, 10522, 410, 6, 2], [1, 2, 62, 3071, 4, 1], [0, 2, 12, 162, 3436, 3], [0, 2, 9, 110, 7, 6521]]"
200,50,MLP_few,0.8864152363795205,0.9058966737987207,0.8864152363795205,0.9854633448145661,0.9762513558317147,"[[1013, 6, 527, 1, 41, 8], [2, 1830, 1, 0, 253, 10], [1, 18, 10499, 2, 409, 14], [1, 5, 148, 2753, 183, 51], [1, 13, 2, 0, 3594, 5], [2, 19, 1, 0, 107, 6520]]"
200,50,FT_full_RF,0.9146998001939556,0.9416044736181192,0.9146998001939556,0.987411243943135,0.9836754148166197,"[[1298, 0, 287, 11, 0, 0], [0, 1781, 311, 4, 0, 0], [0, 1, 10936, 5, 0, 1], [0, 0, 183, 2957, 1, 0], [1, 2, 177, 97, 3338, 0], [1, 1, 227, 29, 1, 6390]]"
200,50,FT_full_MLP,0.9404399398612385,0.9612911377983561,0.9404399398612385,0.9910858436374285,0.998398611384775,"[[1421, 1, 172, 1, 1, 0], [0, 1845, 249, 0, 0, 2], [0, 5, 10932, 2, 1, 3], [0, 1, 186, 2952, 1, 1], [1, 3, 168, 0, 3441, 2], [1, 5, 117, 0, 1, 6525]]"
200,50,FT_freeze_RF,0.9098694209935112,0.9375298923488314,0.9098694209935112,0.9865247959206278,0.9913432794164829,"[[1292, 0, 294, 10, 0, 0], [0, 1756, 338, 1, 1, 0], [0, 1, 10939, 3, 0, 0], [0, 0, 184, 2956, 1, 0], [1, 2, 178, 114, 3320, 0], [1, 1, 258, 53, 1, 6335]]"
200,50,FT_freeze_MLP,0.9398933499318861,0.9464379695532109,0.9398933499318861,0.9913552446515532,0.9983278326849153,"[[1406, 1, 146, 1, 42, 0], [0, 1844, 8, 0, 243, 1], [0, 3, 10528, 2, 407, 3], [0, 1, 10, 2951, 178, 1], [1, 4, 10, 0, 3600, 0], [1, 4, 13, 0, 107, 6524]]"
200,50,FT_decoder_RF,0.7146477742735585,0.7233775677246435,0.7146477742735585,0.9458825289581886,0.9631332713204245,"[[1261, 0, 324, 11, 0, 0], [0, 1492, 518, 86, 0, 0], [0, 1, 10931, 11, 0, 0], [0, 0, 182, 2959, 0, 0], [1, 1, 170, 1784, 1659, 0], [1, 1, 809, 3270, 1, 2567]]"
200,50,FT_decoder_MLP,0.9475014195881576,0.9657852899840339,0.9475014195881576,0.9915464892177418,0.9936908906378799,"[[1505, 1, 89, 0, 1, 0], [0, 1832, 263, 0, 0, 1], [0, 1, 10937, 3, 0, 2], [0, 0, 188, 2952, 1, 0], [1, 2, 176, 1, 3435, 0], [1, 2, 138, 1, 1, 6506]]"
200,50,FT_partial_RF,0.9266125532187394,0.9523012511343102,0.9266125532187394,0.9894428608476941,0.9824399947512467,"[[1354, 0, 233, 8, 1, 0], [0, 1773, 321, 0, 1, 1], [0, 1, 10938, 2, 0, 2], [0, 0, 187, 2952, 1, 1], [1, 2, 178, 7, 3427, 0], [1, 1, 141, 2, 1, 6503]]"
200,50,FT_partial_MLP,0.9205027347476383,0.9482807750246823,0.9205027347476383,0.9891907286513,0.9983018160479742,"[[1249, 1, 340, 5, 1, 0], [0, 1819, 274, 0, 1, 2], [0, 1, 10935, 3, 2, 2], [0, 0, 187, 2952, 1, 1], [1, 2, 167, 2, 3442, 1], [1, 1, 119, 1, 2, 6525]]"
200,100,RF_original,0.8351289630144327,0.8094523884082091,0.8351289630144327,0.9809269490211631,0.9921598897992561,"[[430, 42, 29, 1095, 0, 0], [0, 2088, 2, 5, 0, 1], [0, 522, 9962, 456, 1, 2], [0, 179, 0, 2960, 1, 1], [1, 190, 1, 6, 3417, 0], [0, 341, 1, 8, 1, 6298]]"
200,100,MLP_original,0.9529703011752292,0.9542355040434253,0.9529703011752292,0.9925915965442432,0.9985698920479805,"[[1542, 0, 10, 1, 43, 0], [0, 1830, 10, 0, 251, 5], [1, 1, 10522, 3, 410, 6], [1, 0, 8, 2948, 182, 2], [1, 2, 4, 2, 3603, 3], [1, 2, 8, 0, 110, 6528]]"
200,100,RF_latent_zero,0.7146477742735585,0.7233775677246435,0.7146477742735585,0.9458825289581886,0.9631332713204245,"[[1261, 0, 324, 11, 0, 0], [0, 1492, 518, 86, 0, 0], [0, 1, 10931, 11, 0, 0], [0, 0, 182, 2959, 0, 0], [1, 1, 170, 1784, 1659, 0], [1, 1, 809, 3270, 1, 2567]]"
200,100,MLP_latent_zero,0.9475014195881576,0.9657852899840339,0.9475014195881576,0.9915464892177418,0.9936908906378799,"[[1505, 1, 89, 0, 1, 0], [0, 1832, 263, 0, 0, 1], [0, 1, 10937, 3, 0, 2], [0, 0, 188, 2952, 1, 0], [1, 2, 176, 1, 3435, 0], [1, 2, 138, 1, 1, 6506]]"
200,100,RF_few,0.9490748320926606,0.949273996550033,0.9490748320926606,0.9922562243080281,0.9759152320870451,"[[1488, 1, 55, 49, 2, 1], [0, 1837, 6, 248, 2, 3], [0, 1, 10523, 412, 2, 5], [0, 1, 19, 3117, 4, 0], [2, 2, 4, 169, 3435, 3], [1, 1, 6, 112, 3, 6526]]"
200,100,MLP_few,0.9550479674714882,0.9516063909056975,0.9550479674714882,0.9927692103245036,0.9865161018677285,"[[1540, 2, 10, 43, 1, 0], [1, 1847, 1, 245, 0, 2], [1, 14, 10511, 410, 1, 6], [0, 8, 8, 3122, 1, 2], [5, 9, 3, 164, 3431, 3], [1, 15, 3, 108, 2, 6520]]"
200,100,FT_full_RF,0.9400728800531892,0.9580657250472174,0.9400728800531892,0.9905990420780145,0.9848335134683134,"[[1488, 1, 99, 7, 1, 0], [0, 1819, 266, 10, 0, 1], [0, 1, 10929, 11, 0, 2], [0, 0, 180, 2959, 1, 1], [1, 2, 173, 101, 3337, 1], [1, 1, 132, 22, 1, 6492]]"
200,100,FT_full_MLP,0.9517260730023113,0.9680589002915888,0.9517260730023113,0.9921974843755929,0.9985928434500818,"[[1526, 1, 68, 0, 1, 0], [0, 1846, 244, 0, 1, 5], [1, 4, 10928, 2, 4, 4], [0, 1, 180, 2954, 5, 1], [1, 3, 165, 1, 3442, 3], [1, 3, 112, 0, 2, 6531]]"
200,100,FT_freeze_RF,0.9413615898323053,0.9588395173266689,0.9413615898323053,0.9907586086831017,0.9865928262973095,"[[1495, 1, 90, 9, 1, 0], [0, 1826, 262, 7, 0, 1], [0, 1, 10929, 11, 0, 2], [0, 1, 180, 2958, 1, 1], [1, 2, 172, 103, 3336, 1], [1, 2, 129, 20, 1, 6496]]"
200,100,FT_freeze_MLP,0.9527944721668816,0.96855183866943,0.9527944721668816,0.9923067068454429,0.998572884556742,"[[1535, 2, 58, 0, 1, 0], [0, 1847, 244, 0, 1, 4], [1, 4, 10928, 2, 4, 4], [0, 2, 179, 2955, 4, 1], [1, 4, 163, 1, 3443, 3], [1, 5, 112, 0, 2, 6529]]"
200,100,FT_decoder_RF,0.7146477742735585,0.7233775677246435,0.7146477742735585,0.9458825289581886,0.9631332713204245,"[[1261, 0, 324, 11, 0, 0], [0, 1492, 518, 86, 0, 0], [0, 1, 10931, 11, 0, 0], [0, 0, 182, 2959, 0, 0], [1, 1, 170, 1784, 1659, 0], [1, 1, 809, 3270, 1, 2567]]"
200,100,FT_decoder_MLP,0.9475014195881576,0.9657852899840339,0.9475014195881576,0.9915464892177418,0.9936908906378799,"[[1505, 1, 89, 0, 1, 0], [0, 1832, 263, 0, 0, 1], [0, 1, 10937, 3, 0, 2], [0, 0, 188, 2952, 1, 0], [1, 2, 176, 1, 3435, 0], [1, 2, 138, 1, 1, 6506]]"
200,100,FT_partial_RF,0.9490604990388943,0.9658503052869608,0.9490604990388943,0.9917004640757597,0.9825870484736754,"[[1535, 1, 57, 2, 1, 0], [0, 1829, 265, 0, 0, 2], [0, 1, 10936, 4, 0, 2], [0, 0, 185, 2954, 1, 1], [1, 2, 176, 38, 3397, 1], [1, 1, 126, 1, 1, 6519]]"
200,100,FT_partial_MLP,0.9531438085052732,0.968739777142151,0.9531438085052732,0.9922996290765083,0.9984756918316764,"[[1542, 1, 52, 0, 1, 0], [0, 1848, 245, 0, 0, 3], [2, 6, 10930, 2, 0, 3], [0, 4, 187, 2947, 2, 1], [2, 4, 165, 0, 3441, 3], [1, 4, 113, 0, 1, 6530]]"
200,150,RF_original,0.8351289630144327,0.8094523884082091,0.8351289630144327,0.9809269490211631,0.9921598897992561,"[[430, 42, 29, 1095, 0, 0], [0, 2088, 2, 5, 0, 1], [0, 522, 9962, 456, 1, 2], [0, 179, 0, 2960, 1, 1], [1, 190, 1, 6, 3417, 0], [0, 341, 1, 8, 1, 6298]]"
200,150,MLP_original,0.9529703011752292,0.9542355040434253,0.9529703011752292,0.9925915965442432,0.9985698920479805,"[[1542, 0, 10, 1, 43, 0], [0, 1830, 10, 0, 251, 5], [1, 1, 10522, 3, 410, 6], [1, 0, 8, 2948, 182, 2], [1, 2, 4, 2, 3603, 3], [1, 2, 8, 0, 110, 6528]]"
200,150,RF_latent_zero,0.7146477742735585,0.7233775677246435,0.7146477742735585,0.9458825289581886,0.9631332713204245,"[[1261, 0, 324, 11, 0, 0], [0, 1492, 518, 86, 0, 0], [0, 1, 10931, 11, 0, 0], [0, 0, 182, 2959, 0, 0], [1, 1, 170, 1784, 1659, 0], [1, 1, 809, 3270, 1, 2567]]"
200,150,MLP_latent_zero,0.9475014195881576,0.9657852899840339,0.9475014195881576,0.9915464892177418,0.9936908906378799,"[[1505, 1, 89, 0, 1, 0], [0, 1832, 263, 0, 0, 1], [0, 1, 10937, 3, 0, 2], [0, 0, 188, 2952, 1, 0], [1, 2, 176, 1, 3435, 0], [1, 2, 138, 1, 1, 6506]]"
200,150,RF_few,0.9518939235736991,0.9506940344558105,0.9518939235736991,0.9924418459503959,0.9924973457754266,"[[1525, 0, 24, 44, 2, 1], [0, 1829, 10, 243, 8, 6], [0, 5, 10518, 408, 4, 8], [0, 1, 21, 3112, 6, 1], [1, 4, 6, 167, 3433, 4], [1, 5, 5, 107, 4, 6527]]"
200,150,MLP_few,0.9487515876228799,0.9489734980610943,0.9487515876228799,0.9922962210452511,0.9978708301495152,"[[1484, 3, 53, 53, 1, 2], [0, 1830, 2, 247, 2, 15], [0, 2, 10517, 411, 2, 11], [0, 1, 13, 3122, 3, 2], [1, 6, 2, 161, 3441, 4], [1, 1, 4, 107, 2, 6534]]"
200,150,FT_full_RF,0.9436264488479305,0.9626038817468321,0.9436264488479305,0.9911589064839216,0.9970718196626495,"[[1482, 1, 105, 7, 1, 0], [0, 1820, 272, 1, 2, 1], [0, 1, 10935, 4, 1, 2], [0, 0, 182, 2957, 1, 1], [1, 2, 174, 14, 3423, 1], [1, 1, 133, 15, 1, 6498]]"
200,150,FT_full_MLP,0.9508348932364323,0.9531489095498281,0.9508348932364323,0.9923956548369987,0.9985690770287666,"[[1512, 1, 41, 0, 42, 0], [0, 1842, 6, 0, 245, 3], [0, 2, 10523, 2, 412, 4], [0, 1, 8, 2949, 182, 1], [1, 3, 5, 0, 3603, 3], [1, 2, 9, 0, 110, 6527]]"
200,150,FT_freeze_RF,0.9427821481037423,0.9618210015088918,0.9427821481037423,0.9911337022631797,0.997092604885928,"[[1474, 1, 110, 10, 1, 0], [0, 1821, 271, 1, 2, 1], [0, 1, 10934, 5, 1, 2], [0, 1, 180, 2958, 1, 1], [1, 2, 170, 24, 3417, 1], [1, 1, 128, 14, 1, 6504]]"
200,150,FT_freeze_MLP,0.9509442558162381,0.953189505493766,0.9509442558162381,0.9924174456823646,0.9985744212734281,"[[1510, 1, 43, 0, 42, 0], [0, 1844, 5, 0, 244, 3], [1, 3, 10523, 2, 410, 4], [0, 1, 6, 2952, 181, 1], [1, 3, 5, 0, 3603, 3], [1, 3, 10, 0, 108, 6527]]"
200,150,FT_decoder_RF,0.7146477742735585,0.7233775677246435,0.7146477742735585,0.9458825289581886,0.9631332713204245,"[[1261, 0, 324, 11, 0, 0], [0, 1492, 518, 86, 0, 0], [0, 1, 10931, 11, 0, 0], [0, 0, 182, 2959, 0, 0], [1, 1, 170, 1784, 1659, 0], [1, 1, 809, 3270, 1, 2567]]"
200,150,FT_decoder_MLP,0.9475014195881576,0.9657852899840339,0.9475014195881576,0.9915464892177418,0.9936908906378799,"[[1505, 1, 89, 0, 1, 0], [0, 1832, 263, 0, 0, 1], [0, 1, 10937, 3, 0, 2], [0, 0, 188, 2952, 1, 0], [1, 2, 176, 1, 3435, 0], [1, 2, 138, 1, 1, 6506]]"
200,150,FT_partial_RF,0.9461131096395848,0.9646825627011224,0.9461131096395848,0.9913400912632017,0.9833247321333042,"[[1510, 1, 84, 0, 1, 0], [0, 1814, 278, 0, 3, 1], [0, 1, 10937, 2, 1, 2], [0, 0, 186, 2953, 1, 1], [1, 2, 181, 6, 3424, 1], [1, 1, 139, 2, 1, 6505]]"
200,150,FT_partial_MLP,0.9478534858019653,0.9658354120072393,0.9478534858019653,0.9917698568022896,0.9984422965840128,"[[1498, 1, 96, 0, 1, 0], [0, 1844, 247, 0, 0, 5], [0, 1, 10935, 2, 1, 4], [0, 3, 193, 2939, 5, 1], [1, 3, 166, 0, 3442, 3], [1, 4, 115, 0, 2, 6527]]"
200,200,RF_original,0.8351289630144327,0.8094523884082091,0.8351289630144327,0.9809269490211631,0.9921598897992561,"[[430, 42, 29, 1095, 0, 0], [0, 2088, 2, 5, 0, 1], [0, 522, 9962, 456, 1, 2], [0, 179, 0, 2960, 1, 1], [1, 190, 1, 6, 3417, 0], [0, 341, 1, 8, 1, 6298]]"
200,200,MLP_original,0.9529703011752292,0.9542355040434253,0.9529703011752292,0.9925915965442432,0.9985698920479805,"[[1542, 0, 10, 1, 43, 0], [0, 1830, 10, 0, 251, 5], [1, 1, 10522, 3, 410, 6], [1, 0, 8, 2948, 182, 2], [1, 2, 4, 2, 3603, 3], [1, 2, 8, 0, 110, 6528]]"
200,200,RF_latent_zero,0.7146477742735585,0.7233775677246435,0.7146477742735585,0.9458825289581886,0.9631332713204245,"[[1261, 0, 324, 11, 0, 0], [0, 1492, 518, 86, 0, 0], [0, 1, 10931, 11, 0, 0], [0, 0, 182, 2959, 0, 0], [1, 1, 170, 1784, 1659, 0], [1, 1, 809, 3270, 1, 2567]]"
200,200,MLP_latent_zero,0.9475014195881576,0.9657852899840339,0.9475014195881576,0.9915464892177418,0.9936908906378799,"[[1505, 1, 89, 0, 1, 0], [0, 1832, 263, 0, 0, 1], [0, 1, 10937, 3, 0, 2], [0, 0, 188, 2952, 1, 0], [1, 2, 176, 1, 3435, 0], [1, 2, 138, 1, 1, 6506]]"
200,200,RF_few,0.9532511462852794,0.9518531428929607,0.9532511462852794,0.9926056855200525,0.9947231457031777,"[[1535, 0, 17, 41, 2, 1], [1, 1822, 15, 244, 6, 8], [1, 1, 10520, 408, 2, 11], [0, 1, 10, 3126, 1, 3], [1, 4, 8, 161, 3434, 7], [1, 2, 7, 106, 4, 6529]]"
200,200,MLP_few,0.9537019757444787,0.9517715588378364,0.9537019757444787,0.9927487456121753,0.9981143677144643,"[[1533, 1, 17, 41, 4, 0], [0, 1824, 5, 246, 14, 7], [0, 2, 10518, 408, 11, 4], [1, 0, 4, 3127, 8, 1], [1, 4, 1, 161, 3446, 2], [1, 1, 5, 107, 9, 6526]]"
200,200,FT_full_RF,0.947680197769314,0.9648194813036318,0.947680197769314,0.9916344948123168,0.984713194804093,"[[1522, 1, 67, 5, 1, 0], [0, 1816, 271, 7, 1, 1], [0, 1, 10931, 9, 0, 2], [0, 0, 180, 2959, 1, 1], [1, 2, 168, 26, 3417, 1], [1, 1, 123, 8, 1, 6515]]"
200,200,FT_full_MLP,0.9534408407203362,0.9546906722112306,0.9534408407203362,0.9926611531554106,0.9986044533868675,"[[1533, 1, 20, 0, 42, 0], [0, 1845, 4, 0, 244, 3], [1, 2, 10524, 2, 410, 4], [0, 1, 6, 2952, 181, 1], [1, 3, 5, 0, 3603, 3], [1, 4, 9, 0, 108, 6527]]"
200,200,FT_freeze_RF,0.9451920279215676,0.9632175118332391,0.9451920279215676,0.9913508100968995,0.9880149892037942,"[[1509, 0, 79, 7, 1, 0], [0, 1806, 282, 6, 1, 1], [0, 1, 10933, 6, 1, 2], [0, 0, 179, 2960, 1, 1], [1, 2, 169, 33, 3409, 1], [1, 1, 127, 6, 1, 6513]]"
200,200,FT_freeze_MLP,0.9507000504149604,0.9675509564435023,0.9507000504149604,0.9920651212039235,0.9986175557669794,"[[1522, 1, 72, 0, 1, 0], [0, 1839, 251, 0, 3, 3], [1, 1, 10930, 2, 4, 5], [0, 1, 182, 2953, 4, 1], [1, 3, 165, 0, 3443, 3], [1, 2, 116, 0, 2, 6528]]"
200,200,FT_decoder_RF,0.7146477742735585,0.7233775677246435,0.7146477742735585,0.9458825289581886,0.9631332713204245,"[[1261, 0, 324, 11, 0, 0], [0, 1492, 518, 86, 0, 0], [0, 1, 10931, 11, 0, 0], [0, 0, 182, 2959, 0, 0], [1, 1, 170, 1784, 1659, 0], [1, 1, 809, 3270, 1, 2567]]"
200,200,FT_decoder_MLP,0.9475014195881576,0.9657852899840339,0.9475014195881576,0.9915464892177418,0.9936908906378799,"[[1505, 1, 89, 0, 1, 0], [0, 1832, 263, 0, 0, 1], [0, 1, 10937, 3, 0, 2], [0, 0, 188, 2952, 1, 0], [1, 2, 176, 1, 3435, 0], [1, 2, 138, 1, 1, 6506]]"
200,200,FT_partial_RF,0.9469574037413079,0.9647567649366962,0.9469574037413079,0.9913404830041842,0.9834767290961652,"[[1528, 1, 64, 2, 1, 0], [0, 1809, 285, 0, 1, 1], [0, 1, 10936, 3, 1, 2], [0, 0, 184, 2955, 1, 1], [1, 2, 178, 21, 3412, 1], [1, 1, 146, 2, 1, 6498]]"
200,200,FT_partial_MLP,0.9518116943519978,0.9682150454844777,0.9518116943519978,0.9921742472228147,0.9984968609061796,"[[1534, 1, 60, 0, 1, 0], [0, 1839, 252, 0, 1, 4], [1, 1, 10933, 2, 2, 4], [0, 1, 187, 2949, 3, 1], [2, 3, 164, 0, 3443, 3], [1, 3, 114, 0, 2, 6529]]"
200,250,RF_original,0.8351289630144327,0.8094523884082091,0.8351289630144327,0.9809269490211631,0.9921598897992561,"[[430, 42, 29, 1095, 0, 0], [0, 2088, 2, 5, 0, 1], [0, 522, 9962, 456, 1, 2], [0, 179, 0, 2960, 1, 1], [1, 190, 1, 6, 3417, 0], [0, 341, 1, 8, 1, 6298]]"
200,250,MLP_original,0.9529703011752292,0.9542355040434253,0.9529703011752292,0.9925915965442432,0.9985698920479805,"[[1542, 0, 10, 1, 43, 0], [0, 1830, 10, 0, 251, 5], [1, 1, 10522, 3, 410, 6], [1, 0, 8, 2948, 182, 2], [1, 2, 4, 2, 3603, 3], [1, 2, 8, 0, 110, 6528]]"
200,250,RF_latent_zero,0.7146477742735585,0.7233775677246435,0.7146477742735585,0.9458825289581886,0.9631332713204245,"[[1261, 0, 324, 11, 0, 0], [0, 1492, 518, 86, 0, 0], [0, 1, 10931, 11, 0, 0], [0, 0, 182, 2959, 0, 0], [1, 1, 170, 1784, 1659, 0], [1, 1, 809, 3270, 1, 2567]]"
200,250,MLP_latent_zero,0.9475014195881576,0.9657852899840339,0.9475014195881576,0.9915464892177418,0.9936908906378799,"[[1505, 1, 89, 0, 1, 0], [0, 1832, 263, 0, 0, 1], [0, 1, 10937, 3, 0, 2], [0, 0, 188, 2952, 1, 0], [1, 2, 176, 1, 3435, 0], [1, 2, 138, 1, 1, 6506]]"
200,250,RF_few,0.9525504642034366,0.951341128362743,0.9525504642034366,0.9925200529470163,0.9966482919323352,"[[1534, 1, 19, 41, 1, 0], [0, 1818, 20, 244, 6, 8], [1, 2, 10522, 408, 0, 10], [0, 2, 6, 3125, 1, 7], [1, 5, 7, 161, 3429, 12], [1, 2, 9, 106, 3, 6528]]"
200,250,MLP_few,0.9521730656237515,0.9503802936232919,0.9521730656237515,0.992571191003751,0.998368212888674,"[[1512, 4, 37, 42, 1, 0], [0, 1842, 3, 244, 2, 5], [0, 9, 10520, 409, 2, 3], [3, 3, 6, 3125, 3, 1], [2, 16, 5, 161, 3431, 0], [1, 6, 6, 107, 3, 6526]]"
200,250,FT_full_RF,0.9488466623689619,0.9658760984271174,0.9488466623689619,0.9917839213774995,0.9978773705117269,"[[1522, 1, 68, 4, 1, 0], [0, 1826, 264, 3, 2, 1], [0, 1, 10933, 6, 1, 2], [0, 1, 180, 2958, 1, 1], [1, 3, 168, 17, 3425, 1], [1, 1, 124, 6, 1, 6516]]"
200,250,FT_full_MLP,0.9533568516900802,0.954683939180633,0.9533568516900802,0.9926593862927903,0.9986004627469529,"[[1534, 1, 19, 0, 42, 0], [0, 1842, 5, 0, 245, 4], [1, 2, 10524, 2, 410, 4], [0, 1, 6, 2952, 181, 1], [1, 3, 5, 0, 3603, 3], [1, 2, 9, 0, 108, 6529]]"
200,250,FT_freeze_RF,0.9495009323205887,0.9664651994828604,0.9495009323205887,0.9918891372353574,0.9982142408011548,"[[1522, 1, 69, 3, 1, 0], [0, 1831, 261, 1, 2, 1], [0, 1, 10933, 6, 1, 2], [0, 1, 180, 2957, 2, 1], [1, 3, 167, 14, 3429, 1], [1, 1, 121, 4, 1, 6521]]"
200,250,FT_freeze_MLP,0.9535254102995604,0.9547562057746282,0.9535254102995604,0.9926632788111,0.9985969350385501,"[[1536, 1, 17, 0, 42, 0], [0, 1842, 6, 0, 245, 3], [1, 2, 10523, 2, 411, 4], [0, 1, 6, 2952, 181, 1], [1, 3, 5, 0, 3603, 3], [1, 2, 9, 0, 109, 6528]]"
200,250,FT_decoder_RF,0.7146477742735585,0.7233775677246435,0.7146477742735585,0.9458825289581886,0.9631332713204245,"[[1261, 0, 324, 11, 0, 0], [0, 1492, 518, 86, 0, 0], [0, 1, 10931, 11, 0, 0], [0, 0, 182, 2959, 0, 0], [1, 1, 170, 1784, 1659, 0], [1, 1, 809, 3270, 1, 2567]]"
200,250,FT_decoder_MLP,0.9475014195881576,0.9657852899840339,0.9475014195881576,0.9915464892177418,0.9936908906378799,"[[1505, 1, 89, 0, 1, 0], [0, 1832, 263, 0, 0, 1], [0, 1, 10937, 3, 0, 2], [0, 0, 188, 2952, 1, 0], [1, 2, 176, 1, 3435, 0], [1, 2, 138, 1, 1, 6506]]"
200,250,FT_partial_RF,0.946532084790538,0.9644062739060025,0.946532084790538,0.9913686887415624,0.9840282934933979,"[[1527, 1, 66, 1, 1, 0], [0, 1807, 286, 1, 1, 1], [0, 1, 10937, 3, 0, 2], [0, 0, 187, 2952, 1, 1], [1, 2, 179, 28, 3404, 1], [1, 1, 132, 2, 1, 6512]]"
200,250,FT_partial_MLP,0.9516654225855419,0.9681328762144057,0.9516654225855419,0.9921558611220314,0.9984955338048859,"[[1531, 1, 63, 0, 1, 0], [0, 1844, 247, 0, 0, 5], [1, 1, 10932, 2, 3, 4], [1, 1, 188, 2947, 3, 1], [2, 3, 167, 0, 3439, 4], [1, 2, 113, 0, 1, 6532]]"
250,50,RF_original,0.8351289630144327,0.8094523884082091,0.8351289630144327,0.9809269490211631,0.9921598897992561,"[[430, 42, 29, 1095, 0, 0], [0, 2088, 2, 5, 0, 1], [0, 522, 9962, 456, 1, 2], [0, 179, 0, 2960, 1, 1], [1, 190, 1, 6, 3417, 0], [0, 341, 1, 8, 1, 6298]]"
250,50,MLP_original,0.9529703011752292,0.9542355040434253,0.9529703011752292,0.9925915965442432,0.9985698920479805,"[[1542, 0, 10, 1, 43, 0], [0, 1830, 10, 0, 251, 5], [1, 1, 10522, 3, 410, 6], [1, 0, 8, 2948, 182, 2], [1, 2, 4, 2, 3603, 3], [1, 2, 8, 0, 110, 6528]]"
250,50,RF_latent_zero,0.7146477742735585,0.7233775677246435,0.7146477742735585,0.9458825289581886,0.9631332713204245,"[[1261, 0, 324, 11, 0, 0], [0, 1492, 518, 86, 0, 0], [0, 1, 10931, 11, 0, 0], [0, 0, 182, 2959, 0, 0], [1, 1, 170, 1784, 1659, 0], [1, 1, 809, 3270, 1, 2567]]"
250,50,MLP_latent_zero,0.9475014195881576,0.9657852899840339,0.9475014195881576,0.9915464892177418,0.9936908906378799,"[[1505, 1, 89, 0, 1, 0], [0, 1832, 263, 0, 0, 1], [0, 1, 10937, 3, 0, 2], [0, 0, 188, 2952, 1, 0], [1, 2, 176, 1, 3435, 0], [1, 2, 138, 1, 1, 6506]]"
250,50,RF_few,0.7981678528510973,0.7877667260137727,0.7981678528510973,0.9786406795922385,0.965312915182754,"[[71, 0, 1224, 300, 0, 1], [0, 1832, 13, 245, 3, 3], [1, 2, 10522, 410, 6, 2], [1, 2, 62, 3071, 4, 1], [0, 2, 12, 162, 3436, 3], [0, 2, 9, 110, 7, 6521]]"
250,50,MLP_few,0.8929797056449252,0.9109647020033397,0.8929797056449252,0.9865737509735224,0.9783799169795159,"[[1025, 6, 492, 20, 47, 6], [0, 1829, 1, 2, 254, 10], [2, 15, 10499, 3, 412, 12], [0, 3, 91, 2846, 188, 13], [1, 9, 2, 1, 3599, 3], [1, 8, 1, 1, 109, 6529]]"
250,50,FT_full_RF,0.904476283093912,0.9325928068132061,0.904476283093912,0.9858166387666024,0.9823714350703702,"[[1245, 0, 340, 11, 0, 0], [0, 1793, 302, 1, 0, 0], [0, 1, 10938, 3, 0, 1], [0, 0, 183, 2957, 1, 0], [1, 3, 176, 182, 3253, 0], [1, 1, 281, 45, 1, 6320]]"
250,50,FT_full_MLP,0.937649995953072,0.9595959649737758,0.937649995953072,0.9908105200908385,0.9983813972714496,"[[1397, 1, 196, 1, 1, 0], [0, 1843, 252, 0, 0, 1], [0, 3, 10935, 2, 0, 3], [0, 1, 187, 2951, 1, 1], [1, 4, 171, 0, 3439, 0], [1, 5, 118, 0, 1, 6524]]"
250,50,FT_freeze_RF,0.9193403533178038,0.9436468589346868,0.9193403533178038,0.9878140596953443,0.9925108680371983,"[[1337, 0, 247, 12, 0, 0], [0, 1803, 287, 6, 0, 0], [0, 1, 10933, 8, 0, 1], [0, 0, 182, 2958, 1, 0], [1, 3, 172, 117, 3322, 0], [1, 1, 220, 54, 1, 6372]]"
250,50,FT_freeze_MLP,0.9451828075497392,0.9495611076200207,0.9451828075497392,0.9918724830330269,0.9984056550183983,"[[1453, 1, 99, 1, 42, 0], [0, 1847, 5, 0, 243, 1], [0, 6, 10526, 2, 406, 3], [0, 2, 7, 2953, 178, 1], [1, 4, 7, 1, 3602, 0], [1, 6, 12, 0, 107, 6523]]"
250,50,FT_decoder_RF,0.7146477742735585,0.7233775677246435,0.7146477742735585,0.9458825289581886,0.9631332713204245,"[[1261, 0, 324, 11, 0, 0], [0, 1492, 518, 86, 0, 0], [0, 1, 10931, 11, 0, 0], [0, 0, 182, 2959, 0, 0], [1, 1, 170, 1784, 1659, 0], [1, 1, 809, 3270, 1, 2567]]"
250,50,FT_decoder_MLP,0.9475014195881576,0.9657852899840339,0.9475014195881576,0.9915464892177418,0.9936908906378799,"[[1505, 1, 89, 0, 1, 0], [0, 1832, 263, 0, 0, 1], [0, 1, 10937, 3, 0, 2], [0, 0, 188, 2952, 1, 0], [1, 2, 176, 1, 3435, 0], [1, 2, 138, 1, 1, 6506]]"
250,50,FT_partial_RF,0.9334646355656192,0.9563050971366952,0.9334646355656192,0.9900682872665003,0.9808620823083459,"[[1410, 1, 173, 11, 1, 0], [0, 1788, 303, 1, 1, 3], [0, 1, 10934, 5, 0, 3], [0, 0, 182, 2957, 1, 1], [1, 2, 176, 10, 3425, 1], [1, 1, 147, 8, 1, 6491]]"
250,50,FT_partial_MLP,0.9243542997178514,0.9507761833882133,0.9243542997178514,0.9895932834680176,0.9983296499741017,"[[1278, 1, 306, 10, 1, 0], [0, 1829, 263, 0, 1, 3], [0, 1, 10935, 3, 1, 3], [0, 0, 186, 2953, 1, 1], [1, 2, 166, 3, 3442, 1], [1, 1, 119, 2, 2, 6524]]"
250,100,RF_original,0.8351289630144327,0.8094523884082091,0.8351289630144327,0.9809269490211631,0.9921598897992561,"[[430, 42, 29, 1095, 0, 0], [0, 2088, 2, 5, 0, 1], [0, 522, 9962, 456, 1, 2], [0, 179, 0, 2960, 1, 1], [1, 190, 1, 6, 3417, 0], [0, 341, 1, 8, 1, 6298]]"
250,100,MLP_original,0.9529703011752292,0.9542355040434253,0.9529703011752292,0.9925915965442432,0.9985698920479805,"[[1542, 0, 10, 1, 43, 0], [0, 1830, 10, 0, 251, 5], [1, 1, 10522, 3, 410, 6], [1, 0, 8, 2948, 182, 2], [1, 2, 4, 2, 3603, 3], [1, 2, 8, 0, 110, 6528]]"
250,100,RF_latent_zero,0.7146477742735585,0.7233775677246435,0.7146477742735585,0.9458825289581886,0.9631332713204245,"[[1261, 0, 324, 11, 0, 0], [0, 1492, 518, 86, 0, 0], [0, 1, 10931, 11, 0, 0], [0, 0, 182, 2959, 0, 0], [1, 1, 170, 1784, 1659, 0], [1, 1, 809, 3270, 1, 2567]]"
250,100,MLP_latent_zero,0.9475014195881576,0.9657852899840339,0.9475014195881576,0.9915464892177418,0.9936908906378799,"[[1505, 1, 89, 0, 1, 0], [0, 1832, 263, 0, 0, 1], [0, 1, 10937, 3, 0, 2], [0, 0, 188, 2952, 1, 0], [1, 2, 176, 1, 3435, 0], [1, 2, 138, 1, 1, 6506]]"
250,100,RF_few,0.9490748320926606,0.949273996550033,0.9490748320926606,0.9922562243080281,0.9759152320870451,"[[1488, 1, 55, 49, 2, 1], [0, 1837, 6, 248, 2, 3], [0, 1, 10523, 412, 2, 5], [0, 1, 19, 3117, 4, 0], [2, 2, 4, 169, 3435, 3], [1, 1, 6, 112, 3, 6526]]"
250,100,MLP_few,0.954196190745986,0.9514471808334517,0.954196190745986,0.9927225497196156,0.9859794255994906,"[[1530, 3, 19, 42, 2, 0], [0, 1840, 1, 245, 9, 1], [0, 13, 10509, 409, 10, 2], [0, 3, 9, 3125, 3, 1], [2, 5, 2, 161, 3445, 0], [1, 11, 3, 107, 8, 6519]]"
250,100,FT_full_RF,0.9365342710674338,0.9550740183365914,0.9365342710674338,0.989723421826668,0.9846525223600912,"[[1482, 0, 105, 8, 1, 0], [0, 1807, 281, 7, 1, 0], [0, 1, 10931, 10, 0, 1], [0, 0, 180, 2959, 2, 0], [1, 2, 173, 99, 3339, 1], [1, 1, 186, 51, 1, 6409]]"
250,100,FT_full_MLP,0.9502588703437646,0.9671883574845154,0.9502588703437646,0.9920063424206639,0.9985141616040504,"[[1516, 1, 77, 1, 1, 0], [0, 1844, 248, 0, 1, 3], [1, 5, 10931, 2, 1, 3], [0, 1, 186, 2951, 2, 1], [1, 3, 166, 1, 3442, 2], [1, 4, 117, 0, 2, 6525]]"
250,100,FT_freeze_RF,0.9355879989796372,0.9540310139395024,0.9355879989796372,0.9894938768122737,0.9824430165486279,"[[1487, 0, 101, 8, 0, 0], [0, 1803, 288, 4, 1, 0], [0, 1, 10933, 8, 0, 1], [0, 0, 180, 2959, 2, 0], [1, 2, 180, 111, 3321, 0], [1, 1, 188, 63, 1, 6395]]"
250,100,FT_freeze_MLP,0.9493522778342003,0.9666185789205808,0.9493522778342003,0.9919082699171399,0.9984914249838144,"[[1508, 1, 85, 1, 1, 0], [0, 1844, 249, 0, 1, 2], [1, 5, 10931, 2, 1, 3], [0, 1, 186, 2951, 2, 1], [1, 3, 168, 1, 3441, 1], [1, 5, 117, 0, 2, 6524]]"
250,100,FT_decoder_RF,0.7146477742735585,0.7233775677246435,0.7146477742735585,0.9458825289581886,0.9631332713204245,"[[1261, 0, 324, 11, 0, 0], [0, 1492, 518, 86, 0, 0], [0, 1, 10931, 11, 0, 0], [0, 0, 182, 2959, 0, 0], [1, 1, 170, 1784, 1659, 0], [1, 1, 809, 3270, 1, 2567]]"
250,100,FT_decoder_MLP,0.9475014195881576,0.9657852899840339,0.9475014195881576,0.9915464892177418,0.9936908906378799,"[[1505, 1, 89, 0, 1, 0], [0, 1832, 263, 0, 0, 1], [0, 1, 10937, 3, 0, 2], [0, 0, 188, 2952, 1, 0], [1, 2, 176, 1, 3435, 0], [1, 2, 138, 1, 1, 6506]]"
250,100,FT_partial_RF,0.9492617422346435,0.9660957087499078,0.9492617422346435,0.9916151485049173,0.9834028698688293,"[[1535, 1, 58, 1, 1, 0], [0, 1830, 262, 1, 2, 1], [1, 3, 10934, 3, 0, 2], [0, 0, 185, 2954, 1, 1], [1, 3, 180, 22, 3409, 0], [1, 1, 142, 1, 1, 6503]]"
250,100,FT_partial_MLP,0.951898952794151,0.9676827738150423,0.951898952794151,0.9921593226142557,0.9984581131395894,"[[1531, 2, 62, 0, 1, 0], [0, 1851, 244, 0, 0, 1], [2, 7, 10929, 2, 0, 3], [0, 6, 190, 2942, 2, 1], [2, 6, 164, 0, 3442, 1], [1, 8, 113, 0, 1, 6526]]"
250,150,RF_original,0.8351289630144327,0.8094523884082091,0.8351289630144327,0.9809269490211631,0.9921598897992561,"[[430, 42, 29, 1095, 0, 0], [0, 2088, 2, 5, 0, 1], [0, 522, 9962, 456, 1, 2], [0, 179, 0, 2960, 1, 1], [1, 190, 1, 6, 3417, 0], [0, 341, 1, 8, 1, 6298]]"
250,150,MLP_original,0.9529703011752292,0.9542355040434253,0.9529703011752292,0.9925915965442432,0.9985698920479805,"[[1542, 0, 10, 1, 43, 0], [0, 1830, 10, 0, 251, 5], [1, 1, 10522, 3, 410, 6], [1, 0, 8, 2948, 182, 2], [1, 2, 4, 2, 3603, 3], [1, 2, 8, 0, 110, 6528]]"
250,150,RF_latent_zero,0.7146477742735585,0.7233775677246435,0.7146477742735585,0.9458825289581886,0.9631332713204245,"[[1261, 0, 324, 11, 0, 0], [0, 1492, 518, 86, 0, 0], [0, 1, 10931, 11, 0, 0], [0, 0, 182, 2959, 0, 0], [1, 1, 170, 1784, 1659, 0], [1, 1, 809, 3270, 1, 2567]]"
250,150,MLP_latent_zero,0.9475014195881576,0.9657852899840339,0.9475014195881576,0.9915464892177418,0.9936908906378799,"[[1505, 1, 89, 0, 1, 0], [0, 1832, 263, 0, 0, 1], [0, 1, 10937, 3, 0, 2], [0, 0, 188, 2952, 1, 0], [1, 2, 176, 1, 3435, 0], [1, 2, 138, 1, 1, 6506]]"
250,150,RF_few,0.9518939235736991,0.9506940344558105,0.9518939235736991,0.9924418459503959,0.9924973457754266,"[[1525, 0, 24, 44, 2, 1], [0, 1829, 10, 243, 8, 6], [0, 5, 10518, 408, 4, 8], [0, 1, 21, 3112, 6, 1], [1, 4, 6, 167, 3433, 4], [1, 5, 5, 107, 4, 6527]]"
250,150,MLP_few,0.9502767391221248,0.9496906636699404,0.9502767391221248,0.9923927534899822,0.9980475926056805,"[[1501, 1, 48, 44, 2, 0], [0, 1831, 4, 249, 1, 11], [0, 6, 10518, 413, 2, 4], [0, 1, 12, 3123, 3, 2], [2, 8, 1, 167, 3434, 3], [1, 3, 5, 107, 2, 6531]]"
250,150,FT_full_RF,0.9403662457668941,0.9595119725718133,0.9403662457668941,0.9908504015129559,0.9878803625741002,"[[1486, 0, 101, 8, 1, 0], [0, 1791, 281, 22, 1, 1], [0, 1, 10935, 5, 0, 2], [0, 0, 182, 2957, 1, 1], [1, 2, 175, 52, 3384, 1], [1, 1, 125, 6, 1, 6515]]"
250,150,FT_full_MLP,0.9500338741014062,0.9673352532166394,0.9500338741014062,0.9920058663831437,0.9986121395032544,"[[1516, 1, 78, 0, 1, 0], [0, 1839, 251, 0, 1, 5], [1, 1, 10932, 2, 1, 6], [0, 0, 186, 2952, 1, 2], [1, 2, 167, 0, 3441, 4], [1, 2, 113, 0, 2, 6531]]"
250,150,FT_freeze_RF,0.9395784084121991,0.9583811698754733,0.9395784084121991,0.990814856687591,0.9972283254731048,"[[1482, 0, 103, 11, 0, 0], [0, 1792, 271, 31, 1, 1], [0, 1, 10932, 8, 0, 2], [0, 0, 181, 2958, 1, 1], [1, 2, 171, 67, 3373, 1], [1, 1, 119, 10, 1, 6517]]"
250,150,FT_freeze_MLP,0.9514631510851402,0.9536923703787018,0.9514631510851402,0.9924983500455635,0.9985952861051852,"[[1516, 1, 37, 0, 42, 0], [0, 1839, 8, 0, 244, 5], [1, 1, 10525, 2, 408, 6], [0, 0, 5, 2955, 179, 2], [1, 2, 5, 0, 3603, 4], [1, 2, 7, 0, 108, 6531]]"
250,150,FT_decoder_RF,0.7146477742735585,0.7233775677246435,0.7146477742735585,0.9458825289581886,0.9631332713204245,"[[1261, 0, 324, 11, 0, 0], [0, 1492, 518, 86, 0, 0], [0, 1, 10931, 11, 0, 0], [0, 0, 182, 2959, 0, 0], [1, 1, 170, 1784, 1659, 0], [1, 1, 809, 3270, 1, 2567]]"
250,150,FT_decoder_MLP,0.9475014195881576,0.9657852899840339,0.9475014195881576,0.9915464892177418,0.9936908906378799,"[[1505, 1, 89, 0, 1, 0], [0, 1832, 263, 0, 0, 1], [0, 1, 10937, 3, 0, 2], [0, 0, 188, 2952, 1, 0], [1, 2, 176, 1, 3435, 0], [1, 2, 138, 1, 1, 6506]]"
250,150,FT_partial_RF,0.947064100220413,0.9649859943802589,0.947064100220413,0.9914580471211587,0.9838738154354242,"[[1521, 1, 72, 1, 1, 0], [0, 1816, 277, 1, 1, 1], [0, 1, 10937, 2, 1, 2], [0, 0, 186, 2953, 1, 1], [1, 2, 179, 19, 3413, 1], [1, 1, 133, 2, 1, 6511]]"
250,150,FT_partial_MLP,0.9502536309006357,0.9672211736600204,0.9502536309006357,0.9920272792289989,0.9984788559989296,"[[1517, 1, 77, 0, 1, 0], [0, 1846, 245, 0, 0, 5], [1, 2, 10933, 2, 1, 4], [0, 3, 190, 2943, 4, 1], [2, 3, 165, 0, 3442, 3], [1, 3, 113, 0, 2, 6530]]"
250,200,RF_original,0.8351289630144327,0.8094523884082091,0.8351289630144327,0.9809269490211631,0.9921598897992561,"[[430, 42, 29, 1095, 0, 0], [0, 2088, 2, 5, 0, 1], [0, 522, 9962, 456, 1, 2], [0, 179, 0, 2960, 1, 1], [1, 190, 1, 6, 3417, 0], [0, 341, 1, 8, 1, 6298]]"
250,200,MLP_original,0.9529703011752292,0.9542355040434253,0.9529703011752292,0.9925915965442432,0.9985698920479805,"[[1542, 0, 10, 1, 43, 0], [0, 1830, 10, 0, 251, 5], [1, 1, 10522, 3, 410, 6], [1, 0, 8, 2948, 182, 2], [1, 2, 4, 2, 3603, 3], [1, 2, 8, 0, 110, 6528]]"
250,200,RF_latent_zero,0.7146477742735585,0.7233775677246435,0.7146477742735585,0.9458825289581886,0.9631332713204245,"[[1261, 0, 324, 11, 0, 0], [0, 1492, 518, 86, 0, 0], [0, 1, 10931, 11, 0, 0], [0, 0, 182, 2959, 0, 0], [1, 1, 170, 1784, 1659, 0], [1, 1, 809, 3270, 1, 2567]]"
250,200,MLP_latent_zero,0.9475014195881576,0.9657852899840339,0.9475014195881576,0.9915464892177418,0.9936908906378799,"[[1505, 1, 89, 0, 1, 0], [0, 1832, 263, 0, 0, 1], [0, 1, 10937, 3, 0, 2], [0, 0, 188, 2952, 1, 0], [1, 2, 176, 1, 3435, 0], [1, 2, 138, 1, 1, 6506]]"
250,200,RF_few,0.9532511462852794,0.9518531428929607,0.9532511462852794,0.9926056855200525,0.9947231457031777,"[[1535, 0, 17, 41, 2, 1], [1, 1822, 15, 244, 6, 8], [1, 1, 10520, 408, 2, 11], [0, 1, 10, 3126, 1, 3], [1, 4, 8, 161, 3434, 7], [1, 2, 7, 106, 4, 6529]]"
250,200,MLP_few,0.9545306412183328,0.9522378721306048,0.9545306412183328,0.9928402160774912,0.9981635899403938,"[[1536, 2, 13, 44, 1, 0], [1, 1832, 2, 250, 1, 10], [1, 3, 10517, 411, 2, 9], [0, 0, 3, 3133, 2, 3], [4, 8, 1, 164, 3433, 5], [1, 2, 3, 107, 3, 6533]]"
250,200,FT_full_RF,0.9440015003970226,0.9621066590303834,0.9440015003970226,0.9911853055585288,0.9880891759867388,"[[1491, 1, 93, 10, 1, 0], [0, 1825, 264, 5, 1, 1], [0, 1, 10934, 6, 0, 2], [0, 1, 181, 2957, 1, 1], [1, 2, 171, 37, 3403, 1], [1, 1, 131, 18, 1, 6497]]"
250,200,FT_full_MLP,0.9520191492787761,0.9538001578202854,0.9520191492787761,0.9925378256809184,0.9985643135450849,"[[1519, 1, 33, 1, 42, 0], [0, 1845, 5, 0, 243, 3], [1, 5, 10525, 2, 407, 3], [0, 1, 9, 2952, 178, 1], [1, 3, 4, 1, 3603, 3], [1, 4, 8, 0, 108, 6528]]"
250,200,FT_freeze_RF,0.9432574834802492,0.9618364247908993,0.9432574834802492,0.9910855034586626,0.9879158741192821,"[[1480, 1, 109, 5, 1, 0], [0, 1836, 258, 1, 0, 1], [0, 2, 10934, 5, 0, 2], [0, 1, 181, 2957, 1, 1], [1, 4, 176, 45, 3389, 0], [1, 1, 134, 8, 1, 6504]]"
250,200,FT_freeze_MLP,0.9504163634168884,0.9527915009643843,0.9504163634168884,0.9923603703605325,0.9985350913683528,"[[1504, 1, 49, 0, 42, 0], [0, 1847, 3, 0, 243, 3], [1, 6, 10525, 2, 406, 3], [0, 2, 9, 2951, 178, 1], [1, 3, 7, 0, 3601, 3], [1, 5, 10, 0, 107, 6526]]"
250,200,FT_decoder_RF,0.7146477742735585,0.7233775677246435,0.7146477742735585,0.9458825289581886,0.9631332713204245,"[[1261, 0, 324, 11, 0, 0], [0, 1492, 518, 86, 0, 0], [0, 1, 10931, 11, 0, 0], [0, 0, 182, 2959, 0, 0], [1, 1, 170, 1784, 1659, 0], [1, 1, 809, 3270, 1, 2567]]"
250,200,FT_decoder_MLP,0.9475014195881576,0.9657852899840339,0.9475014195881576,0.9915464892177418,0.9936908906378799,"[[1505, 1, 89, 0, 1, 0], [0, 1832, 263, 0, 0, 1], [0, 1, 10937, 3, 0, 2], [0, 0, 188, 2952, 1, 0], [1, 2, 176, 1, 3435, 0], [1, 2, 138, 1, 1, 6506]]"
250,200,FT_partial_RF,0.947155307069158,0.9644861388317527,0.947155307069158,0.9914340041844528,0.9833436343743894,"[[1530, 1, 63, 1, 1, 0], [0, 1813, 278, 3, 1, 1], [0, 1, 10934, 6, 0, 2], [0, 0, 184, 2955, 1, 1], [1, 2, 178, 34, 3399, 1], [1, 1, 130, 6, 1, 6510]]"
250,200,FT_partial_MLP,0.9519962830218699,0.9681697247671482,0.9519962830218699,0.9921846341574497,0.998479234698681,"[[1533, 2, 60, 0, 1, 0], [0, 1845, 246, 0, 0, 5], [1, 3, 10929, 2, 3, 5], [0, 2, 187, 2947, 4, 1], [2, 3, 165, 0, 3442, 3], [1, 3, 113, 0, 2, 6530]]"
250,250,RF_original,0.8351289630144327,0.8094523884082091,0.8351289630144327,0.9809269490211631,0.9921598897992561,"[[430, 42, 29, 1095, 0, 0], [0, 2088, 2, 5, 0, 1], [0, 522, 9962, 456, 1, 2], [0, 179, 0, 2960, 1, 1], [1, 190, 1, 6, 3417, 0], [0, 341, 1, 8, 1, 6298]]"
250,250,MLP_original,0.9529703011752292,0.9542355040434253,0.9529703011752292,0.9925915965442432,0.9985698920479805,"[[1542, 0, 10, 1, 43, 0], [0, 1830, 10, 0, 251, 5], [1, 1, 10522, 3, 410, 6], [1, 0, 8, 2948, 182, 2], [1, 2, 4, 2, 3603, 3], [1, 2, 8, 0, 110, 6528]]"
250,250,RF_latent_zero,0.7146477742735585,0.7233775677246435,0.7146477742735585,0.9458825289581886,0.9631332713204245,"[[1261, 0, 324, 11, 0, 0], [0, 1492, 518, 86, 0, 0], [0, 1, 10931, 11, 0, 0], [0, 0, 182, 2959, 0, 0], [1, 1, 170, 1784, 1659, 0], [1, 1, 809, 3270, 1, 2567]]"
250,250,MLP_latent_zero,0.9475014195881576,0.9657852899840339,0.9475014195881576,0.9915464892177418,0.9936908906378799,"[[1505, 1, 89, 0, 1, 0], [0, 1832, 263, 0, 0, 1], [0, 1, 10937, 3, 0, 2], [0, 0, 188, 2952, 1, 0], [1, 2, 176, 1, 3435, 0], [1, 2, 138, 1, 1, 6506]]"
250,250,RF_few,0.9525504642034366,0.951341128362743,0.9525504642034366,0.9925200529470163,0.9966482919323352,"[[1534, 1, 19, 41, 1, 0], [0, 1818, 20, 244, 6, 8], [1, 2, 10522, 408, 0, 10], [0, 2, 6, 3125, 1, 7], [1, 5, 7, 161, 3429, 12], [1, 2, 9, 106, 3, 6528]]"
250,250,MLP_few,0.955615067107891,0.9528319077187447,0.955615067107891,0.9929368891887131,0.9985038677878063,"[[1543, 2, 6, 44, 1, 0], [1, 1836, 2, 247, 1, 9], [1, 5, 10514, 414, 1, 8], [0, 1, 1, 3135, 3, 1], [2, 9, 1, 169, 3433, 1], [1, 1, 3, 110, 2, 6532]]"
250,250,FT_full_RF,0.9467138380233906,0.9646441252455396,0.9467138380233906,0.9915630701900865,0.9980480741931226,"[[1505, 1, 85, 4, 1, 0], [0, 1823, 268, 3, 1, 1], [0, 1, 10935, 5, 0, 2], [0, 0, 179, 2960, 1, 1], [1, 2, 171, 20, 3420, 1], [1, 1, 125, 6, 1, 6515]]"
250,250,FT_full_MLP,0.9518333508591766,0.9537767862734411,0.9518333508591766,0.9924985319606536,0.9985882787880809,"[[1521, 1, 32, 0, 42, 0], [0, 1840, 8, 0, 245, 3], [1, 2, 10525, 2, 409, 4], [0, 1, 5, 2953, 181, 1], [1, 3, 5, 0, 3603, 3], [1, 2, 12, 0, 108, 6526]]"
250,250,FT_freeze_RF,0.9458569187910472,0.9635000299856431,0.9458569187910472,0.9914694902006654,0.9978812493293505,"[[1502, 1, 85, 7, 1, 0], [0, 1827, 264, 3, 1, 1], [0, 1, 10931, 9, 0, 2], [0, 0, 179, 2960, 1, 1], [1, 2, 167, 43, 3401, 1], [1, 1, 122, 6, 1, 6518]]"
250,250,FT_freeze_MLP,0.953333480843337,0.9546009834662802,0.953333480843337,0.9926661646052352,0.9986174642514317,"[[1533, 1, 20, 0, 42, 0], [0, 1842, 6, 0, 244, 4], [1, 2, 10524, 2, 410, 4], [0, 1, 4, 2954, 181, 1], [1, 3, 4, 1, 3603, 3], [1, 4, 8, 0, 108, 6528]]"
250,250,FT_decoder_RF,0.7146477742735585,0.7233775677246435,0.7146477742735585,0.9458825289581886,0.9631332713204245,"[[1261, 0, 324, 11, 0, 0], [0, 1492, 518, 86, 0, 0], [0, 1, 10931, 11, 0, 0], [0, 0, 182, 2959, 0, 0], [1, 1, 170, 1784, 1659, 0], [1, 1, 809, 3270, 1, 2567]]"
250,250,FT_decoder_MLP,0.9475014195881576,0.9657852899840339,0.9475014195881576,0.9915464892177418,0.9936908906378799,"[[1505, 1, 89, 0, 1, 0], [0, 1832, 263, 0, 0, 1], [0, 1, 10937, 3, 0, 2], [0, 0, 188, 2952, 1, 0], [1, 2, 176, 1, 3435, 0], [1, 2, 138, 1, 1, 6506]]"
250,250,FT_partial_RF,0.9454714701090786,0.9630428394826963,0.9454714701090786,0.9911904286515143,0.9842590901635254,"[[1530, 1, 63, 1, 1, 0], [0, 1804, 289, 1, 1, 1], [0, 1, 10934, 6, 0, 2], [0, 0, 184, 2955, 1, 1], [1, 2, 180, 53, 3378, 1], [1, 1, 131, 5, 1, 6510]]"
250,250,FT_partial_MLP,0.9520050810609577,0.9684208578232991,0.9520050810609577,0.9921930810897003,0.9985187117879933,"[[1536, 1, 58, 0, 1, 0], [0, 1838, 253, 0, 0, 5], [1, 1, 10933, 2, 2, 4], [0, 1, 186, 2951, 2, 1], [2, 2, 166, 1, 3441, 3], [1, 2, 114, 0, 1, 6531]]"
