n_prev,n_new,model,balanced_accuracy,f1_macro,recall_macro,specificity_macro,confusion_matrix
0,50,RF_original,0.9512117057934942,0.9293017341865486,0.9512117057934942,0.9898176050736739,"[[1533, 50, 5, 7, 1, 0], [0, 2089, 2, 0, 0, 1], [3, 566, 10371, 2, 0, 1], [0, 189, 2, 2948, 1, 1], [1, 199, 6, 2, 3405, 0], [2, 528, 3, 1, 1, 6108]]"
0,50,MLP_original,0.8652906999079987,0.8929387438688318,0.8652906999079987,0.9802785067088134,"[[1405, 0, 1, 0, 1, 189], [0, 1131, 3, 0, 1, 957], [0, 0, 10060, 2, 1, 880], [0, 0, 2, 2855, 2, 282], [1, 0, 1, 1, 3407, 203], [1, 0, 1, 0, 1, 6640]]"
0,50,RF_latent_zero,0.9066409991021714,0.929174376776658,0.9066409991021714,0.9871461911428753,"[[1185, 1, 368, 1, 0, 41], [0, 1830, 18, 0, 0, 244], [0, 1, 10533, 2, 0, 407], [0, 1, 7, 2955, 1, 177], [1, 113, 10, 0, 3329, 160], [0, 1, 10, 2, 1, 6629]]"
0,50,MLP_latent_zero,0.9523746121839158,0.9684827115934372,0.9523746121839158,0.9922175733209078,"[[1541, 1, 52, 1, 1, 0], [0, 1830, 261, 0, 0, 1], [1, 3, 10935, 2, 0, 2], [0, 1, 183, 2956, 1, 0], [1, 4, 166, 1, 3441, 0], [1, 5, 116, 2, 1, 6518]]"
0,50,RF_few,0.7743893822235005,0.789624598356412,0.7743893822235005,0.9751373482474991,"[[42, 3, 1510, 37, 1, 3], [243, 1754, 58, 0, 6, 31], [406, 2, 10517, 2, 10, 6], [177, 3, 151, 2802, 7, 1], [158, 4, 13, 0, 3423, 15], [108, 2, 7, 0, 9, 6517]]"
0,50,MLP_few,0.9187058561426952,0.915131615712204,0.9187058561426952,0.9886954725679867,"[[1135, 78, 362, 17, 4, 0], [0, 2090, 1, 0, 1, 0], [0, 514, 10420, 3, 2, 4], [0, 207, 7, 2924, 2, 1], [1, 207, 1, 0, 3400, 4], [1, 142, 1, 1, 2, 6496]]"
0,50,FT_full_RF,0.8954833999337035,0.9186835370349263,0.8954833999337035,0.9861779592355838,"[[1143, 13, 440, 0, 0, 0], [0, 1848, 244, 0, 0, 0], [0, 19, 10917, 5, 0, 2], [0, 12, 178, 2950, 1, 0], [1, 358, 162, 0, 3091, 1], [1, 13, 111, 0, 1, 6517]]"
0,50,FT_full_MLP,0.950819717950175,0.9667553920917372,0.950819717950175,0.9920720135426966,"[[1519, 1, 67, 3, 6, 0], [0, 1841, 245, 2, 4, 0], [0, 3, 10918, 9, 11, 2], [0, 1, 178, 2957, 5, 0], [1, 2, 159, 3, 3448, 0], [1, 3, 109, 3, 19, 6508]]"
0,50,FT_freeze_RF,0.9185716808103995,0.9424404817047773,0.9185716808103995,0.9890482652875324,"[[1241, 15, 308, 32, 0, 0], [0, 1847, 244, 1, 0, 0], [0, 14, 10916, 9, 0, 4], [0, 7, 178, 2953, 1, 2], [1, 79, 161, 6, 3365, 1], [1, 7, 108, 3, 1, 6523]]"
0,50,FT_freeze_MLP,0.9515359796730737,0.9673615606329949,0.9515359796730737,0.9922453418914285,"[[1521, 1, 47, 23, 2, 2], [0, 1845, 244, 0, 0, 3], [0, 5, 10917, 10, 1, 10], [0, 1, 178, 2957, 1, 4], [1, 4, 160, 2, 3441, 5], [1, 2, 108, 2, 1, 6529]]"
0,50,FT_decoder_RF,0.9066409991021714,0.929174376776658,0.9066409991021714,0.9871461911428753,"[[1185, 1, 368, 1, 0, 41], [0, 1830, 18, 0, 0, 244], [0, 1, 10533, 2, 0, 407], [0, 1, 7, 2955, 1, 177], [1, 113, 10, 0, 3329, 160], [0, 1, 10, 2, 1, 6629]]"
0,50,FT_decoder_MLP,0.9523746121839158,0.9684827115934372,0.9523746121839158,0.9922175733209078,"[[1541, 1, 52, 1, 1, 0], [0, 1830, 261, 0, 0, 1], [1, 3, 10935, 2, 0, 2], [0, 1, 183, 2956, 1, 0], [1, 4, 166, 1, 3441, 0], [1, 5, 116, 2, 1, 6518]]"
0,50,FT_partial_RF,0.9321124230479292,0.9476666851547852,0.9321124230479292,0.9897187858722302,"[[1382, 17, 154, 2, 0, 41], [0, 1846, 1, 2, 0, 243], [0, 14, 10503, 14, 0, 412], [0, 1, 2, 2957, 1, 180], [1, 26, 4, 8, 3413, 161], [1, 4, 1, 3, 1, 6633]]"
0,50,FT_partial_MLP,0.9505028248567656,0.9654024229921855,0.9505028248567656,0.9920229316537911,"[[1516, 6, 52, 22, 0, 0], [0, 1845, 244, 3, 0, 0], [0, 16, 10901, 22, 1, 3], [0, 1, 179, 2960, 1, 0], [1, 6, 160, 5, 3441, 0], [1, 10, 108, 11, 1, 6512]]"
0,100,RF_original,0.9512117057934942,0.9293017341865486,0.9512117057934942,0.9898176050736739,"[[1533, 50, 5, 7, 1, 0], [0, 2089, 2, 0, 0, 1], [3, 566, 10371, 2, 0, 1], [0, 189, 2, 2948, 1, 1], [1, 199, 6, 2, 3405, 0], [2, 528, 3, 1, 1, 6108]]"
0,100,MLP_original,0.8652906999079987,0.8929387438688318,0.8652906999079987,0.9802785067088134,"[[1405, 0, 1, 0, 1, 189], [0, 1131, 3, 0, 1, 957], [0, 0, 10060, 2, 1, 880], [0, 0, 2, 2855, 2, 282], [1, 0, 1, 1, 3407, 203], [1, 0, 1, 0, 1, 6640]]"
0,100,RF_latent_zero,0.9066409991021714,0.929174376776658,0.9066409991021714,0.9871461911428753,"[[1185, 1, 368, 1, 0, 41], [0, 1830, 18, 0, 0, 244], [0, 1, 10533, 2, 0, 407], [0, 1, 7, 2955, 1, 177], [1, 113, 10, 0, 3329, 160], [0, 1, 10, 2, 1, 6629]]"
0,100,MLP_latent_zero,0.9523746121839158,0.9684827115934372,0.9523746121839158,0.9922175733209078,"[[1541, 1, 52, 1, 1, 0], [0, 1830, 261, 0, 0, 1], [1, 3, 10935, 2, 0, 2], [0, 1, 183, 2956, 1, 0], [1, 4, 166, 1, 3441, 0], [1, 5, 116, 2, 1, 6518]]"
0,100,RF_few,0.8691448057609513,0.8790784323546613,0.8691448057609513,0.9843066624615114,"[[721, 41, 821, 12, 1, 0], [0, 1962, 64, 1, 3, 62], [0, 408, 10525, 2, 0, 8], [0, 179, 29, 2930, 1, 2], [1, 165, 17, 0, 3426, 4], [0, 107, 9, 0, 1, 6526]]"
0,100,MLP_few,0.9287599848607407,0.9371372077291203,0.9287599848607407,0.9904217101613848,"[[1315, 0, 194, 44, 42, 1], [0, 1821, 1, 9, 255, 6], [0, 5, 10510, 10, 414, 4], [0, 0, 2, 2956, 182, 1], [1, 3, 2, 3, 3602, 2], [0, 16, 6, 4, 109, 6508]]"
0,100,FT_full_RF,0.9581907266230011,0.9464559617451505,0.9581907266230011,0.9928949616327484,"[[1475, 44, 76, 0, 1, 0], [0, 2087, 3, 0, 0, 2], [0, 417, 10520, 3, 0, 3], [0, 182, 2, 2955, 1, 1], [1, 199, 2, 2, 3407, 2], [1, 112, 3, 1, 1, 6525]]"
0,100,FT_full_MLP,0.9552135926170687,0.9553320441684393,0.9552135926170687,0.9928700740954232,"[[1546, 1, 6, 1, 42, 0], [0, 1843, 2, 0, 247, 0], [2, 5, 10517, 3, 414, 2], [0, 1, 1, 2957, 181, 1], [1, 3, 1, 2, 3604, 2], [2, 5, 2, 1, 112, 6521]]"
0,100,FT_freeze_RF,0.9507941448645071,0.9419231617435745,0.9507941448645071,0.9922130820594689,"[[1401, 46, 148, 1, 0, 0], [0, 2089, 3, 0, 0, 0], [0, 417, 10522, 2, 0, 2], [0, 181, 2, 2956, 1, 1], [1, 196, 3, 1, 3410, 2], [1, 112, 5, 1, 1, 6523]]"
0,100,FT_freeze_MLP,0.9544258418024363,0.9549691420025367,0.9544258418024363,0.9927845294176526,"[[1540, 1, 11, 2, 42, 0], [0, 1842, 4, 0, 246, 0], [1, 4, 10521, 3, 412, 2], [0, 1, 1, 2957, 181, 1], [1, 4, 3, 2, 3602, 1], [1, 5, 6, 3, 109, 6519]]"
0,100,FT_decoder_RF,0.9066409991021714,0.929174376776658,0.9066409991021714,0.9871461911428753,"[[1185, 1, 368, 1, 0, 41], [0, 1830, 18, 0, 0, 244], [0, 1, 10533, 2, 0, 407], [0, 1, 7, 2955, 1, 177], [1, 113, 10, 0, 3329, 160], [0, 1, 10, 2, 1, 6629]]"
0,100,FT_decoder_MLP,0.9523746121839158,0.9684827115934372,0.9523746121839158,0.9922175733209078,"[[1541, 1, 52, 1, 1, 0], [0, 1830, 261, 0, 0, 1], [1, 3, 10935, 2, 0, 2], [0, 1, 183, 2956, 1, 0], [1, 4, 166, 1, 3441, 0], [1, 5, 116, 2, 1, 6518]]"
0,100,FT_partial_RF,0.9304446888187178,0.9460879406172,0.9304446888187178,0.9895110594828006,"[[1378, 10, 166, 1, 0, 41], [0, 1847, 2, 0, 0, 243], [0, 11, 10519, 5, 0, 408], [0, 4, 4, 2955, 1, 177], [1, 58, 5, 2, 3385, 162], [1, 7, 5, 3, 1, 6626]]"
0,100,FT_partial_MLP,0.9498918659519561,0.9664573782382225,0.9498918659519561,0.9919890260588637,"[[1516, 1, 71, 5, 3, 0], [0, 1831, 253, 3, 5, 0], [0, 2, 10921, 10, 8, 2], [0, 0, 180, 2958, 3, 0], [1, 2, 160, 4, 3446, 0], [1, 2, 113, 7, 5, 6515]]"
0,150,RF_original,0.9512117057934942,0.9293017341865486,0.9512117057934942,0.9898176050736739,"[[1533, 50, 5, 7, 1, 0], [0, 2089, 2, 0, 0, 1], [3, 566, 10371, 2, 0, 1], [0, 189, 2, 2948, 1, 1], [1, 199, 6, 2, 3405, 0], [2, 528, 3, 1, 1, 6108]]"
0,150,MLP_original,0.8652906999079987,0.8929387438688318,0.8652906999079987,0.9802785067088134,"[[1405, 0, 1, 0, 1, 189], [0, 1131, 3, 0, 1, 957], [0, 0, 10060, 2, 1, 880], [0, 0, 2, 2855, 2, 282], [1, 0, 1, 1, 3407, 203], [1, 0, 1, 0, 1, 6640]]"
0,150,RF_latent_zero,0.9066409991021714,0.929174376776658,0.9066409991021714,0.9871461911428753,"[[1185, 1, 368, 1, 0, 41], [0, 1830, 18, 0, 0, 244], [0, 1, 10533, 2, 0, 407], [0, 1, 7, 2955, 1, 177], [1, 113, 10, 0, 3329, 160], [0, 1, 10, 2, 1, 6629]]"
0,150,MLP_latent_zero,0.9523746121839158,0.9684827115934372,0.9523746121839158,0.9922175733209078,"[[1541, 1, 52, 1, 1, 0], [0, 1830, 261, 0, 0, 1], [1, 3, 10935, 2, 0, 2], [0, 1, 183, 2956, 1, 0], [1, 4, 166, 1, 3441, 0], [1, 5, 116, 2, 1, 6518]]"
0,150,RF_few,0.9498649596971437,0.9496155695806495,0.9498649596971437,0.9922754914171711,"[[1536, 0, 16, 41, 2, 1], [0, 1775, 21, 244, 4, 48], [1, 1, 10521, 408, 0, 12], [0, 1, 7, 3127, 1, 5], [1, 2, 6, 159, 3428, 17], [1, 0, 7, 107, 1, 6527]]"
0,150,MLP_few,0.9503044673140985,0.9523511091681388,0.9503044673140985,0.9923259042771756,"[[1512, 1, 40, 1, 42, 0], [1, 1835, 2, 1, 243, 10], [1, 2, 10519, 6, 407, 8], [1, 0, 7, 2952, 179, 2], [2, 5, 5, 0, 3594, 7], [1, 4, 6, 4, 108, 6520]]"
0,150,FT_full_RF,0.9648159429602422,0.9507271719421291,0.9648159429602422,0.9935387378177417,"[[1534, 43, 18, 0, 1, 0], [0, 2088, 2, 0, 0, 2], [0, 417, 10520, 2, 0, 4], [0, 183, 2, 2953, 1, 2], [1, 191, 2, 1, 3416, 2], [1, 108, 3, 2, 1, 6528]]"
0,150,FT_full_MLP,0.9553720524373875,0.9556690248982561,0.9553720524373875,0.9929049260836379,"[[1547, 1, 5, 1, 42, 0], [0, 1842, 2, 1, 247, 0], [0, 3, 10519, 4, 415, 2], [0, 0, 1, 2958, 181, 1], [1, 4, 1, 2, 3604, 1], [1, 2, 2, 2, 113, 6523]]"
0,150,FT_freeze_RF,0.9630092103634779,0.949376112247203,0.9630092103634779,0.9933260971114247,"[[1522, 43, 29, 1, 1, 0], [0, 2088, 4, 0, 0, 0], [0, 417, 10521, 3, 0, 2], [0, 182, 2, 2955, 1, 1], [1, 201, 6, 1, 3403, 1], [1, 111, 4, 1, 1, 6525]]"
0,150,FT_freeze_MLP,0.953219352885677,0.9686180943848477,0.953219352885677,0.9923321139002749,"[[1538, 2, 54, 1, 1, 0], [0, 1846, 246, 0, 0, 0], [0, 9, 10928, 2, 0, 4], [0, 2, 180, 2957, 1, 1], [1, 9, 163, 1, 3438, 1], [1, 7, 113, 0, 1, 6521]]"
0,150,FT_decoder_RF,0.9066409991021714,0.929174376776658,0.9066409991021714,0.9871461911428753,"[[1185, 1, 368, 1, 0, 41], [0, 1830, 18, 0, 0, 244], [0, 1, 10533, 2, 0, 407], [0, 1, 7, 2955, 1, 177], [1, 113, 10, 0, 3329, 160], [0, 1, 10, 2, 1, 6629]]"
0,150,FT_decoder_MLP,0.9523746121839158,0.9684827115934372,0.9523746121839158,0.9922175733209078,"[[1541, 1, 52, 1, 1, 0], [0, 1830, 261, 0, 0, 1], [1, 3, 10935, 2, 0, 2], [0, 1, 183, 2956, 1, 0], [1, 4, 166, 1, 3441, 0], [1, 5, 116, 2, 1, 6518]]"
0,150,FT_partial_RF,0.9429934442648614,0.9548102318422811,0.9429934442648614,0.9906926458951992,"[[1495, 4, 56, 0, 0, 41], [0, 1845, 4, 0, 0, 243], [0, 7, 10525, 2, 0, 409], [0, 7, 7, 2949, 1, 177], [1, 44, 7, 1, 3400, 160], [1, 7, 7, 0, 1, 6627]]"
0,150,FT_partial_MLP,0.9534520276299734,0.9687916251578286,0.9534520276299734,0.9923343918758395,"[[1545, 2, 48, 0, 1, 0], [0, 1838, 250, 0, 4, 0], [0, 5, 10926, 3, 6, 3], [0, 0, 181, 2956, 4, 0], [1, 4, 160, 2, 3445, 1], [1, 6, 113, 1, 5, 6517]]"
0,200,RF_original,0.9512117057934942,0.9293017341865486,0.9512117057934942,0.9898176050736739,"[[1533, 50, 5, 7, 1, 0], [0, 2089, 2, 0, 0, 1], [3, 566, 10371, 2, 0, 1], [0, 189, 2, 2948, 1, 1], [1, 199, 6, 2, 3405, 0], [2, 528, 3, 1, 1, 6108]]"
0,200,MLP_original,0.8652906999079987,0.8929387438688318,0.8652906999079987,0.9802785067088134,"[[1405, 0, 1, 0, 1, 189], [0, 1131, 3, 0, 1, 957], [0, 0, 10060, 2, 1, 880], [0, 0, 2, 2855, 2, 282], [1, 0, 1, 1, 3407, 203], [1, 0, 1, 0, 1, 6640]]"
0,200,RF_latent_zero,0.9066409991021714,0.929174376776658,0.9066409991021714,0.9871461911428753,"[[1185, 1, 368, 1, 0, 41], [0, 1830, 18, 0, 0, 244], [0, 1, 10533, 2, 0, 407], [0, 1, 7, 2955, 1, 177], [1, 113, 10, 0, 3329, 160], [0, 1, 10, 2, 1, 6629]]"
0,200,MLP_latent_zero,0.9523746121839158,0.9684827115934372,0.9523746121839158,0.9922175733209078,"[[1541, 1, 52, 1, 1, 0], [0, 1830, 261, 0, 0, 1], [1, 3, 10935, 2, 0, 2], [0, 1, 183, 2956, 1, 0], [1, 4, 166, 1, 3441, 0], [1, 5, 116, 2, 1, 6518]]"
0,200,RF_few,0.9524284663707322,0.9514796351471687,0.9524284663707322,0.9925542247072842,"[[1532, 0, 20, 42, 1, 1], [0, 1810, 20, 244, 2, 16], [0, 2, 10522, 408, 0, 11], [0, 2, 8, 3126, 1, 4], [1, 6, 7, 159, 3433, 7], [1, 0, 6, 108, 1, 6527]]"
0,200,MLP_few,0.9516147370054321,0.9532845102748317,0.9516147370054321,0.9925048463547917,"[[1524, 1, 26, 3, 42, 0], [1, 1831, 2, 1, 248, 9], [0, 2, 10517, 3, 412, 9], [0, 1, 6, 2952, 181, 1], [1, 5, 3, 0, 3599, 5], [1, 2, 4, 1, 108, 6527]]"
0,200,FT_full_RF,0.9649139593210913,0.9505812240786339,0.9649139593210913,0.9935351878725047,"[[1537, 44, 14, 0, 1, 0], [0, 2089, 2, 0, 0, 1], [0, 417, 10520, 3, 0, 3], [0, 183, 2, 2954, 1, 1], [1, 197, 4, 1, 3409, 1], [1, 112, 2, 0, 1, 6527]]"
0,200,FT_full_MLP,0.9539360865817698,0.9688346784364823,0.9539360865817698,0.9923902514812889,"[[1544, 2, 49, 0, 1, 0], [0, 1847, 245, 0, 0, 0], [2, 10, 10925, 3, 1, 2], [0, 3, 179, 2956, 3, 0], [1, 6, 161, 2, 3442, 1], [1, 9, 113, 0, 2, 6518]]"
0,200,FT_freeze_RF,0.9638785543091234,0.9500316204210636,0.9638785543091234,0.993437133483369,"[[1526, 44, 25, 0, 1, 0], [0, 2089, 2, 0, 0, 1], [0, 417, 10520, 3, 0, 3], [0, 182, 3, 2954, 1, 1], [1, 196, 2, 1, 3412, 1], [1, 110, 4, 1, 1, 6526]]"
0,200,FT_freeze_MLP,0.9549284769867791,0.9550672378307885,0.9549284769867791,0.9928239312481231,"[[1542, 2, 10, 0, 42, 0], [0, 1847, 2, 0, 243, 0], [2, 9, 10519, 2, 408, 3], [0, 2, 2, 2956, 180, 1], [1, 5, 3, 2, 3601, 1], [1, 8, 5, 1, 108, 6520]]"
0,200,FT_decoder_RF,0.9066409991021714,0.929174376776658,0.9066409991021714,0.9871461911428753,"[[1185, 1, 368, 1, 0, 41], [0, 1830, 18, 0, 0, 244], [0, 1, 10533, 2, 0, 407], [0, 1, 7, 2955, 1, 177], [1, 113, 10, 0, 3329, 160], [0, 1, 10, 2, 1, 6629]]"
0,200,FT_decoder_MLP,0.9523746121839158,0.9684827115934372,0.9523746121839158,0.9922175733209078,"[[1541, 1, 52, 1, 1, 0], [0, 1830, 261, 0, 0, 1], [1, 3, 10935, 2, 0, 2], [0, 1, 183, 2956, 1, 0], [1, 4, 166, 1, 3441, 0], [1, 5, 116, 2, 1, 6518]]"
0,200,FT_partial_RF,0.945699589069088,0.956413599615752,0.945699589069088,0.9909766552644014,"[[1514, 5, 36, 0, 0, 41], [0, 1847, 1, 0, 0, 244], [0, 13, 10517, 5, 0, 408], [0, 4, 4, 2954, 1, 178], [1, 39, 4, 1, 3408, 160], [1, 7, 4, 1, 1, 6629]]"
0,200,FT_partial_MLP,0.9538219941571415,0.9687535750372537,0.9538219941571415,0.9923720627331628,"[[1544, 3, 47, 1, 1, 0], [0, 1845, 247, 0, 0, 0], [0, 13, 10920, 6, 0, 4], [0, 1, 180, 2956, 3, 1], [1, 6, 160, 2, 3443, 1], [1, 6, 111, 2, 2, 6521]]"
0,250,RF_original,0.9512117057934942,0.9293017341865486,0.9512117057934942,0.9898176050736739,"[[1533, 50, 5, 7, 1, 0], [0, 2089, 2, 0, 0, 1], [3, 566, 10371, 2, 0, 1], [0, 189, 2, 2948, 1, 1], [1, 199, 6, 2, 3405, 0], [2, 528, 3, 1, 1, 6108]]"
0,250,MLP_original,0.8652906999079987,0.8929387438688318,0.8652906999079987,0.9802785067088134,"[[1405, 0, 1, 0, 1, 189], [0, 1131, 3, 0, 1, 957], [0, 0, 10060, 2, 1, 880], [0, 0, 2, 2855, 2, 282], [1, 0, 1, 1, 3407, 203], [1, 0, 1, 0, 1, 6640]]"
0,250,RF_latent_zero,0.9066409991021714,0.929174376776658,0.9066409991021714,0.9871461911428753,"[[1185, 1, 368, 1, 0, 41], [0, 1830, 18, 0, 0, 244], [0, 1, 10533, 2, 0, 407], [0, 1, 7, 2955, 1, 177], [1, 113, 10, 0, 3329, 160], [0, 1, 10, 2, 1, 6629]]"
0,250,MLP_latent_zero,0.9523746121839158,0.9684827115934372,0.9523746121839158,0.9922175733209078,"[[1541, 1, 52, 1, 1, 0], [0, 1830, 261, 0, 0, 1], [1, 3, 10935, 2, 0, 2], [0, 1, 183, 2956, 1, 0], [1, 4, 166, 1, 3441, 0], [1, 5, 116, 2, 1, 6518]]"
0,250,RF_few,0.9495904842966301,0.9519745266767279,0.9495904842966301,0.9921977209811575,"[[1528, 0, 24, 0, 43, 1], [0, 1810, 24, 1, 245, 12], [1, 3, 10521, 2, 406, 10], [0, 1, 9, 2946, 178, 7], [1, 6, 5, 1, 3589, 11], [1, 2, 6, 1, 108, 6525]]"
0,250,MLP_few,0.9533925222690133,0.9535559289374614,0.9533925222690133,0.9926313683401286,"[[1541, 2, 10, 1, 42, 0], [1, 1840, 1, 0, 245, 5], [3, 8, 10511, 4, 408, 9], [5, 2, 6, 2945, 180, 3], [2, 12, 2, 0, 3593, 4], [1, 2, 2, 1, 109, 6528]]"
0,250,FT_full_RF,0.9656978663070119,0.9511457543962969,0.9656978663070119,0.9935944167831696,"[[1540, 44, 11, 0, 1, 0], [0, 2090, 1, 0, 0, 1], [0, 417, 10514, 9, 0, 3], [0, 182, 3, 2954, 1, 1], [1, 188, 2, 1, 3420, 1], [1, 109, 4, 2, 1, 6526]]"
0,250,FT_full_MLP,0.9554493153312555,0.9550556298468377,0.9554493153312555,0.9928699190877349,"[[1548, 1, 4, 1, 42, 0], [0, 1847, 1, 0, 244, 0], [1, 11, 10517, 4, 408, 2], [0, 2, 2, 2956, 180, 1], [1, 7, 1, 2, 3601, 1], [2, 11, 2, 3, 108, 6517]]"
0,250,FT_freeze_RF,0.9648740782256525,0.950470965197295,0.9648740782256525,0.9935041170720064,"[[1537, 42, 15, 2, 0, 0], [0, 2089, 2, 0, 0, 1], [0, 416, 10516, 8, 0, 3], [0, 183, 2, 2954, 1, 1], [1, 198, 2, 1, 3410, 1], [1, 109, 4, 2, 1, 6526]]"
0,250,FT_freeze_MLP,0.9556143277036441,0.9552930182743183,0.9556143277036441,0.9928884937732213,"[[1550, 1, 3, 1, 41, 0], [0, 1847, 1, 0, 243, 1], [2, 10, 10518, 3, 407, 3], [1, 2, 2, 2956, 179, 1], [1, 9, 2, 3, 3597, 1], [1, 7, 4, 1, 108, 6522]]"
0,250,FT_decoder_RF,0.9066409991021714,0.929174376776658,0.9066409991021714,0.9871461911428753,"[[1185, 1, 368, 1, 0, 41], [0, 1830, 18, 0, 0, 244], [0, 1, 10533, 2, 0, 407], [0, 1, 7, 2955, 1, 177], [1, 113, 10, 0, 3329, 160], [0, 1, 10, 2, 1, 6629]]"
0,250,FT_decoder_MLP,0.9523746121839158,0.9684827115934372,0.9523746121839158,0.9922175733209078,"[[1541, 1, 52, 1, 1, 0], [0, 1830, 261, 0, 0, 1], [1, 3, 10935, 2, 0, 2], [0, 1, 183, 2956, 1, 0], [1, 4, 166, 1, 3441, 0], [1, 5, 116, 2, 1, 6518]]"
0,250,FT_partial_RF,0.945894349761466,0.9569789239210409,0.945894349761466,0.9910257930487089,"[[1510, 3, 41, 0, 1, 41], [0, 1847, 1, 0, 0, 244], [0, 15, 10515, 4, 0, 409], [0, 4, 5, 2953, 1, 178], [1, 27, 2, 1, 3422, 160], [1, 5, 2, 3, 1, 6631]]"
0,250,FT_partial_MLP,0.9538518145123751,0.9687768963470801,0.9538518145123751,0.9923745911443764,"[[1543, 1, 50, 1, 1, 0], [0, 1847, 244, 0, 1, 0], [0, 12, 10920, 6, 1, 4], [0, 1, 180, 2956, 3, 1], [1, 6, 159, 3, 3443, 1], [1, 8, 111, 1, 2, 6520]]"
50,50,RF_original,0.9512117057934942,0.9293017341865486,0.9512117057934942,0.9898176050736739,"[[1533, 50, 5, 7, 1, 0], [0, 2089, 2, 0, 0, 1], [3, 566, 10371, 2, 0, 1], [0, 189, 2, 2948, 1, 1], [1, 199, 6, 2, 3405, 0], [2, 528, 3, 1, 1, 6108]]"
50,50,MLP_original,0.8652906999079987,0.8929387438688318,0.8652906999079987,0.9802785067088134,"[[1405, 0, 1, 0, 1, 189], [0, 1131, 3, 0, 1, 957], [0, 0, 10060, 2, 1, 880], [0, 0, 2, 2855, 2, 282], [1, 0, 1, 1, 3407, 203], [1, 0, 1, 0, 1, 6640]]"
50,50,RF_latent_zero,0.9066409991021714,0.929174376776658,0.9066409991021714,0.9871461911428753,"[[1185, 1, 368, 1, 0, 41], [0, 1830, 18, 0, 0, 244], [0, 1, 10533, 2, 0, 407], [0, 1, 7, 2955, 1, 177], [1, 113, 10, 0, 3329, 160], [0, 1, 10, 2, 1, 6629]]"
50,50,MLP_latent_zero,0.9523746121839158,0.9684827115934372,0.9523746121839158,0.9922175733209078,"[[1541, 1, 52, 1, 1, 0], [0, 1830, 261, 0, 0, 1], [1, 3, 10935, 2, 0, 2], [0, 1, 183, 2956, 1, 0], [1, 4, 166, 1, 3441, 0], [1, 5, 116, 2, 1, 6518]]"
50,50,RF_few,0.7743893822235005,0.789624598356412,0.7743893822235005,0.9751373482474991,"[[42, 3, 1510, 37, 1, 3], [243, 1754, 58, 0, 6, 31], [406, 2, 10517, 2, 10, 6], [177, 3, 151, 2802, 7, 1], [158, 4, 13, 0, 3423, 15], [108, 2, 7, 0, 9, 6517]]"
50,50,MLP_few,0.8575055663002183,0.863885585728446,0.8575055663002183,0.9841089646399429,"[[716, 2, 696, 180, 1, 1], [243, 1828, 5, 9, 1, 6], [409, 11, 10502, 14, 0, 7], [181, 3, 4, 2950, 1, 2], [180, 12, 6, 3, 3407, 5], [107, 14, 4, 1, 2, 6515]]"
50,50,FT_full_RF,0.9469771727892621,0.938973771440363,0.9469771727892621,0.991836002183568,"[[1376, 44, 164, 11, 1, 0], [0, 2084, 4, 2, 0, 2], [0, 410, 10519, 8, 1, 5], [0, 178, 2, 2958, 1, 2], [1, 207, 3, 4, 3389, 9], [1, 108, 1, 5, 1, 6527]]"
50,50,FT_full_MLP,0.9508403082040715,0.9528517745313417,0.9508403082040715,0.9925019082433791,"[[1509, 1, 37, 6, 43, 0], [0, 1835, 4, 3, 250, 0], [0, 2, 10520, 6, 412, 3], [0, 0, 1, 2958, 181, 1], [1, 2, 2, 2, 3603, 3], [1, 1, 1, 4, 112, 6524]]"
50,50,FT_freeze_RF,0.9465013553671705,0.9385090122721677,0.9465013553671705,0.9917754049295162,"[[1374, 44, 168, 9, 1, 0], [0, 2085, 4, 2, 0, 1], [0, 411, 10520, 8, 0, 4], [0, 181, 2, 2956, 1, 1], [1, 216, 3, 4, 3384, 5], [1, 108, 3, 4, 1, 6526]]"
50,50,FT_freeze_MLP,0.9510783242135367,0.9529139986728739,0.9510783242135367,0.9925176486379065,"[[1512, 1, 33, 6, 44, 0], [0, 1835, 3, 3, 251, 0], [0, 1, 10520, 6, 414, 2], [0, 0, 1, 2958, 181, 1], [1, 2, 2, 2, 3603, 3], [1, 2, 1, 5, 113, 6521]]"
50,50,FT_decoder_RF,0.9066409991021714,0.929174376776658,0.9066409991021714,0.9871461911428753,"[[1185, 1, 368, 1, 0, 41], [0, 1830, 18, 0, 0, 244], [0, 1, 10533, 2, 0, 407], [0, 1, 7, 2955, 1, 177], [1, 113, 10, 0, 3329, 160], [0, 1, 10, 2, 1, 6629]]"
50,50,FT_decoder_MLP,0.9523746121839158,0.9684827115934372,0.9523746121839158,0.9922175733209078,"[[1541, 1, 52, 1, 1, 0], [0, 1830, 261, 0, 0, 1], [1, 3, 10935, 2, 0, 2], [0, 1, 183, 2956, 1, 0], [1, 4, 166, 1, 3441, 0], [1, 5, 116, 2, 1, 6518]]"
50,50,FT_partial_RF,0.9182790168385405,0.9391404941033,0.9182790168385405,0.988511872108946,"[[1241, 20, 290, 0, 0, 45], [0, 1846, 1, 0, 0, 245], [0, 17, 10508, 2, 0, 416], [0, 3, 3, 2953, 1, 181], [1, 12, 4, 0, 3432, 164], [1, 1, 1, 0, 1, 6639]]"
50,50,FT_partial_MLP,0.9438165561164172,0.9619021427844827,0.9438165561164172,0.9915122418904548,"[[1448, 20, 121, 6, 1, 0], [0, 1847, 245, 0, 0, 0], [0, 18, 10918, 2, 0, 5], [0, 1, 180, 2956, 1, 3], [1, 11, 160, 0, 3439, 2], [1, 8, 109, 0, 1, 6524]]"
50,100,RF_original,0.9512117057934942,0.9293017341865486,0.9512117057934942,0.9898176050736739,"[[1533, 50, 5, 7, 1, 0], [0, 2089, 2, 0, 0, 1], [3, 566, 10371, 2, 0, 1], [0, 189, 2, 2948, 1, 1], [1, 199, 6, 2, 3405, 0], [2, 528, 3, 1, 1, 6108]]"
50,100,MLP_original,0.8652906999079987,0.8929387438688318,0.8652906999079987,0.9802785067088134,"[[1405, 0, 1, 0, 1, 189], [0, 1131, 3, 0, 1, 957], [0, 0, 10060, 2, 1, 880], [0, 0, 2, 2855, 2, 282], [1, 0, 1, 1, 3407, 203], [1, 0, 1, 0, 1, 6640]]"
50,100,RF_latent_zero,0.9066409991021714,0.929174376776658,0.9066409991021714,0.9871461911428753,"[[1185, 1, 368, 1, 0, 41], [0, 1830, 18, 0, 0, 244], [0, 1, 10533, 2, 0, 407], [0, 1, 7, 2955, 1, 177], [1, 113, 10, 0, 3329, 160], [0, 1, 10, 2, 1, 6629]]"
50,100,MLP_latent_zero,0.9523746121839158,0.9684827115934372,0.9523746121839158,0.9922175733209078,"[[1541, 1, 52, 1, 1, 0], [0, 1830, 261, 0, 0, 1], [1, 3, 10935, 2, 0, 2], [0, 1, 183, 2956, 1, 0], [1, 4, 166, 1, 3441, 0], [1, 5, 116, 2, 1, 6518]]"
50,100,RF_few,0.8691448057609513,0.8790784323546613,0.8691448057609513,0.9843066624615114,"[[721, 41, 821, 12, 1, 0], [0, 1962, 64, 1, 3, 62], [0, 408, 10525, 2, 0, 8], [0, 179, 29, 2930, 1, 2], [1, 165, 17, 0, 3426, 4], [0, 107, 9, 0, 1, 6526]]"
50,100,MLP_few,0.9266852567636823,0.9358468565261097,0.9266852567636823,0.9901332071464387,"[[1333, 0, 192, 20, 51, 0], [0, 1773, 9, 0, 301, 9], [0, 4, 10504, 7, 426, 2], [0, 0, 4, 2954, 182, 1], [1, 3, 3, 0, 3604, 2], [0, 14, 7, 1, 114, 6507]]"
50,100,FT_full_RF,0.9562677402346756,0.9455163569260042,0.9562677402346756,0.992719226240883,"[[1458, 43, 94, 0, 1, 0], [0, 2087, 3, 0, 1, 1], [0, 412, 10527, 2, 0, 2], [0, 183, 5, 2951, 1, 1], [1, 199, 6, 1, 3405, 1], [1, 108, 5, 0, 2, 6527]]"
50,100,FT_full_MLP,0.9523553357092451,0.9538939966138464,0.9523553357092451,0.9926208796220516,"[[1519, 1, 31, 2, 43, 0], [0, 1843, 3, 0, 246, 0], [0, 3, 10524, 2, 412, 2], [0, 1, 2, 2956, 181, 1], [1, 5, 2, 2, 3602, 1], [1, 3, 5, 1, 112, 6521]]"
50,100,FT_freeze_RF,0.9556154706589374,0.9451636364373094,0.9556154706589374,0.9926626837539345,"[[1450, 43, 102, 0, 1, 0], [0, 2087, 4, 0, 0, 1], [0, 413, 10526, 2, 0, 2], [0, 182, 4, 2953, 1, 1], [1, 196, 5, 2, 3407, 2], [1, 108, 5, 1, 1, 6527]]"
50,100,FT_freeze_MLP,0.9532934465904979,0.9543085321636232,0.9532934465904979,0.9926951927226936,"[[1529, 1, 22, 2, 42, 0], [0, 1843, 3, 0, 246, 0], [0, 4, 10525, 2, 410, 2], [0, 2, 2, 2956, 181, 0], [1, 5, 2, 3, 3601, 1], [1, 6, 6, 1, 111, 6518]]"
50,100,FT_decoder_RF,0.9066409991021714,0.929174376776658,0.9066409991021714,0.9871461911428753,"[[1185, 1, 368, 1, 0, 41], [0, 1830, 18, 0, 0, 244], [0, 1, 10533, 2, 0, 407], [0, 1, 7, 2955, 1, 177], [1, 113, 10, 0, 3329, 160], [0, 1, 10, 2, 1, 6629]]"
50,100,FT_decoder_MLP,0.9523746121839158,0.9684827115934372,0.9523746121839158,0.9922175733209078,"[[1541, 1, 52, 1, 1, 0], [0, 1830, 261, 0, 0, 1], [1, 3, 10935, 2, 0, 2], [0, 1, 183, 2956, 1, 0], [1, 4, 166, 1, 3441, 0], [1, 5, 116, 2, 1, 6518]]"
50,100,FT_partial_RF,0.9272588803259074,0.9429007981158412,0.9272588803259074,0.989160749777762,"[[1358, 15, 180, 2, 0, 41], [0, 1848, 1, 0, 0, 243], [0, 18, 10512, 5, 0, 408], [0, 12, 4, 2947, 1, 177], [1, 69, 6, 3, 3371, 163], [1, 9, 3, 3, 1, 6626]]"
50,100,FT_partial_MLP,0.9514183347539249,0.9671548597127404,0.9514183347539249,0.9921165480497579,"[[1528, 1, 61, 3, 3, 0], [0, 1836, 246, 2, 8, 0], [0, 3, 10918, 8, 12, 2], [0, 0, 180, 2958, 3, 0], [1, 2, 159, 4, 3447, 0], [1, 4, 111, 8, 9, 6510]]"
50,150,RF_original,0.9512117057934942,0.9293017341865486,0.9512117057934942,0.9898176050736739,"[[1533, 50, 5, 7, 1, 0], [0, 2089, 2, 0, 0, 1], [3, 566, 10371, 2, 0, 1], [0, 189, 2, 2948, 1, 1], [1, 199, 6, 2, 3405, 0], [2, 528, 3, 1, 1, 6108]]"
50,150,MLP_original,0.8652906999079987,0.8929387438688318,0.8652906999079987,0.9802785067088134,"[[1405, 0, 1, 0, 1, 189], [0, 1131, 3, 0, 1, 957], [0, 0, 10060, 2, 1, 880], [0, 0, 2, 2855, 2, 282], [1, 0, 1, 1, 3407, 203], [1, 0, 1, 0, 1, 6640]]"
50,150,RF_latent_zero,0.9066409991021714,0.929174376776658,0.9066409991021714,0.9871461911428753,"[[1185, 1, 368, 1, 0, 41], [0, 1830, 18, 0, 0, 244], [0, 1, 10533, 2, 0, 407], [0, 1, 7, 2955, 1, 177], [1, 113, 10, 0, 3329, 160], [0, 1, 10, 2, 1, 6629]]"
50,150,MLP_latent_zero,0.9523746121839158,0.9684827115934372,0.9523746121839158,0.9922175733209078,"[[1541, 1, 52, 1, 1, 0], [0, 1830, 261, 0, 0, 1], [1, 3, 10935, 2, 0, 2], [0, 1, 183, 2956, 1, 0], [1, 4, 166, 1, 3441, 0], [1, 5, 116, 2, 1, 6518]]"
50,150,RF_few,0.9498649596971437,0.9496155695806495,0.9498649596971437,0.9922754914171711,"[[1536, 0, 16, 41, 2, 1], [0, 1775, 21, 244, 4, 48], [1, 1, 10521, 408, 0, 12], [0, 1, 7, 3127, 1, 5], [1, 2, 6, 159, 3428, 17], [1, 0, 7, 107, 1, 6527]]"
50,150,MLP_few,0.9500450124412917,0.9514118619758887,0.9500450124412917,0.9922855131583503,"[[1537, 0, 15, 0, 42, 2], [1, 1809, 2, 1, 244, 35], [1, 2, 10518, 3, 408, 11], [11, 0, 11, 2934, 180, 5], [5, 2, 1, 0, 3595, 10], [1, 6, 2, 1, 108, 6525]]"
50,150,FT_full_RF,0.9655907038695014,0.9509871049000719,0.9655907038695014,0.9936146488354818,"[[1543, 44, 8, 0, 1, 0], [0, 2089, 2, 0, 0, 1], [0, 417, 10520, 3, 0, 3], [0, 183, 1, 2954, 1, 2], [1, 199, 2, 1, 3409, 1], [1, 108, 2, 2, 1, 6529]]"
50,150,FT_full_MLP,0.9555298453156694,0.95538160516799,0.9555298453156694,0.9929112064677117,"[[1548, 2, 3, 1, 42, 0], [0, 1845, 1, 0, 245, 1], [1, 8, 10518, 4, 409, 3], [0, 2, 1, 2957, 180, 1], [1, 6, 1, 2, 3602, 1], [1, 6, 2, 4, 108, 6522]]"
50,150,FT_freeze_RF,0.9530655738511314,0.9528019396329693,0.9530655738511314,0.9926161229915081,"[[1540, 3, 10, 1, 42, 0], [0, 1846, 1, 0, 243, 2], [0, 11, 10518, 3, 406, 5], [0, 5, 1, 2955, 178, 2], [1, 41, 2, 2, 3564, 3], [1, 1, 2, 3, 108, 6528]]"
50,150,FT_freeze_MLP,0.9544265533871434,0.969122874834822,0.9544265533871434,0.9924892287855213,"[[1547, 3, 44, 1, 1, 0], [0, 1847, 244, 0, 0, 1], [0, 11, 10923, 4, 0, 5], [0, 5, 178, 2957, 1, 0], [1, 8, 159, 3, 3441, 1], [1, 5, 108, 2, 1, 6526]]"
50,150,FT_decoder_RF,0.9066409991021714,0.929174376776658,0.9066409991021714,0.9871461911428753,"[[1185, 1, 368, 1, 0, 41], [0, 1830, 18, 0, 0, 244], [0, 1, 10533, 2, 0, 407], [0, 1, 7, 2955, 1, 177], [1, 113, 10, 0, 3329, 160], [0, 1, 10, 2, 1, 6629]]"
50,150,FT_decoder_MLP,0.9523746121839158,0.9684827115934372,0.9523746121839158,0.9922175733209078,"[[1541, 1, 52, 1, 1, 0], [0, 1830, 261, 0, 0, 1], [1, 3, 10935, 2, 0, 2], [0, 1, 183, 2956, 1, 0], [1, 4, 166, 1, 3441, 0], [1, 5, 116, 2, 1, 6518]]"
50,150,FT_partial_RF,0.9397767405391653,0.9516476230759482,0.9397767405391653,0.9903052771278276,"[[1479, 3, 73, 0, 0, 41], [0, 1846, 3, 0, 0, 243], [0, 10, 10521, 2, 0, 410], [0, 5, 6, 2952, 1, 177], [1, 79, 9, 2, 3361, 161], [1, 5, 5, 1, 1, 6630]]"
50,150,FT_partial_MLP,0.9525798300284042,0.9685028778579942,0.9525798300284042,0.9922658281705353,"[[1536, 1, 56, 2, 1, 0], [0, 1838, 253, 0, 1, 0], [0, 4, 10929, 4, 1, 5], [0, 0, 181, 2958, 1, 1], [1, 4, 163, 3, 3441, 1], [1, 6, 112, 1, 2, 6521]]"
50,200,RF_original,0.9512117057934942,0.9293017341865486,0.9512117057934942,0.9898176050736739,"[[1533, 50, 5, 7, 1, 0], [0, 2089, 2, 0, 0, 1], [3, 566, 10371, 2, 0, 1], [0, 189, 2, 2948, 1, 1], [1, 199, 6, 2, 3405, 0], [2, 528, 3, 1, 1, 6108]]"
50,200,MLP_original,0.8652906999079987,0.8929387438688318,0.8652906999079987,0.9802785067088134,"[[1405, 0, 1, 0, 1, 189], [0, 1131, 3, 0, 1, 957], [0, 0, 10060, 2, 1, 880], [0, 0, 2, 2855, 2, 282], [1, 0, 1, 1, 3407, 203], [1, 0, 1, 0, 1, 6640]]"
50,200,RF_latent_zero,0.9066409991021714,0.929174376776658,0.9066409991021714,0.9871461911428753,"[[1185, 1, 368, 1, 0, 41], [0, 1830, 18, 0, 0, 244], [0, 1, 10533, 2, 0, 407], [0, 1, 7, 2955, 1, 177], [1, 113, 10, 0, 3329, 160], [0, 1, 10, 2, 1, 6629]]"
50,200,MLP_latent_zero,0.9523746121839158,0.9684827115934372,0.9523746121839158,0.9922175733209078,"[[1541, 1, 52, 1, 1, 0], [0, 1830, 261, 0, 0, 1], [1, 3, 10935, 2, 0, 2], [0, 1, 183, 2956, 1, 0], [1, 4, 166, 1, 3441, 0], [1, 5, 116, 2, 1, 6518]]"
50,200,RF_few,0.9524284663707322,0.9514796351471687,0.9524284663707322,0.9925542247072842,"[[1532, 0, 20, 42, 1, 1], [0, 1810, 20, 244, 2, 16], [0, 2, 10522, 408, 0, 11], [0, 2, 8, 3126, 1, 4], [1, 6, 7, 159, 3433, 7], [1, 0, 6, 108, 1, 6527]]"
50,200,MLP_few,0.9552503612788886,0.9527756149872982,0.9552503612788886,0.9928960354586208,"[[1534, 3, 16, 41, 1, 1], [1, 1840, 2, 243, 3, 3], [1, 6, 10515, 408, 4, 9], [0, 2, 4, 3130, 3, 2], [2, 9, 3, 158, 3435, 6], [1, 3, 2, 108, 1, 6528]]"
50,200,FT_full_RF,0.9657053431997399,0.9509594707902315,0.9657053431997399,0.9936064933083776,"[[1544, 44, 7, 0, 1, 0], [0, 2090, 1, 0, 0, 1], [0, 418, 10519, 3, 0, 3], [0, 184, 1, 2954, 1, 1], [1, 198, 2, 1, 3410, 1], [1, 111, 3, 2, 1, 6525]]"
50,200,FT_full_MLP,0.9558813986746869,0.9553624701892378,0.9558813986746869,0.9929376247665571,"[[1550, 3, 1, 0, 42, 0], [0, 1848, 1, 0, 243, 0], [1, 11, 10518, 4, 407, 2], [0, 3, 1, 2957, 180, 0], [1, 7, 1, 2, 3601, 1], [2, 10, 2, 1, 108, 6520]]"
50,200,FT_freeze_RF,0.9656146280453561,0.9510126535251988,0.9656146280453561,0.9936012937558613,"[[1543, 44, 7, 1, 1, 0], [0, 2089, 2, 0, 0, 1], [0, 417, 10520, 3, 0, 3], [0, 182, 2, 2955, 1, 1], [1, 197, 2, 1, 3410, 2], [1, 109, 4, 2, 1, 6526]]"
50,200,FT_freeze_MLP,0.9556013244197251,0.9551576066114608,0.9556013244197251,0.9928966263783177,"[[1548, 3, 3, 0, 42, 0], [0, 1848, 1, 0, 243, 0], [1, 12, 10518, 4, 406, 2], [0, 5, 1, 2957, 178, 0], [1, 7, 2, 2, 3600, 1], [1, 11, 4, 0, 108, 6519]]"
50,200,FT_decoder_RF,0.9066409991021714,0.929174376776658,0.9066409991021714,0.9871461911428753,"[[1185, 1, 368, 1, 0, 41], [0, 1830, 18, 0, 0, 244], [0, 1, 10533, 2, 0, 407], [0, 1, 7, 2955, 1, 177], [1, 113, 10, 0, 3329, 160], [0, 1, 10, 2, 1, 6629]]"
50,200,FT_decoder_MLP,0.9523746121839158,0.9684827115934372,0.9523746121839158,0.9922175733209078,"[[1541, 1, 52, 1, 1, 0], [0, 1830, 261, 0, 0, 1], [1, 3, 10935, 2, 0, 2], [0, 1, 183, 2956, 1, 0], [1, 4, 166, 1, 3441, 0], [1, 5, 116, 2, 1, 6518]]"
50,200,FT_partial_RF,0.9446137619811639,0.9559381280488412,0.9446137619811639,0.9908556185926107,"[[1503, 4, 47, 0, 1, 41], [0, 1848, 1, 0, 0, 243], [0, 13, 10518, 3, 0, 409], [0, 4, 6, 2953, 1, 177], [1, 37, 6, 1, 3409, 159], [1, 6, 7, 0, 1, 6628]]"
50,200,FT_partial_MLP,0.9527778334648999,0.9683586772184571,0.9527778334648999,0.992273879053046,"[[1535, 2, 58, 0, 1, 0], [0, 1844, 248, 0, 0, 0], [0, 8, 10928, 3, 0, 4], [0, 2, 181, 2956, 2, 0], [1, 7, 161, 1, 3442, 1], [1, 8, 114, 1, 2, 6517]]"
50,250,RF_original,0.9512117057934942,0.9293017341865486,0.9512117057934942,0.9898176050736739,"[[1533, 50, 5, 7, 1, 0], [0, 2089, 2, 0, 0, 1], [3, 566, 10371, 2, 0, 1], [0, 189, 2, 2948, 1, 1], [1, 199, 6, 2, 3405, 0], [2, 528, 3, 1, 1, 6108]]"
50,250,MLP_original,0.8652906999079987,0.8929387438688318,0.8652906999079987,0.9802785067088134,"[[1405, 0, 1, 0, 1, 189], [0, 1131, 3, 0, 1, 957], [0, 0, 10060, 2, 1, 880], [0, 0, 2, 2855, 2, 282], [1, 0, 1, 1, 3407, 203], [1, 0, 1, 0, 1, 6640]]"
50,250,RF_latent_zero,0.9066409991021714,0.929174376776658,0.9066409991021714,0.9871461911428753,"[[1185, 1, 368, 1, 0, 41], [0, 1830, 18, 0, 0, 244], [0, 1, 10533, 2, 0, 407], [0, 1, 7, 2955, 1, 177], [1, 113, 10, 0, 3329, 160], [0, 1, 10, 2, 1, 6629]]"
50,250,MLP_latent_zero,0.9523746121839158,0.9684827115934372,0.9523746121839158,0.9922175733209078,"[[1541, 1, 52, 1, 1, 0], [0, 1830, 261, 0, 0, 1], [1, 3, 10935, 2, 0, 2], [0, 1, 183, 2956, 1, 0], [1, 4, 166, 1, 3441, 0], [1, 5, 116, 2, 1, 6518]]"
50,250,RF_few,0.9495904842966301,0.9519745266767279,0.9495904842966301,0.9921977209811575,"[[1528, 0, 24, 0, 43, 1], [0, 1810, 24, 1, 245, 12], [1, 3, 10521, 2, 406, 10], [0, 1, 9, 2946, 178, 7], [1, 6, 5, 1, 3589, 11], [1, 2, 6, 1, 108, 6525]]"
50,250,MLP_few,0.9496078288228427,0.9657472877793367,0.9496078288228427,0.9919443620458832,"[[1515, 3, 75, 3, 0, 0], [1, 1842, 245, 1, 0, 3], [2, 8, 10924, 5, 0, 4], [0, 2, 181, 2954, 2, 2], [1, 14, 160, 8, 3424, 6], [1, 6, 112, 3, 1, 6520]]"
50,250,FT_full_RF,0.9652029188565819,0.9505929001288771,0.9652029188565819,0.9935368009431046,"[[1542, 43, 10, 0, 1, 0], [0, 2090, 1, 0, 0, 1], [0, 417, 10520, 3, 0, 3], [0, 183, 3, 2953, 1, 1], [1, 202, 2, 1, 3405, 2], [1, 111, 3, 3, 1, 6524]]"
50,250,FT_full_MLP,0.9555581213917597,0.9551311136596045,0.9555581213917597,0.99288885356203,"[[1548, 3, 3, 0, 42, 0], [0, 1848, 1, 0, 243, 0], [0, 14, 10517, 3, 406, 3], [0, 4, 2, 2956, 179, 0], [1, 10, 1, 0, 3600, 1], [1, 9, 4, 1, 108, 6520]]"
50,250,FT_freeze_RF,0.9650498572673487,0.9505699909414062,0.9650498572673487,0.99352877524993,"[[1540, 43, 12, 0, 1, 0], [0, 2089, 1, 0, 0, 2], [0, 416, 10521, 3, 0, 3], [0, 183, 3, 2954, 1, 0], [1, 199, 2, 1, 3407, 3], [1, 112, 3, 3, 1, 6523]]"
50,250,FT_freeze_MLP,0.9555885822647682,0.9552901426725641,0.9555885822647682,0.9929010388753338,"[[1548, 3, 3, 0, 42, 0], [0, 1848, 1, 0, 243, 0], [1, 10, 10519, 4, 407, 2], [0, 3, 2, 2956, 180, 0], [1, 7, 1, 3, 3600, 1], [1, 8, 4, 2, 108, 6520]]"
50,250,FT_decoder_RF,0.9066409991021714,0.929174376776658,0.9066409991021714,0.9871461911428753,"[[1185, 1, 368, 1, 0, 41], [0, 1830, 18, 0, 0, 244], [0, 1, 10533, 2, 0, 407], [0, 1, 7, 2955, 1, 177], [1, 113, 10, 0, 3329, 160], [0, 1, 10, 2, 1, 6629]]"
50,250,FT_decoder_MLP,0.9523746121839158,0.9684827115934372,0.9523746121839158,0.9922175733209078,"[[1541, 1, 52, 1, 1, 0], [0, 1830, 261, 0, 0, 1], [1, 3, 10935, 2, 0, 2], [0, 1, 183, 2956, 1, 0], [1, 4, 166, 1, 3441, 0], [1, 5, 116, 2, 1, 6518]]"
50,250,FT_partial_RF,0.9448764046251824,0.9559042295599762,0.9448764046251824,0.9908916462984835,"[[1505, 5, 45, 0, 0, 41], [0, 1847, 1, 0, 0, 244], [0, 16, 10513, 5, 0, 409], [0, 5, 4, 2953, 1, 178], [1, 35, 4, 1, 3413, 159], [1, 6, 3, 3, 1, 6629]]"
50,250,FT_partial_MLP,0.9538642267584412,0.9686503069814204,0.9538642267584412,0.9923689521015276,"[[1544, 2, 48, 1, 1, 0], [0, 1846, 245, 0, 1, 0], [0, 13, 10919, 7, 1, 3], [0, 0, 180, 2957, 3, 1], [1, 6, 159, 3, 3443, 1], [1, 9, 110, 3, 2, 6518]]"
100,50,RF_original,0.9512117057934942,0.9293017341865486,0.9512117057934942,0.9898176050736739,"[[1533, 50, 5, 7, 1, 0], [0, 2089, 2, 0, 0, 1], [3, 566, 10371, 2, 0, 1], [0, 189, 2, 2948, 1, 1], [1, 199, 6, 2, 3405, 0], [2, 528, 3, 1, 1, 6108]]"
100,50,MLP_original,0.8652906999079987,0.8929387438688318,0.8652906999079987,0.9802785067088134,"[[1405, 0, 1, 0, 1, 189], [0, 1131, 3, 0, 1, 957], [0, 0, 10060, 2, 1, 880], [0, 0, 2, 2855, 2, 282], [1, 0, 1, 1, 3407, 203], [1, 0, 1, 0, 1, 6640]]"
100,50,RF_latent_zero,0.9066409991021714,0.929174376776658,0.9066409991021714,0.9871461911428753,"[[1185, 1, 368, 1, 0, 41], [0, 1830, 18, 0, 0, 244], [0, 1, 10533, 2, 0, 407], [0, 1, 7, 2955, 1, 177], [1, 113, 10, 0, 3329, 160], [0, 1, 10, 2, 1, 6629]]"
100,50,MLP_latent_zero,0.9523746121839158,0.9684827115934372,0.9523746121839158,0.9922175733209078,"[[1541, 1, 52, 1, 1, 0], [0, 1830, 261, 0, 0, 1], [1, 3, 10935, 2, 0, 2], [0, 1, 183, 2956, 1, 0], [1, 4, 166, 1, 3441, 0], [1, 5, 116, 2, 1, 6518]]"
100,50,RF_few,0.7743893822235005,0.789624598356412,0.7743893822235005,0.9751373482474991,"[[42, 3, 1510, 37, 1, 3], [243, 1754, 58, 0, 6, 31], [406, 2, 10517, 2, 10, 6], [177, 3, 151, 2802, 7, 1], [158, 4, 13, 0, 3423, 15], [108, 2, 7, 0, 9, 6517]]"
100,50,MLP_few,0.8791842054915767,0.8829948901536723,0.8791842054915767,0.9854452926941834,"[[741, 48, 739, 66, 2, 0], [0, 2082, 5, 1, 4, 0], [0, 430, 10504, 5, 0, 4], [0, 195, 20, 2924, 1, 1], [2, 185, 7, 0, 3418, 1], [0, 131, 7, 0, 3, 6502]]"
100,50,FT_full_RF,0.9368593967175194,0.9382635617342147,0.9368593967175194,0.9910530810096748,"[[1391, 4, 156, 44, 1, 0], [0, 1846, 3, 243, 0, 0], [0, 11, 10522, 408, 0, 2], [0, 7, 2, 3130, 1, 1], [1, 100, 2, 159, 3349, 2], [1, 5, 2, 109, 1, 6525]]"
100,50,FT_full_MLP,0.9500252366836494,0.9516182073266539,0.9500252366836494,0.9923831468030931,"[[1497, 4, 51, 2, 42, 0], [0, 1846, 3, 0, 243, 0], [0, 13, 10520, 2, 406, 2], [0, 4, 1, 2957, 179, 0], [1, 9, 2, 1, 3599, 1], [1, 16, 2, 0, 108, 6516]]"
100,50,FT_freeze_RF,0.9329862009241751,0.9385359292239208,0.9329862009241751,0.9906568691632828,"[[1368, 4, 177, 5, 42, 0], [0, 1847, 2, 0, 243, 0], [0, 11, 10522, 2, 406, 2], [0, 7, 2, 2954, 178, 0], [1, 86, 2, 2, 3520, 2], [1, 10, 2, 1, 108, 6521]]"
100,50,FT_freeze_MLP,0.9514208070816266,0.9526943684197868,0.9514208070816266,0.9925266866201382,"[[1509, 4, 38, 3, 42, 0], [0, 1846, 3, 0, 243, 0], [0, 11, 10520, 3, 407, 2], [0, 3, 1, 2957, 180, 0], [1, 5, 2, 3, 3601, 1], [1, 12, 2, 1, 109, 6518]]"
100,50,FT_decoder_RF,0.9066409991021714,0.929174376776658,0.9066409991021714,0.9871461911428753,"[[1185, 1, 368, 1, 0, 41], [0, 1830, 18, 0, 0, 244], [0, 1, 10533, 2, 0, 407], [0, 1, 7, 2955, 1, 177], [1, 113, 10, 0, 3329, 160], [0, 1, 10, 2, 1, 6629]]"
100,50,FT_decoder_MLP,0.9523746121839158,0.9684827115934372,0.9523746121839158,0.9922175733209078,"[[1541, 1, 52, 1, 1, 0], [0, 1830, 261, 0, 0, 1], [1, 3, 10935, 2, 0, 2], [0, 1, 183, 2956, 1, 0], [1, 4, 166, 1, 3441, 0], [1, 5, 116, 2, 1, 6518]]"
100,50,FT_partial_RF,0.9185217344653646,0.9394901295854571,0.9185217344653646,0.9885830481449024,"[[1238, 16, 293, 7, 1, 41], [0, 1845, 1, 3, 0, 243], [0, 10, 10510, 11, 0, 412], [0, 0, 2, 2958, 1, 180], [1, 5, 2, 4, 3441, 160], [1, 2, 1, 2, 1, 6636]]"
100,50,FT_partial_MLP,0.9453765434351183,0.9626449628636794,0.9453765434351183,0.9916807728299485,"[[1465, 5, 83, 38, 5, 0], [0, 1843, 245, 2, 2, 0], [0, 8, 10909, 8, 12, 6], [0, 0, 179, 2958, 2, 2], [1, 6, 159, 3, 3443, 1], [1, 6, 108, 4, 2, 6522]]"
100,100,RF_original,0.9512117057934942,0.9293017341865486,0.9512117057934942,0.9898176050736739,"[[1533, 50, 5, 7, 1, 0], [0, 2089, 2, 0, 0, 1], [3, 566, 10371, 2, 0, 1], [0, 189, 2, 2948, 1, 1], [1, 199, 6, 2, 3405, 0], [2, 528, 3, 1, 1, 6108]]"
100,100,MLP_original,0.8652906999079987,0.8929387438688318,0.8652906999079987,0.9802785067088134,"[[1405, 0, 1, 0, 1, 189], [0, 1131, 3, 0, 1, 957], [0, 0, 10060, 2, 1, 880], [0, 0, 2, 2855, 2, 282], [1, 0, 1, 1, 3407, 203], [1, 0, 1, 0, 1, 6640]]"
100,100,RF_latent_zero,0.9066409991021714,0.929174376776658,0.9066409991021714,0.9871461911428753,"[[1185, 1, 368, 1, 0, 41], [0, 1830, 18, 0, 0, 244], [0, 1, 10533, 2, 0, 407], [0, 1, 7, 2955, 1, 177], [1, 113, 10, 0, 3329, 160], [0, 1, 10, 2, 1, 6629]]"
100,100,MLP_latent_zero,0.9523746121839158,0.9684827115934372,0.9523746121839158,0.9922175733209078,"[[1541, 1, 52, 1, 1, 0], [0, 1830, 261, 0, 0, 1], [1, 3, 10935, 2, 0, 2], [0, 1, 183, 2956, 1, 0], [1, 4, 166, 1, 3441, 0], [1, 5, 116, 2, 1, 6518]]"
100,100,RF_few,0.8691448057609513,0.8790784323546613,0.8691448057609513,0.9843066624615114,"[[721, 41, 821, 12, 1, 0], [0, 1962, 64, 1, 3, 62], [0, 408, 10525, 2, 0, 8], [0, 179, 29, 2930, 1, 2], [1, 165, 17, 0, 3426, 4], [0, 107, 9, 0, 1, 6526]]"
100,100,MLP_few,0.9205683710141409,0.9277870731629488,0.9205683710141409,0.9899173971763022,"[[1236, 1, 136, 181, 42, 0], [0, 1832, 2, 10, 245, 3], [0, 28, 10486, 18, 407, 4], [0, 1, 1, 2959, 179, 1], [1, 7, 1, 10, 3592, 2], [0, 18, 5, 9, 109, 6502]]"
100,100,FT_full_RF,0.9568469209060346,0.9467631312138742,0.9568469209060346,0.9928440470257951,"[[1452, 42, 98, 3, 1, 0], [0, 2079, 10, 2, 0, 1], [0, 408, 10530, 2, 1, 2], [0, 177, 5, 2958, 1, 0], [1, 163, 7, 3, 3437, 2], [1, 108, 5, 3, 1, 6525]]"
100,100,FT_full_MLP,0.9536300832784551,0.9546306552190463,0.9536300832784551,0.9927069195909689,"[[1540, 1, 11, 2, 42, 0], [0, 1831, 9, 1, 251, 0], [0, 1, 10524, 3, 413, 2], [0, 0, 1, 2959, 181, 0], [1, 4, 3, 3, 3601, 1], [1, 1, 8, 3, 112, 6518]]"
100,100,FT_freeze_RF,0.9576793262710455,0.9467706308720466,0.9576793262710455,0.9928870016929036,"[[1467, 43, 81, 4, 1, 0], [0, 2083, 7, 1, 0, 1], [0, 408, 10531, 2, 0, 2], [0, 177, 6, 2957, 1, 0], [1, 187, 7, 2, 3415, 1], [1, 108, 6, 2, 1, 6525]]"
100,100,FT_freeze_MLP,0.9518084222510756,0.9536640149762564,0.9518084222510756,0.9925421333603547,"[[1522, 1, 28, 3, 42, 0], [0, 1831, 14, 2, 244, 1], [0, 2, 10528, 2, 409, 2], [0, 0, 4, 2958, 179, 0], [1, 4, 3, 3, 3601, 1], [1, 3, 9, 1, 109, 6520]]"
100,100,FT_decoder_RF,0.9066409991021714,0.929174376776658,0.9066409991021714,0.9871461911428753,"[[1185, 1, 368, 1, 0, 41], [0, 1830, 18, 0, 0, 244], [0, 1, 10533, 2, 0, 407], [0, 1, 7, 2955, 1, 177], [1, 113, 10, 0, 3329, 160], [0, 1, 10, 2, 1, 6629]]"
100,100,FT_decoder_MLP,0.9523746121839158,0.9684827115934372,0.9523746121839158,0.9922175733209078,"[[1541, 1, 52, 1, 1, 0], [0, 1830, 261, 0, 0, 1], [1, 3, 10935, 2, 0, 2], [0, 1, 183, 2956, 1, 0], [1, 4, 166, 1, 3441, 0], [1, 5, 116, 2, 1, 6518]]"
100,100,FT_partial_RF,0.9327422928386374,0.9464729307550446,0.9327422928386374,0.9896841328839402,"[[1411, 14, 128, 2, 0, 41], [0, 1847, 2, 0, 0, 243], [0, 16, 10516, 3, 0, 408], [0, 6, 5, 2952, 1, 177], [1, 82, 6, 1, 3364, 159], [1, 8, 4, 2, 1, 6627]]"
100,100,FT_partial_MLP,0.9517248566212112,0.9671909309824351,0.9517248566212112,0.9921320700284301,"[[1528, 3, 59, 3, 3, 0], [0, 1841, 246, 0, 5, 0], [0, 7, 10915, 6, 13, 2], [0, 0, 180, 2958, 3, 0], [1, 2, 160, 4, 3446, 0], [1, 8, 110, 3, 11, 6510]]"
100,150,RF_original,0.9512117057934942,0.9293017341865486,0.9512117057934942,0.9898176050736739,"[[1533, 50, 5, 7, 1, 0], [0, 2089, 2, 0, 0, 1], [3, 566, 10371, 2, 0, 1], [0, 189, 2, 2948, 1, 1], [1, 199, 6, 2, 3405, 0], [2, 528, 3, 1, 1, 6108]]"
100,150,MLP_original,0.8652906999079987,0.8929387438688318,0.8652906999079987,0.9802785067088134,"[[1405, 0, 1, 0, 1, 189], [0, 1131, 3, 0, 1, 957], [0, 0, 10060, 2, 1, 880], [0, 0, 2, 2855, 2, 282], [1, 0, 1, 1, 3407, 203], [1, 0, 1, 0, 1, 6640]]"
100,150,RF_latent_zero,0.9066409991021714,0.929174376776658,0.9066409991021714,0.9871461911428753,"[[1185, 1, 368, 1, 0, 41], [0, 1830, 18, 0, 0, 244], [0, 1, 10533, 2, 0, 407], [0, 1, 7, 2955, 1, 177], [1, 113, 10, 0, 3329, 160], [0, 1, 10, 2, 1, 6629]]"
100,150,MLP_latent_zero,0.9523746121839158,0.9684827115934372,0.9523746121839158,0.9922175733209078,"[[1541, 1, 52, 1, 1, 0], [0, 1830, 261, 0, 0, 1], [1, 3, 10935, 2, 0, 2], [0, 1, 183, 2956, 1, 0], [1, 4, 166, 1, 3441, 0], [1, 5, 116, 2, 1, 6518]]"
100,150,RF_few,0.9498649596971437,0.9496155695806495,0.9498649596971437,0.9922754914171711,"[[1536, 0, 16, 41, 2, 1], [0, 1775, 21, 244, 4, 48], [1, 1, 10521, 408, 0, 12], [0, 1, 7, 3127, 1, 5], [1, 2, 6, 159, 3428, 17], [1, 0, 7, 107, 1, 6527]]"
100,150,MLP_few,0.951408917319671,0.9528263321421102,0.951408917319671,0.9924390166688769,"[[1520, 1, 32, 1, 42, 0], [1, 1838, 3, 1, 245, 4], [1, 4, 10517, 4, 411, 6], [3, 0, 7, 2948, 180, 3], [1, 4, 2, 2, 3601, 3], [1, 7, 5, 3, 109, 6518]]"
100,150,FT_full_RF,0.9633525475573115,0.948982433086079,0.9633525475573115,0.9933181987258615,"[[1539, 44, 12, 0, 1, 0], [0, 2087, 4, 0, 0, 1], [0, 415, 10523, 2, 0, 3], [0, 183, 2, 2954, 1, 1], [1, 231, 6, 1, 3372, 2], [1, 108, 3, 1, 1, 6529]]"
100,150,FT_full_MLP,0.9540009477224286,0.9690519290299262,0.9540009477224286,0.9924436959876634,"[[1544, 2, 48, 1, 1, 0], [0, 1845, 246, 0, 0, 1], [1, 9, 10928, 2, 0, 3], [0, 3, 180, 2957, 1, 0], [1, 6, 161, 2, 3442, 1], [1, 8, 109, 1, 1, 6523]]"
100,150,FT_freeze_RF,0.9640302059903201,0.949517702861022,0.9640302059903201,0.993417208561142,"[[1540, 44, 9, 2, 1, 0], [0, 2087, 4, 0, 0, 1], [0, 416, 10522, 2, 0, 3], [0, 182, 2, 2956, 1, 0], [1, 224, 3, 1, 3383, 1], [1, 108, 3, 2, 1, 6528]]"
100,150,FT_freeze_MLP,0.9554402950516158,0.9554702067420543,0.9554402950516158,0.9929244738867892,"[[1547, 2, 3, 2, 42, 0], [0, 1844, 2, 2, 243, 1], [1, 8, 10519, 5, 407, 3], [0, 2, 2, 2957, 179, 1], [1, 5, 2, 3, 3601, 1], [1, 2, 1, 4, 108, 6527]]"
100,150,FT_decoder_RF,0.9066409991021714,0.929174376776658,0.9066409991021714,0.9871461911428753,"[[1185, 1, 368, 1, 0, 41], [0, 1830, 18, 0, 0, 244], [0, 1, 10533, 2, 0, 407], [0, 1, 7, 2955, 1, 177], [1, 113, 10, 0, 3329, 160], [0, 1, 10, 2, 1, 6629]]"
100,150,FT_decoder_MLP,0.9523746121839158,0.9684827115934372,0.9523746121839158,0.9922175733209078,"[[1541, 1, 52, 1, 1, 0], [0, 1830, 261, 0, 0, 1], [1, 3, 10935, 2, 0, 2], [0, 1, 183, 2956, 1, 0], [1, 4, 166, 1, 3441, 0], [1, 5, 116, 2, 1, 6518]]"
100,150,FT_partial_RF,0.9448691399372997,0.9561688808018788,0.9448691399372997,0.9908679290167269,"[[1509, 2, 43, 0, 1, 41], [0, 1846, 3, 0, 0, 243], [0, 8, 10523, 3, 0, 409], [0, 2, 6, 2955, 1, 177], [1, 42, 8, 2, 3401, 159], [1, 6, 7, 1, 1, 6627]]"
100,150,FT_partial_MLP,0.953214473529535,0.9687369092823587,0.953214473529535,0.9923143415610349,"[[1544, 1, 49, 1, 1, 0], [0, 1836, 252, 0, 4, 0], [0, 5, 10927, 4, 3, 4], [0, 0, 180, 2957, 4, 0], [1, 4, 162, 2, 3443, 1], [1, 5, 113, 1, 4, 6519]]"
100,200,RF_original,0.9512117057934942,0.9293017341865486,0.9512117057934942,0.9898176050736739,"[[1533, 50, 5, 7, 1, 0], [0, 2089, 2, 0, 0, 1], [3, 566, 10371, 2, 0, 1], [0, 189, 2, 2948, 1, 1], [1, 199, 6, 2, 3405, 0], [2, 528, 3, 1, 1, 6108]]"
100,200,MLP_original,0.8652906999079987,0.8929387438688318,0.8652906999079987,0.9802785067088134,"[[1405, 0, 1, 0, 1, 189], [0, 1131, 3, 0, 1, 957], [0, 0, 10060, 2, 1, 880], [0, 0, 2, 2855, 2, 282], [1, 0, 1, 1, 3407, 203], [1, 0, 1, 0, 1, 6640]]"
100,200,RF_latent_zero,0.9066409991021714,0.929174376776658,0.9066409991021714,0.9871461911428753,"[[1185, 1, 368, 1, 0, 41], [0, 1830, 18, 0, 0, 244], [0, 1, 10533, 2, 0, 407], [0, 1, 7, 2955, 1, 177], [1, 113, 10, 0, 3329, 160], [0, 1, 10, 2, 1, 6629]]"
100,200,MLP_latent_zero,0.9523746121839158,0.9684827115934372,0.9523746121839158,0.9922175733209078,"[[1541, 1, 52, 1, 1, 0], [0, 1830, 261, 0, 0, 1], [1, 3, 10935, 2, 0, 2], [0, 1, 183, 2956, 1, 0], [1, 4, 166, 1, 3441, 0], [1, 5, 116, 2, 1, 6518]]"
100,200,RF_few,0.9524284663707322,0.9514796351471687,0.9524284663707322,0.9925542247072842,"[[1532, 0, 20, 42, 1, 1], [0, 1810, 20, 244, 2, 16], [0, 2, 10522, 408, 0, 11], [0, 2, 8, 3126, 1, 4], [1, 6, 7, 159, 3433, 7], [1, 0, 6, 108, 1, 6527]]"
100,200,MLP_few,0.9482508885474532,0.9490353644048545,0.9482508885474532,0.9921772102252241,"[[1478, 2, 72, 41, 1, 2], [0, 1831, 3, 243, 1, 14], [1, 2, 10518, 409, 0, 13], [0, 1, 19, 3117, 2, 2], [1, 5, 4, 158, 3439, 6], [1, 1, 4, 107, 1, 6529]]"
100,200,FT_full_RF,0.9652351550198905,0.9510160383890435,0.9652351550198905,0.9935888808839174,"[[1537, 44, 14, 0, 1, 0], [0, 2087, 4, 0, 0, 1], [0, 415, 10522, 3, 0, 3], [0, 182, 1, 2956, 1, 1], [1, 189, 3, 2, 3417, 1], [1, 110, 3, 2, 1, 6526]]"
100,200,FT_full_MLP,0.9554494084208153,0.9553590137252449,0.9554494084208153,0.9929032371878348,"[[1549, 2, 2, 1, 42, 0], [0, 1843, 3, 1, 244, 1], [1, 6, 10521, 4, 408, 3], [0, 3, 1, 2957, 180, 0], [1, 5, 2, 3, 3601, 1], [2, 6, 3, 3, 108, 6521]]"
100,200,FT_freeze_RF,0.965878908134567,0.9512776481232671,0.965878908134567,0.993646237482917,"[[1543, 44, 7, 1, 1, 0], [0, 2088, 2, 0, 0, 2], [0, 417, 10520, 3, 0, 3], [0, 182, 2, 2955, 1, 1], [1, 189, 2, 2, 3418, 1], [1, 112, 2, 2, 1, 6525]]"
100,200,FT_freeze_MLP,0.9556827124412385,0.9554576550334302,0.9556827124412385,0.992917438901595,"[[1550, 2, 1, 1, 42, 0], [0, 1845, 2, 1, 244, 0], [1, 9, 10519, 4, 407, 3], [0, 2, 1, 2957, 181, 0], [1, 5, 2, 3, 3601, 1], [1, 7, 3, 2, 109, 6521]]"
100,200,FT_decoder_RF,0.9066409991021714,0.929174376776658,0.9066409991021714,0.9871461911428753,"[[1185, 1, 368, 1, 0, 41], [0, 1830, 18, 0, 0, 244], [0, 1, 10533, 2, 0, 407], [0, 1, 7, 2955, 1, 177], [1, 113, 10, 0, 3329, 160], [0, 1, 10, 2, 1, 6629]]"
100,200,FT_decoder_MLP,0.9523746121839158,0.9684827115934372,0.9523746121839158,0.9922175733209078,"[[1541, 1, 52, 1, 1, 0], [0, 1830, 261, 0, 0, 1], [1, 3, 10935, 2, 0, 2], [0, 1, 183, 2956, 1, 0], [1, 4, 166, 1, 3441, 0], [1, 5, 116, 2, 1, 6518]]"
100,200,FT_partial_RF,0.9450536784660993,0.9563024437793262,0.9450536784660993,0.9909118669428761,"[[1507, 4, 44, 0, 0, 41], [0, 1848, 1, 0, 0, 243], [0, 13, 10518, 3, 0, 409], [0, 4, 6, 2952, 1, 178], [1, 34, 5, 2, 3409, 162], [1, 5, 4, 1, 1, 6631]]"
100,200,FT_partial_MLP,0.9534956658321406,0.9687900279492861,0.9534956658321406,0.9923662947655507,"[[1540, 2, 53, 0, 1, 0], [0, 1845, 247, 0, 0, 0], [0, 10, 10926, 3, 0, 4], [0, 1, 180, 2956, 3, 1], [1, 6, 160, 2, 3443, 1], [1, 7, 111, 1, 2, 6521]]"
100,250,RF_original,0.9512117057934942,0.9293017341865486,0.9512117057934942,0.9898176050736739,"[[1533, 50, 5, 7, 1, 0], [0, 2089, 2, 0, 0, 1], [3, 566, 10371, 2, 0, 1], [0, 189, 2, 2948, 1, 1], [1, 199, 6, 2, 3405, 0], [2, 528, 3, 1, 1, 6108]]"
100,250,MLP_original,0.8652906999079987,0.8929387438688318,0.8652906999079987,0.9802785067088134,"[[1405, 0, 1, 0, 1, 189], [0, 1131, 3, 0, 1, 957], [0, 0, 10060, 2, 1, 880], [0, 0, 2, 2855, 2, 282], [1, 0, 1, 1, 3407, 203], [1, 0, 1, 0, 1, 6640]]"
100,250,RF_latent_zero,0.9066409991021714,0.929174376776658,0.9066409991021714,0.9871461911428753,"[[1185, 1, 368, 1, 0, 41], [0, 1830, 18, 0, 0, 244], [0, 1, 10533, 2, 0, 407], [0, 1, 7, 2955, 1, 177], [1, 113, 10, 0, 3329, 160], [0, 1, 10, 2, 1, 6629]]"
100,250,MLP_latent_zero,0.9523746121839158,0.9684827115934372,0.9523746121839158,0.9922175733209078,"[[1541, 1, 52, 1, 1, 0], [0, 1830, 261, 0, 0, 1], [1, 3, 10935, 2, 0, 2], [0, 1, 183, 2956, 1, 0], [1, 4, 166, 1, 3441, 0], [1, 5, 116, 2, 1, 6518]]"
100,250,RF_few,0.9495904842966301,0.9519745266767279,0.9495904842966301,0.9921977209811575,"[[1528, 0, 24, 0, 43, 1], [0, 1810, 24, 1, 245, 12], [1, 3, 10521, 2, 406, 10], [0, 1, 9, 2946, 178, 7], [1, 6, 5, 1, 3589, 11], [1, 2, 6, 1, 108, 6525]]"
100,250,MLP_few,0.952656931304424,0.9534546822177444,0.952656931304424,0.9925420129943214,"[[1534, 2, 17, 0, 42, 1], [0, 1837, 1, 0, 248, 6], [1, 4, 10505, 3, 424, 6], [2, 2, 6, 2946, 184, 1], [2, 7, 1, 0, 3600, 3], [1, 1, 2, 1, 112, 6526]]"
100,250,FT_full_RF,0.9517011086000008,0.9668830337632724,0.9517011086000008,0.9921787139393358,"[[1534, 2, 59, 0, 1, 0], [0, 1846, 245, 0, 0, 1], [0, 9, 10929, 2, 0, 3], [0, 5, 181, 2954, 1, 0], [1, 34, 161, 2, 3414, 1], [1, 2, 110, 2, 1, 6527]]"
100,250,FT_full_MLP,0.9541302436366942,0.9690164761859662,0.9541302436366942,0.9924457299834869,"[[1546, 4, 44, 1, 1, 0], [0, 1846, 246, 0, 0, 0], [0, 9, 10929, 3, 0, 2], [0, 4, 180, 2956, 1, 0], [1, 6, 161, 3, 3441, 1], [1, 8, 111, 2, 1, 6520]]"
100,250,FT_freeze_RF,0.9647769602273156,0.9505483485903158,0.9647769602273156,0.9935162713380782,"[[1539, 43, 13, 0, 1, 0], [0, 2087, 4, 0, 0, 1], [0, 413, 10525, 2, 0, 3], [0, 184, 3, 2953, 1, 0], [1, 200, 4, 2, 3405, 1], [1, 109, 4, 2, 1, 6526]]"
100,250,FT_freeze_MLP,0.9543237601738435,0.9693086856113968,0.9543237601738435,0.9924672793842332,"[[1547, 3, 45, 0, 1, 0], [0, 1847, 245, 0, 0, 0], [0, 6, 10931, 3, 0, 3], [0, 3, 181, 2956, 1, 0], [1, 7, 161, 3, 3440, 1], [1, 8, 111, 1, 1, 6521]]"
100,250,FT_decoder_RF,0.9066409991021714,0.929174376776658,0.9066409991021714,0.9871461911428753,"[[1185, 1, 368, 1, 0, 41], [0, 1830, 18, 0, 0, 244], [0, 1, 10533, 2, 0, 407], [0, 1, 7, 2955, 1, 177], [1, 113, 10, 0, 3329, 160], [0, 1, 10, 2, 1, 6629]]"
100,250,FT_decoder_MLP,0.9523746121839158,0.9684827115934372,0.9523746121839158,0.9922175733209078,"[[1541, 1, 52, 1, 1, 0], [0, 1830, 261, 0, 0, 1], [1, 3, 10935, 2, 0, 2], [0, 1, 183, 2956, 1, 0], [1, 4, 166, 1, 3441, 0], [1, 5, 116, 2, 1, 6518]]"
100,250,FT_partial_RF,0.942814797304352,0.9551672278060405,0.942814797304352,0.9907474240705315,"[[1482, 4, 68, 0, 1, 41], [0, 1846, 1, 0, 0, 245], [0, 10, 10517, 6, 0, 410], [0, 2, 4, 2954, 1, 180], [1, 30, 3, 2, 3418, 159], [1, 3, 1, 5, 1, 6632]]"
100,250,FT_partial_MLP,0.9520778240358116,0.9679111206443362,0.9520778240358116,0.9922329490178196,"[[1528, 1, 64, 2, 1, 0], [0, 1843, 248, 0, 0, 1], [0, 8, 10924, 6, 1, 4], [0, 1, 180, 2956, 3, 1], [1, 6, 159, 3, 3443, 1], [1, 6, 110, 2, 2, 6522]]"
150,50,RF_original,0.9512117057934942,0.9293017341865486,0.9512117057934942,0.9898176050736739,"[[1533, 50, 5, 7, 1, 0], [0, 2089, 2, 0, 0, 1], [3, 566, 10371, 2, 0, 1], [0, 189, 2, 2948, 1, 1], [1, 199, 6, 2, 3405, 0], [2, 528, 3, 1, 1, 6108]]"
150,50,MLP_original,0.8652906999079987,0.8929387438688318,0.8652906999079987,0.9802785067088134,"[[1405, 0, 1, 0, 1, 189], [0, 1131, 3, 0, 1, 957], [0, 0, 10060, 2, 1, 880], [0, 0, 2, 2855, 2, 282], [1, 0, 1, 1, 3407, 203], [1, 0, 1, 0, 1, 6640]]"
150,50,RF_latent_zero,0.9066409991021714,0.929174376776658,0.9066409991021714,0.9871461911428753,"[[1185, 1, 368, 1, 0, 41], [0, 1830, 18, 0, 0, 244], [0, 1, 10533, 2, 0, 407], [0, 1, 7, 2955, 1, 177], [1, 113, 10, 0, 3329, 160], [0, 1, 10, 2, 1, 6629]]"
150,50,MLP_latent_zero,0.9523746121839158,0.9684827115934372,0.9523746121839158,0.9922175733209078,"[[1541, 1, 52, 1, 1, 0], [0, 1830, 261, 0, 0, 1], [1, 3, 10935, 2, 0, 2], [0, 1, 183, 2956, 1, 0], [1, 4, 166, 1, 3441, 0], [1, 5, 116, 2, 1, 6518]]"
150,50,RF_few,0.7743893822235005,0.789624598356412,0.7743893822235005,0.9751373482474991,"[[42, 3, 1510, 37, 1, 3], [243, 1754, 58, 0, 6, 31], [406, 2, 10517, 2, 10, 6], [177, 3, 151, 2802, 7, 1], [158, 4, 13, 0, 3423, 15], [108, 2, 7, 0, 9, 6517]]"
150,50,MLP_few,0.9020179195289527,0.8967716659596169,0.9020179195289527,0.987821760383866,"[[1164, 2, 356, 71, 2, 1], [252, 1810, 4, 16, 8, 2], [431, 4, 10486, 18, 1, 3], [187, 4, 4, 2944, 1, 1], [184, 9, 3, 2, 3413, 2], [126, 13, 3, 4, 4, 6493]]"
150,50,FT_full_RF,0.9279608707090542,0.9350893777253498,0.9279608707090542,0.9901431891704545,"[[1327, 4, 218, 5, 42, 0], [0, 1845, 4, 0, 243, 0], [0, 10, 10523, 2, 406, 2], [0, 6, 3, 2954, 178, 0], [1, 93, 3, 2, 3507, 7], [1, 8, 3, 2, 108, 6521]]"
150,50,FT_full_MLP,0.9454150615095754,0.9492636669119294,0.9454150615095754,0.9919767347127221,"[[1451, 1, 96, 6, 42, 0], [0, 1846, 3, 0, 243, 0], [0, 7, 10525, 2, 407, 2], [0, 2, 3, 2957, 179, 0], [1, 5, 3, 2, 3601, 1], [1, 13, 2, 1, 109, 6517]]"
150,50,FT_freeze_RF,0.938930377544614,0.943223111682561,0.938930377544614,0.9912707745321891,"[[1414, 4, 130, 6, 42, 0], [0, 1847, 2, 0, 243, 0], [0, 10, 10523, 2, 406, 2], [0, 7, 3, 2953, 178, 0], [1, 61, 2, 1, 3545, 3], [1, 7, 2, 3, 108, 6522]]"
150,50,FT_freeze_MLP,0.9533116883506448,0.9539592268468753,0.9533116883506448,0.9926997477969778,"[[1527, 1, 22, 3, 43, 0], [0, 1846, 2, 0, 244, 0], [0, 7, 10521, 3, 410, 2], [0, 2, 1, 2957, 181, 0], [1, 6, 1, 2, 3602, 1], [1, 13, 2, 1, 110, 6516]]"
150,50,FT_decoder_RF,0.9066409991021714,0.929174376776658,0.9066409991021714,0.9871461911428753,"[[1185, 1, 368, 1, 0, 41], [0, 1830, 18, 0, 0, 244], [0, 1, 10533, 2, 0, 407], [0, 1, 7, 2955, 1, 177], [1, 113, 10, 0, 3329, 160], [0, 1, 10, 2, 1, 6629]]"
150,50,FT_decoder_MLP,0.9523746121839158,0.9684827115934372,0.9523746121839158,0.9922175733209078,"[[1541, 1, 52, 1, 1, 0], [0, 1830, 261, 0, 0, 1], [1, 3, 10935, 2, 0, 2], [0, 1, 183, 2956, 1, 0], [1, 4, 166, 1, 3441, 0], [1, 5, 116, 2, 1, 6518]]"
150,50,FT_partial_RF,0.9281462199516026,0.9462967737374494,0.9281462199516026,0.989403773090242,"[[1334, 11, 204, 0, 0, 47], [0, 1845, 1, 0, 0, 246], [0, 16, 10506, 2, 0, 419], [0, 2, 2, 2955, 1, 181], [1, 9, 3, 0, 3436, 164], [1, 1, 2, 0, 1, 6638]]"
150,50,FT_partial_MLP,0.9467743586936616,0.9637847907097387,0.9467743586936616,0.9917758110168108,"[[1476, 20, 96, 3, 1, 0], [0, 1847, 245, 0, 0, 0], [0, 19, 10916, 2, 1, 5], [0, 2, 180, 2955, 1, 3], [1, 9, 160, 0, 3441, 2], [1, 7, 109, 0, 1, 6525]]"
150,100,RF_original,0.9512117057934942,0.9293017341865486,0.9512117057934942,0.9898176050736739,"[[1533, 50, 5, 7, 1, 0], [0, 2089, 2, 0, 0, 1], [3, 566, 10371, 2, 0, 1], [0, 189, 2, 2948, 1, 1], [1, 199, 6, 2, 3405, 0], [2, 528, 3, 1, 1, 6108]]"
150,100,MLP_original,0.8652906999079987,0.8929387438688318,0.8652906999079987,0.9802785067088134,"[[1405, 0, 1, 0, 1, 189], [0, 1131, 3, 0, 1, 957], [0, 0, 10060, 2, 1, 880], [0, 0, 2, 2855, 2, 282], [1, 0, 1, 1, 3407, 203], [1, 0, 1, 0, 1, 6640]]"
150,100,RF_latent_zero,0.9066409991021714,0.929174376776658,0.9066409991021714,0.9871461911428753,"[[1185, 1, 368, 1, 0, 41], [0, 1830, 18, 0, 0, 244], [0, 1, 10533, 2, 0, 407], [0, 1, 7, 2955, 1, 177], [1, 113, 10, 0, 3329, 160], [0, 1, 10, 2, 1, 6629]]"
150,100,MLP_latent_zero,0.9523746121839158,0.9684827115934372,0.9523746121839158,0.9922175733209078,"[[1541, 1, 52, 1, 1, 0], [0, 1830, 261, 0, 0, 1], [1, 3, 10935, 2, 0, 2], [0, 1, 183, 2956, 1, 0], [1, 4, 166, 1, 3441, 0], [1, 5, 116, 2, 1, 6518]]"
150,100,RF_few,0.8691448057609513,0.8790784323546613,0.8691448057609513,0.9843066624615114,"[[721, 41, 821, 12, 1, 0], [0, 1962, 64, 1, 3, 62], [0, 408, 10525, 2, 0, 8], [0, 179, 29, 2930, 1, 2], [1, 165, 17, 0, 3426, 4], [0, 107, 9, 0, 1, 6526]]"
150,100,MLP_few,0.9367824302273521,0.9435318737086197,0.9367824302273521,0.9910179089845205,"[[1415, 0, 130, 6, 42, 3], [1, 1796, 8, 1, 247, 39], [1, 5, 10513, 6, 409, 9], [0, 0, 11, 2947, 181, 2], [1, 2, 3, 0, 3595, 12], [1, 6, 4, 2, 109, 6521]]"
150,100,FT_full_RF,0.9512656534365985,0.9420316228060471,0.9512656534365985,0.9922257018104368,"[[1413, 43, 134, 5, 1, 0], [0, 2087, 4, 0, 0, 1], [0, 414, 10524, 2, 0, 3], [0, 182, 2, 2955, 1, 1], [1, 207, 5, 1, 3397, 2], [1, 109, 7, 2, 1, 6523]]"
150,100,FT_full_MLP,0.9522323872632715,0.9678275628184979,0.9522323872632715,0.9922690018763616,"[[1528, 3, 62, 2, 1, 0], [0, 1846, 246, 0, 0, 0], [0, 8, 10929, 3, 0, 3], [0, 4, 179, 2957, 1, 0], [1, 8, 160, 3, 3440, 1], [1, 10, 111, 1, 1, 6519]]"
150,100,FT_freeze_RF,0.9528255899575037,0.9433819387819122,0.9528255899575037,0.992414624655383,"[[1422, 43, 126, 4, 1, 0], [0, 2087, 4, 0, 0, 1], [0, 412, 10526, 2, 0, 3], [0, 181, 3, 2956, 1, 0], [1, 196, 6, 1, 3407, 2], [1, 108, 5, 2, 1, 6526]]"
150,100,FT_freeze_MLP,0.9529765731202442,0.9539833659644019,0.9529765731202442,0.9926865524554064,"[[1524, 2, 24, 4, 42, 0], [0, 1845, 3, 0, 243, 1], [0, 7, 10524, 3, 406, 3], [0, 3, 3, 2957, 178, 0], [1, 5, 3, 4, 3599, 1], [1, 7, 3, 2, 108, 6522]]"
150,100,FT_decoder_RF,0.9066409991021714,0.929174376776658,0.9066409991021714,0.9871461911428753,"[[1185, 1, 368, 1, 0, 41], [0, 1830, 18, 0, 0, 244], [0, 1, 10533, 2, 0, 407], [0, 1, 7, 2955, 1, 177], [1, 113, 10, 0, 3329, 160], [0, 1, 10, 2, 1, 6629]]"
150,100,FT_decoder_MLP,0.9523746121839158,0.9684827115934372,0.9523746121839158,0.9922175733209078,"[[1541, 1, 52, 1, 1, 0], [0, 1830, 261, 0, 0, 1], [1, 3, 10935, 2, 0, 2], [0, 1, 183, 2956, 1, 0], [1, 4, 166, 1, 3441, 0], [1, 5, 116, 2, 1, 6518]]"
150,100,FT_partial_RF,0.9375779341575757,0.950729945962922,0.9375779341575757,0.990178113612039,"[[1442, 13, 98, 2, 0, 41], [0, 1847, 2, 0, 0, 243], [0, 17, 10511, 6, 0, 409], [0, 5, 4, 2954, 1, 177], [1, 41, 6, 5, 3398, 162], [1, 7, 4, 3, 1, 6627]]"
150,100,FT_partial_MLP,0.9528203717386673,0.9680493128857323,0.9528203717386673,0.992240796405016,"[[1542, 1, 48, 2, 3, 0], [0, 1835, 246, 4, 7, 0], [0, 1, 10916, 8, 16, 2], [0, 0, 180, 2958, 3, 0], [1, 2, 159, 3, 3447, 1], [1, 2, 111, 8, 9, 6512]]"
150,150,RF_original,0.9512117057934942,0.9293017341865486,0.9512117057934942,0.9898176050736739,"[[1533, 50, 5, 7, 1, 0], [0, 2089, 2, 0, 0, 1], [3, 566, 10371, 2, 0, 1], [0, 189, 2, 2948, 1, 1], [1, 199, 6, 2, 3405, 0], [2, 528, 3, 1, 1, 6108]]"
150,150,MLP_original,0.8652906999079987,0.8929387438688318,0.8652906999079987,0.9802785067088134,"[[1405, 0, 1, 0, 1, 189], [0, 1131, 3, 0, 1, 957], [0, 0, 10060, 2, 1, 880], [0, 0, 2, 2855, 2, 282], [1, 0, 1, 1, 3407, 203], [1, 0, 1, 0, 1, 6640]]"
150,150,RF_latent_zero,0.9066409991021714,0.929174376776658,0.9066409991021714,0.9871461911428753,"[[1185, 1, 368, 1, 0, 41], [0, 1830, 18, 0, 0, 244], [0, 1, 10533, 2, 0, 407], [0, 1, 7, 2955, 1, 177], [1, 113, 10, 0, 3329, 160], [0, 1, 10, 2, 1, 6629]]"
150,150,MLP_latent_zero,0.9523746121839158,0.9684827115934372,0.9523746121839158,0.9922175733209078,"[[1541, 1, 52, 1, 1, 0], [0, 1830, 261, 0, 0, 1], [1, 3, 10935, 2, 0, 2], [0, 1, 183, 2956, 1, 0], [1, 4, 166, 1, 3441, 0], [1, 5, 116, 2, 1, 6518]]"
150,150,RF_few,0.9498649596971437,0.9496155695806495,0.9498649596971437,0.9922754914171711,"[[1536, 0, 16, 41, 2, 1], [0, 1775, 21, 244, 4, 48], [1, 1, 10521, 408, 0, 12], [0, 1, 7, 3127, 1, 5], [1, 2, 6, 159, 3428, 17], [1, 0, 7, 107, 1, 6527]]"
150,150,MLP_few,0.9512143585769518,0.9526227935264538,0.9512143585769518,0.9923922179260126,"[[1527, 1, 24, 1, 42, 1], [1, 1831, 2, 1, 243, 14], [0, 6, 10517, 3, 407, 10], [5, 1, 7, 2947, 178, 3], [1, 3, 7, 0, 3592, 10], [2, 6, 4, 1, 108, 6522]]"
150,150,FT_full_RF,0.9646542130582896,0.9503011771568287,0.9646542130582896,0.99350704602671,"[[1541, 44, 8, 2, 1, 0], [0, 2086, 4, 1, 0, 1], [0, 412, 10525, 3, 0, 3], [0, 179, 3, 2956, 1, 2], [1, 208, 3, 3, 3395, 3], [1, 108, 3, 2, 1, 6528]]"
150,150,FT_full_MLP,0.9573225774884078,0.9543879524119235,0.9573225774884078,0.9931480237038363,"[[1547, 1, 4, 43, 1, 0], [0, 1842, 3, 246, 0, 1], [1, 6, 10521, 411, 0, 4], [0, 2, 3, 3134, 1, 1], [1, 6, 3, 161, 3441, 1], [1, 3, 2, 109, 1, 6527]]"
150,150,FT_freeze_RF,0.9656314954044478,0.9512565260368108,0.9656314954044478,0.9936171151177962,"[[1542, 44, 7, 2, 1, 0], [0, 2086, 3, 1, 0, 2], [0, 415, 10522, 3, 0, 3], [0, 179, 3, 2956, 1, 2], [1, 187, 4, 4, 3416, 1], [1, 108, 4, 3, 1, 6526]]"
150,150,FT_freeze_MLP,0.9573643288806739,0.9542929569089221,0.9573643288806739,0.9931534149818747,"[[1548, 1, 4, 42, 1, 0], [0, 1841, 3, 246, 2, 0], [1, 5, 10521, 411, 2, 3], [0, 3, 2, 3134, 2, 0], [1, 5, 2, 161, 3443, 1], [1, 5, 1, 111, 1, 6524]]"
150,150,FT_decoder_RF,0.9066409991021714,0.929174376776658,0.9066409991021714,0.9871461911428753,"[[1185, 1, 368, 1, 0, 41], [0, 1830, 18, 0, 0, 244], [0, 1, 10533, 2, 0, 407], [0, 1, 7, 2955, 1, 177], [1, 113, 10, 0, 3329, 160], [0, 1, 10, 2, 1, 6629]]"
150,150,FT_decoder_MLP,0.9523746121839158,0.9684827115934372,0.9523746121839158,0.9922175733209078,"[[1541, 1, 52, 1, 1, 0], [0, 1830, 261, 0, 0, 1], [1, 3, 10935, 2, 0, 2], [0, 1, 183, 2956, 1, 0], [1, 4, 166, 1, 3441, 0], [1, 5, 116, 2, 1, 6518]]"
150,150,FT_partial_RF,0.9416422783423523,0.9528153968354115,0.9416422783423523,0.9905332586543837,"[[1489, 5, 60, 1, 0, 41], [0, 1848, 1, 0, 0, 243], [0, 14, 10516, 3, 0, 410], [0, 6, 4, 2952, 1, 178], [1, 69, 4, 3, 3377, 159], [1, 6, 3, 2, 1, 6630]]"
150,150,FT_partial_MLP,0.9533689235342604,0.9687599623483379,0.9533689235342604,0.9923612212774714,"[[1539, 1, 53, 2, 1, 0], [0, 1843, 246, 0, 3, 0], [0, 8, 10925, 3, 3, 4], [0, 0, 180, 2958, 3, 0], [1, 5, 160, 2, 3444, 1], [1, 6, 111, 1, 3, 6521]]"
150,200,RF_original,0.9512117057934942,0.9293017341865486,0.9512117057934942,0.9898176050736739,"[[1533, 50, 5, 7, 1, 0], [0, 2089, 2, 0, 0, 1], [3, 566, 10371, 2, 0, 1], [0, 189, 2, 2948, 1, 1], [1, 199, 6, 2, 3405, 0], [2, 528, 3, 1, 1, 6108]]"
150,200,MLP_original,0.8652906999079987,0.8929387438688318,0.8652906999079987,0.9802785067088134,"[[1405, 0, 1, 0, 1, 189], [0, 1131, 3, 0, 1, 957], [0, 0, 10060, 2, 1, 880], [0, 0, 2, 2855, 2, 282], [1, 0, 1, 1, 3407, 203], [1, 0, 1, 0, 1, 6640]]"
150,200,RF_latent_zero,0.9066409991021714,0.929174376776658,0.9066409991021714,0.9871461911428753,"[[1185, 1, 368, 1, 0, 41], [0, 1830, 18, 0, 0, 244], [0, 1, 10533, 2, 0, 407], [0, 1, 7, 2955, 1, 177], [1, 113, 10, 0, 3329, 160], [0, 1, 10, 2, 1, 6629]]"
150,200,MLP_latent_zero,0.9523746121839158,0.9684827115934372,0.9523746121839158,0.9922175733209078,"[[1541, 1, 52, 1, 1, 0], [0, 1830, 261, 0, 0, 1], [1, 3, 10935, 2, 0, 2], [0, 1, 183, 2956, 1, 0], [1, 4, 166, 1, 3441, 0], [1, 5, 116, 2, 1, 6518]]"
150,200,RF_few,0.9524284663707322,0.9514796351471687,0.9524284663707322,0.9925542247072842,"[[1532, 0, 20, 42, 1, 1], [0, 1810, 20, 244, 2, 16], [0, 2, 10522, 408, 0, 11], [0, 2, 8, 3126, 1, 4], [1, 6, 7, 159, 3433, 7], [1, 0, 6, 108, 1, 6527]]"
150,200,MLP_few,0.952606089370275,0.9515607684280938,0.952606089370275,0.9925425038225514,"[[1546, 1, 6, 0, 42, 1], [5, 1838, 1, 0, 245, 3], [6, 4, 10516, 3, 408, 6], [30, 2, 7, 2920, 181, 1], [5, 6, 1, 0, 3599, 2], [8, 3, 3, 0, 108, 6521]]"
150,200,FT_full_RF,0.9643890287615952,0.9497274408821776,0.9643890287615952,0.9934467448610418,"[[1542, 45, 7, 1, 1, 0], [0, 2088, 3, 0, 0, 1], [0, 417, 10522, 2, 0, 2], [0, 184, 2, 2954, 1, 0], [1, 216, 4, 1, 3389, 2], [1, 113, 2, 2, 1, 6524]]"
150,200,FT_full_MLP,0.9556328642177595,0.9552350796021661,0.9556328642177595,0.9929203720237104,"[[1549, 2, 2, 1, 42, 0], [0, 1846, 2, 0, 244, 0], [1, 11, 10519, 3, 407, 2], [0, 3, 1, 2957, 180, 0], [1, 6, 1, 3, 3601, 1], [2, 10, 1, 1, 109, 6520]]"
150,200,FT_freeze_RF,0.9640703737467514,0.9495129021523628,0.9640703737467514,0.9934107824867023,"[[1539, 45, 10, 1, 1, 0], [0, 2088, 3, 0, 0, 1], [0, 419, 10520, 2, 0, 2], [0, 184, 2, 2954, 1, 0], [1, 217, 3, 1, 3389, 2], [1, 110, 3, 3, 1, 6525]]"
150,200,FT_freeze_MLP,0.9554575476076952,0.9550745191348416,0.9554575476076952,0.9929017710514021,"[[1547, 2, 3, 2, 42, 0], [0, 1847, 2, 0, 243, 0], [1, 11, 10519, 3, 407, 2], [1, 3, 2, 2957, 178, 0], [1, 7, 1, 3, 3600, 1], [2, 9, 1, 3, 108, 6520]]"
150,200,FT_decoder_RF,0.9066409991021714,0.929174376776658,0.9066409991021714,0.9871461911428753,"[[1185, 1, 368, 1, 0, 41], [0, 1830, 18, 0, 0, 244], [0, 1, 10533, 2, 0, 407], [0, 1, 7, 2955, 1, 177], [1, 113, 10, 0, 3329, 160], [0, 1, 10, 2, 1, 6629]]"
150,200,FT_decoder_MLP,0.9523746121839158,0.9684827115934372,0.9523746121839158,0.9922175733209078,"[[1541, 1, 52, 1, 1, 0], [0, 1830, 261, 0, 0, 1], [1, 3, 10935, 2, 0, 2], [0, 1, 183, 2956, 1, 0], [1, 4, 166, 1, 3441, 0], [1, 5, 116, 2, 1, 6518]]"
150,200,FT_partial_RF,0.9455620190453211,0.9566501929847434,0.9455620190453211,0.9909679335795437,"[[1514, 4, 37, 0, 0, 41], [0, 1845, 3, 0, 0, 244], [0, 9, 10520, 4, 0, 410], [0, 3, 5, 2953, 1, 179], [1, 37, 6, 1, 3407, 161], [1, 6, 3, 0, 1, 6632]]"
150,200,FT_partial_MLP,0.953221731700144,0.9685620938951863,0.953221731700144,0.9923297522625542,"[[1537, 2, 56, 0, 1, 0], [0, 1846, 246, 0, 0, 0], [0, 12, 10925, 2, 0, 4], [0, 1, 180, 2956, 1, 3], [1, 7, 161, 0, 3443, 1], [1, 9, 111, 0, 2, 6520]]"
150,250,RF_original,0.9512117057934942,0.9293017341865486,0.9512117057934942,0.9898176050736739,"[[1533, 50, 5, 7, 1, 0], [0, 2089, 2, 0, 0, 1], [3, 566, 10371, 2, 0, 1], [0, 189, 2, 2948, 1, 1], [1, 199, 6, 2, 3405, 0], [2, 528, 3, 1, 1, 6108]]"
150,250,MLP_original,0.8652906999079987,0.8929387438688318,0.8652906999079987,0.9802785067088134,"[[1405, 0, 1, 0, 1, 189], [0, 1131, 3, 0, 1, 957], [0, 0, 10060, 2, 1, 880], [0, 0, 2, 2855, 2, 282], [1, 0, 1, 1, 3407, 203], [1, 0, 1, 0, 1, 6640]]"
150,250,RF_latent_zero,0.9066409991021714,0.929174376776658,0.9066409991021714,0.9871461911428753,"[[1185, 1, 368, 1, 0, 41], [0, 1830, 18, 0, 0, 244], [0, 1, 10533, 2, 0, 407], [0, 1, 7, 2955, 1, 177], [1, 113, 10, 0, 3329, 160], [0, 1, 10, 2, 1, 6629]]"
150,250,MLP_latent_zero,0.9523746121839158,0.9684827115934372,0.9523746121839158,0.9922175733209078,"[[1541, 1, 52, 1, 1, 0], [0, 1830, 261, 0, 0, 1], [1, 3, 10935, 2, 0, 2], [0, 1, 183, 2956, 1, 0], [1, 4, 166, 1, 3441, 0], [1, 5, 116, 2, 1, 6518]]"
150,250,RF_few,0.9495904842966301,0.9519745266767279,0.9495904842966301,0.9921977209811575,"[[1528, 0, 24, 0, 43, 1], [0, 1810, 24, 1, 245, 12], [1, 3, 10521, 2, 406, 10], [0, 1, 9, 2946, 178, 7], [1, 6, 5, 1, 3589, 11], [1, 2, 6, 1, 108, 6525]]"
150,250,MLP_few,0.9496881886961032,0.9514906078386964,0.9496881886961032,0.9922773065159939,"[[1509, 3, 40, 2, 42, 0], [0, 1837, 2, 0, 245, 8], [1, 5, 10516, 3, 407, 11], [3, 2, 7, 2947, 180, 2], [1, 13, 4, 3, 3588, 4], [1, 5, 3, 1, 108, 6525]]"
150,250,FT_full_RF,0.9651701453882887,0.9503475224526946,0.9651701453882887,0.9935310188278584,"[[1544, 45, 6, 0, 1, 0], [0, 2090, 1, 0, 0, 1], [0, 417, 10520, 3, 0, 3], [0, 185, 3, 2952, 1, 0], [1, 206, 2, 1, 3402, 1], [1, 116, 2, 1, 1, 6522]]"
150,250,FT_full_MLP,0.9557235793721431,0.9552566486762425,0.9557235793721431,0.9929111674842028,"[[1550, 3, 1, 0, 42, 0], [0, 1847, 2, 0, 243, 0], [1, 11, 10518, 4, 407, 2], [0, 3, 2, 2956, 180, 0], [1, 7, 1, 2, 3601, 1], [1, 11, 2, 1, 109, 6519]]"
150,250,FT_freeze_RF,0.9651178626161302,0.9506185267883714,0.9651178626161302,0.993545730049935,"[[1541, 45, 9, 0, 1, 0], [0, 2088, 3, 0, 0, 1], [0, 417, 10521, 3, 0, 2], [0, 184, 3, 2953, 1, 0], [1, 198, 3, 1, 3408, 2], [1, 110, 3, 3, 1, 6525]]"
150,250,FT_freeze_MLP,0.9555899910986847,0.9552986438147318,0.9555899910986847,0.9929098268008909,"[[1548, 3, 2, 1, 42, 0], [0, 1847, 2, 0, 243, 0], [1, 10, 10518, 4, 407, 3], [0, 3, 3, 2956, 179, 0], [1, 6, 1, 3, 3601, 1], [1, 9, 2, 1, 108, 6522]]"
150,250,FT_decoder_RF,0.9066409991021714,0.929174376776658,0.9066409991021714,0.9871461911428753,"[[1185, 1, 368, 1, 0, 41], [0, 1830, 18, 0, 0, 244], [0, 1, 10533, 2, 0, 407], [0, 1, 7, 2955, 1, 177], [1, 113, 10, 0, 3329, 160], [0, 1, 10, 2, 1, 6629]]"
150,250,FT_decoder_MLP,0.9523746121839158,0.9684827115934372,0.9523746121839158,0.9922175733209078,"[[1541, 1, 52, 1, 1, 0], [0, 1830, 261, 0, 0, 1], [1, 3, 10935, 2, 0, 2], [0, 1, 183, 2956, 1, 0], [1, 4, 166, 1, 3441, 0], [1, 5, 116, 2, 1, 6518]]"
150,250,FT_partial_RF,0.9449052121980827,0.9560362808642794,0.9449052121980827,0.990894666079698,"[[1506, 5, 43, 0, 1, 41], [0, 1846, 2, 0, 0, 244], [0, 14, 10513, 6, 0, 410], [0, 4, 6, 2953, 1, 177], [1, 33, 4, 2, 3412, 161], [1, 6, 2, 2, 1, 6631]]"
150,250,FT_partial_MLP,0.953134641962916,0.9682495329919506,0.953134641962916,0.9923095567835877,"[[1536, 3, 56, 0, 1, 0], [0, 1848, 244, 0, 0, 0], [0, 14, 10922, 3, 0, 4], [0, 2, 180, 2956, 3, 0], [1, 7, 160, 2, 3442, 1], [1, 9, 111, 2, 2, 6518]]"
200,50,RF_original,0.9512117057934942,0.9293017341865486,0.9512117057934942,0.9898176050736739,"[[1533, 50, 5, 7, 1, 0], [0, 2089, 2, 0, 0, 1], [3, 566, 10371, 2, 0, 1], [0, 189, 2, 2948, 1, 1], [1, 199, 6, 2, 3405, 0], [2, 528, 3, 1, 1, 6108]]"
200,50,MLP_original,0.8652906999079987,0.8929387438688318,0.8652906999079987,0.9802785067088134,"[[1405, 0, 1, 0, 1, 189], [0, 1131, 3, 0, 1, 957], [0, 0, 10060, 2, 1, 880], [0, 0, 2, 2855, 2, 282], [1, 0, 1, 1, 3407, 203], [1, 0, 1, 0, 1, 6640]]"
200,50,RF_latent_zero,0.9066409991021714,0.929174376776658,0.9066409991021714,0.9871461911428753,"[[1185, 1, 368, 1, 0, 41], [0, 1830, 18, 0, 0, 244], [0, 1, 10533, 2, 0, 407], [0, 1, 7, 2955, 1, 177], [1, 113, 10, 0, 3329, 160], [0, 1, 10, 2, 1, 6629]]"
200,50,MLP_latent_zero,0.9523746121839158,0.9684827115934372,0.9523746121839158,0.9922175733209078,"[[1541, 1, 52, 1, 1, 0], [0, 1830, 261, 0, 0, 1], [1, 3, 10935, 2, 0, 2], [0, 1, 183, 2956, 1, 0], [1, 4, 166, 1, 3441, 0], [1, 5, 116, 2, 1, 6518]]"
200,50,RF_few,0.7743893822235005,0.789624598356412,0.7743893822235005,0.9751373482474991,"[[42, 3, 1510, 37, 1, 3], [243, 1754, 58, 0, 6, 31], [406, 2, 10517, 2, 10, 6], [177, 3, 151, 2802, 7, 1], [158, 4, 13, 0, 3423, 15], [108, 2, 7, 0, 9, 6517]]"
200,50,MLP_few,0.9083245013111408,0.9014164751028294,0.9083245013111408,0.9881314127583978,"[[1224, 8, 353, 1, 10, 0], [243, 1835, 2, 0, 10, 2], [417, 23, 10488, 3, 7, 5], [190, 20, 26, 2896, 7, 2], [174, 14, 2, 0, 3422, 1], [111, 25, 2, 0, 6, 6499]]"
200,50,FT_full_RF,0.9534849141938783,0.9423968559803056,0.9534849141938783,0.9923347467489368,"[[1453, 45, 97, 0, 1, 0], [0, 2087, 4, 0, 0, 1], [0, 417, 10522, 2, 0, 2], [0, 184, 1, 2954, 1, 1], [1, 247, 3, 1, 3358, 3], [1, 114, 5, 2, 1, 6520]]"
200,50,FT_full_MLP,0.9542806754564962,0.9545751480772365,0.9542806754564962,0.9927900028696071,"[[1536, 1, 15, 2, 42, 0], [0, 1846, 3, 0, 243, 0], [1, 9, 10521, 3, 407, 2], [0, 3, 1, 2957, 180, 0], [1, 5, 2, 3, 3601, 1], [1, 11, 2, 1, 109, 6519]]"
200,50,FT_freeze_RF,0.9491908134713958,0.9397473564953062,0.9491908134713958,0.9919651476816355,"[[1411, 44, 138, 2, 1, 0], [0, 2087, 4, 1, 0, 0], [0, 415, 10524, 2, 0, 2], [0, 185, 3, 2952, 1, 0], [1, 247, 3, 1, 3360, 1], [1, 113, 3, 2, 1, 6523]]"
200,50,FT_freeze_MLP,0.9524060181063088,0.9534825733031468,0.9524060181063088,0.9926140187959732,"[[1519, 1, 31, 3, 42, 0], [0, 1845, 3, 1, 243, 0], [0, 8, 10523, 2, 408, 2], [0, 2, 3, 2957, 179, 0], [1, 5, 2, 3, 3601, 1], [1, 13, 2, 1, 109, 6517]]"
200,50,FT_decoder_RF,0.9066409991021714,0.929174376776658,0.9066409991021714,0.9871461911428753,"[[1185, 1, 368, 1, 0, 41], [0, 1830, 18, 0, 0, 244], [0, 1, 10533, 2, 0, 407], [0, 1, 7, 2955, 1, 177], [1, 113, 10, 0, 3329, 160], [0, 1, 10, 2, 1, 6629]]"
200,50,FT_decoder_MLP,0.9523746121839158,0.9684827115934372,0.9523746121839158,0.9922175733209078,"[[1541, 1, 52, 1, 1, 0], [0, 1830, 261, 0, 0, 1], [1, 3, 10935, 2, 0, 2], [0, 1, 183, 2956, 1, 0], [1, 4, 166, 1, 3441, 0], [1, 5, 116, 2, 1, 6518]]"
200,50,FT_partial_RF,0.9341052825258158,0.9487345891352946,0.9341052825258158,0.9899224516561459,"[[1396, 19, 139, 0, 1, 41], [0, 1848, 1, 0, 0, 243], [0, 29, 10502, 2, 1, 409], [0, 9, 5, 2948, 1, 178], [1, 17, 1, 0, 3435, 159], [1, 11, 2, 0, 2, 6627]]"
200,50,FT_partial_MLP,0.949744406425817,0.9642906357059501,0.949744406425817,0.991942725589221,"[[1509, 22, 61, 1, 3, 0], [0, 1848, 244, 0, 0, 0], [0, 35, 10900, 2, 4, 2], [0, 6, 180, 2954, 1, 0], [1, 10, 159, 0, 3443, 0], [1, 19, 108, 0, 4, 6511]]"
200,100,RF_original,0.9512117057934942,0.9293017341865486,0.9512117057934942,0.9898176050736739,"[[1533, 50, 5, 7, 1, 0], [0, 2089, 2, 0, 0, 1], [3, 566, 10371, 2, 0, 1], [0, 189, 2, 2948, 1, 1], [1, 199, 6, 2, 3405, 0], [2, 528, 3, 1, 1, 6108]]"
200,100,MLP_original,0.8652906999079987,0.8929387438688318,0.8652906999079987,0.9802785067088134,"[[1405, 0, 1, 0, 1, 189], [0, 1131, 3, 0, 1, 957], [0, 0, 10060, 2, 1, 880], [0, 0, 2, 2855, 2, 282], [1, 0, 1, 1, 3407, 203], [1, 0, 1, 0, 1, 6640]]"
200,100,RF_latent_zero,0.9066409991021714,0.929174376776658,0.9066409991021714,0.9871461911428753,"[[1185, 1, 368, 1, 0, 41], [0, 1830, 18, 0, 0, 244], [0, 1, 10533, 2, 0, 407], [0, 1, 7, 2955, 1, 177], [1, 113, 10, 0, 3329, 160], [0, 1, 10, 2, 1, 6629]]"
200,100,MLP_latent_zero,0.9523746121839158,0.9684827115934372,0.9523746121839158,0.9922175733209078,"[[1541, 1, 52, 1, 1, 0], [0, 1830, 261, 0, 0, 1], [1, 3, 10935, 2, 0, 2], [0, 1, 183, 2956, 1, 0], [1, 4, 166, 1, 3441, 0], [1, 5, 116, 2, 1, 6518]]"
200,100,RF_few,0.8691448057609513,0.8790784323546613,0.8691448057609513,0.9843066624615114,"[[721, 41, 821, 12, 1, 0], [0, 1962, 64, 1, 3, 62], [0, 408, 10525, 2, 0, 8], [0, 179, 29, 2930, 1, 2], [1, 165, 17, 0, 3426, 4], [0, 107, 9, 0, 1, 6526]]"
200,100,MLP_few,0.9222807290676546,0.9340865834421527,0.9222807290676546,0.9896092650437628,"[[1278, 0, 267, 7, 43, 1], [1, 1799, 14, 3, 252, 23], [0, 3, 10514, 3, 415, 8], [0, 0, 20, 2936, 184, 1], [1, 2, 5, 0, 3599, 6], [0, 7, 8, 0, 109, 6519]]"
200,100,FT_full_RF,0.9588127960929534,0.946786290456379,0.9588127960929534,0.9929386788378811,"[[1484, 43, 66, 2, 1, 0], [0, 2088, 3, 0, 0, 1], [0, 416, 10523, 2, 0, 2], [0, 183, 2, 2954, 1, 1], [1, 205, 5, 1, 3398, 3], [1, 109, 5, 1, 1, 6526]]"
200,100,FT_full_MLP,0.9547087929045347,0.9548439823556499,0.9547087929045347,0.9928325045022405,"[[1541, 2, 10, 1, 42, 0], [0, 1846, 3, 0, 243, 0], [0, 10, 10522, 3, 406, 2], [0, 4, 1, 2957, 178, 1], [1, 8, 3, 3, 3597, 1], [1, 8, 3, 1, 108, 6522]]"
200,100,FT_freeze_RF,0.9586137008754916,0.9468623596048533,0.9586137008754916,0.992949105329016,"[[1478, 43, 72, 2, 1, 0], [0, 2088, 3, 0, 0, 1], [0, 414, 10525, 2, 0, 2], [0, 182, 2, 2955, 1, 1], [1, 199, 4, 1, 3406, 2], [1, 110, 5, 1, 1, 6525]]"
200,100,FT_freeze_MLP,0.9545101331718376,0.9549574666599444,0.9545101331718376,0.992802115662486,"[[1538, 2, 13, 1, 42, 0], [0, 1846, 3, 0, 243, 0], [0, 8, 10524, 2, 407, 2], [0, 1, 3, 2957, 179, 1], [1, 6, 2, 2, 3601, 1], [1, 8, 6, 1, 109, 6518]]"
200,100,FT_decoder_RF,0.9066409991021714,0.929174376776658,0.9066409991021714,0.9871461911428753,"[[1185, 1, 368, 1, 0, 41], [0, 1830, 18, 0, 0, 244], [0, 1, 10533, 2, 0, 407], [0, 1, 7, 2955, 1, 177], [1, 113, 10, 0, 3329, 160], [0, 1, 10, 2, 1, 6629]]"
200,100,FT_decoder_MLP,0.9523746121839158,0.9684827115934372,0.9523746121839158,0.9922175733209078,"[[1541, 1, 52, 1, 1, 0], [0, 1830, 261, 0, 0, 1], [1, 3, 10935, 2, 0, 2], [0, 1, 183, 2956, 1, 0], [1, 4, 166, 1, 3441, 0], [1, 5, 116, 2, 1, 6518]]"
200,100,FT_partial_RF,0.9236559567902839,0.9420130606437868,0.9236559567902839,0.988920112598752,"[[1306, 14, 234, 1, 0, 41], [0, 1847, 2, 0, 0, 243], [0, 14, 10517, 3, 0, 409], [0, 7, 4, 2951, 1, 178], [1, 38, 6, 1, 3405, 162], [1, 7, 5, 1, 1, 6628]]"
200,100,FT_partial_MLP,0.9497983722523572,0.9663144753265763,0.9497983722523572,0.9919696087332796,"[[1508, 3, 81, 2, 2, 0], [0, 1843, 247, 0, 2, 0], [0, 10, 10924, 3, 3, 3], [0, 0, 180, 2958, 3, 0], [1, 5, 161, 3, 3442, 1], [1, 10, 116, 2, 2, 6512]]"
200,150,RF_original,0.9512117057934942,0.9293017341865486,0.9512117057934942,0.9898176050736739,"[[1533, 50, 5, 7, 1, 0], [0, 2089, 2, 0, 0, 1], [3, 566, 10371, 2, 0, 1], [0, 189, 2, 2948, 1, 1], [1, 199, 6, 2, 3405, 0], [2, 528, 3, 1, 1, 6108]]"
200,150,MLP_original,0.8652906999079987,0.8929387438688318,0.8652906999079987,0.9802785067088134,"[[1405, 0, 1, 0, 1, 189], [0, 1131, 3, 0, 1, 957], [0, 0, 10060, 2, 1, 880], [0, 0, 2, 2855, 2, 282], [1, 0, 1, 1, 3407, 203], [1, 0, 1, 0, 1, 6640]]"
200,150,RF_latent_zero,0.9066409991021714,0.929174376776658,0.9066409991021714,0.9871461911428753,"[[1185, 1, 368, 1, 0, 41], [0, 1830, 18, 0, 0, 244], [0, 1, 10533, 2, 0, 407], [0, 1, 7, 2955, 1, 177], [1, 113, 10, 0, 3329, 160], [0, 1, 10, 2, 1, 6629]]"
200,150,MLP_latent_zero,0.9523746121839158,0.9684827115934372,0.9523746121839158,0.9922175733209078,"[[1541, 1, 52, 1, 1, 0], [0, 1830, 261, 0, 0, 1], [1, 3, 10935, 2, 0, 2], [0, 1, 183, 2956, 1, 0], [1, 4, 166, 1, 3441, 0], [1, 5, 116, 2, 1, 6518]]"
200,150,RF_few,0.9498649596971437,0.9496155695806495,0.9498649596971437,0.9922754914171711,"[[1536, 0, 16, 41, 2, 1], [0, 1775, 21, 244, 4, 48], [1, 1, 10521, 408, 0, 12], [0, 1, 7, 3127, 1, 5], [1, 2, 6, 159, 3428, 17], [1, 0, 7, 107, 1, 6527]]"
200,150,MLP_few,0.949022138161662,0.9508824314988237,0.949022138161662,0.9921322699123518,"[[1516, 1, 36, 0, 42, 1], [2, 1830, 3, 0, 244, 13], [1, 4, 10519, 2, 407, 10], [11, 1, 16, 2930, 179, 4], [4, 4, 6, 0, 3590, 9], [2, 5, 6, 0, 108, 6522]]"
200,150,FT_full_RF,0.9647300809718122,0.9504453332796694,0.9647300809718122,0.9935229296942748,"[[1538, 44, 12, 1, 1, 0], [0, 2087, 4, 0, 0, 1], [0, 416, 10522, 2, 0, 3], [0, 183, 1, 2954, 1, 2], [1, 201, 3, 1, 3405, 2], [1, 110, 3, 0, 1, 6528]]"
200,150,FT_full_MLP,0.9554694555890674,0.9552971529919829,0.9554694555890674,0.9929127917265831,"[[1548, 1, 3, 2, 42, 0], [0, 1844, 3, 0, 243, 2], [1, 9, 10519, 3, 407, 4], [1, 3, 2, 2957, 178, 0], [1, 6, 1, 3, 3601, 1], [2, 7, 1, 1, 108, 6524]]"
200,150,FT_freeze_RF,0.964599577888039,0.9504058586708125,0.964599577888039,0.9935036900515805,"[[1536, 45, 13, 1, 1, 0], [0, 2087, 4, 0, 0, 1], [0, 416, 10523, 2, 0, 2], [0, 182, 3, 2954, 1, 1], [1, 198, 4, 1, 3408, 1], [1, 111, 4, 1, 1, 6525]]"
200,150,FT_freeze_MLP,0.9554395690911411,0.95533787390481,0.9554395690911411,0.9928994392565986,"[[1546, 1, 5, 2, 42, 0], [0, 1847, 2, 0, 243, 0], [1, 9, 10520, 3, 407, 3], [0, 2, 3, 2957, 179, 0], [1, 6, 1, 3, 3601, 1], [1, 9, 2, 1, 109, 6521]]"
200,150,FT_decoder_RF,0.9066409991021714,0.929174376776658,0.9066409991021714,0.9871461911428753,"[[1185, 1, 368, 1, 0, 41], [0, 1830, 18, 0, 0, 244], [0, 1, 10533, 2, 0, 407], [0, 1, 7, 2955, 1, 177], [1, 113, 10, 0, 3329, 160], [0, 1, 10, 2, 1, 6629]]"
200,150,FT_decoder_MLP,0.9523746121839158,0.9684827115934372,0.9523746121839158,0.9922175733209078,"[[1541, 1, 52, 1, 1, 0], [0, 1830, 261, 0, 0, 1], [1, 3, 10935, 2, 0, 2], [0, 1, 183, 2956, 1, 0], [1, 4, 166, 1, 3441, 0], [1, 5, 116, 2, 1, 6518]]"
200,150,FT_partial_RF,0.9425679125891554,0.954428363588479,0.9425679125891554,0.9906092887939028,"[[1494, 3, 58, 0, 0, 41], [0, 1844, 5, 0, 0, 243], [0, 9, 10522, 3, 0, 409], [0, 6, 5, 2951, 1, 178], [1, 45, 10, 3, 3394, 160], [1, 6, 8, 1, 1, 6626]]"
200,150,FT_partial_MLP,0.9532446237936593,0.9687891612882815,0.9532446237936593,0.9923103761617037,"[[1542, 2, 51, 0, 1, 0], [0, 1839, 252, 0, 1, 0], [1, 7, 10927, 3, 0, 5], [0, 0, 180, 2957, 1, 3], [1, 4, 162, 2, 3443, 1], [1, 6, 114, 1, 2, 6519]]"
200,200,RF_original,0.9512117057934942,0.9293017341865486,0.9512117057934942,0.9898176050736739,"[[1533, 50, 5, 7, 1, 0], [0, 2089, 2, 0, 0, 1], [3, 566, 10371, 2, 0, 1], [0, 189, 2, 2948, 1, 1], [1, 199, 6, 2, 3405, 0], [2, 528, 3, 1, 1, 6108]]"
200,200,MLP_original,0.8652906999079987,0.8929387438688318,0.8652906999079987,0.9802785067088134,"[[1405, 0, 1, 0, 1, 189], [0, 1131, 3, 0, 1, 957], [0, 0, 10060, 2, 1, 880], [0, 0, 2, 2855, 2, 282], [1, 0, 1, 1, 3407, 203], [1, 0, 1, 0, 1, 6640]]"
200,200,RF_latent_zero,0.9066409991021714,0.929174376776658,0.9066409991021714,0.9871461911428753,"[[1185, 1, 368, 1, 0, 41], [0, 1830, 18, 0, 0, 244], [0, 1, 10533, 2, 0, 407], [0, 1, 7, 2955, 1, 177], [1, 113, 10, 0, 3329, 160], [0, 1, 10, 2, 1, 6629]]"
200,200,MLP_latent_zero,0.9523746121839158,0.9684827115934372,0.9523746121839158,0.9922175733209078,"[[1541, 1, 52, 1, 1, 0], [0, 1830, 261, 0, 0, 1], [1, 3, 10935, 2, 0, 2], [0, 1, 183, 2956, 1, 0], [1, 4, 166, 1, 3441, 0], [1, 5, 116, 2, 1, 6518]]"
200,200,RF_few,0.9524284663707322,0.9514796351471687,0.9524284663707322,0.9925542247072842,"[[1532, 0, 20, 42, 1, 1], [0, 1810, 20, 244, 2, 16], [0, 2, 10522, 408, 0, 11], [0, 2, 8, 3126, 1, 4], [1, 6, 7, 159, 3433, 7], [1, 0, 6, 108, 1, 6527]]"
200,200,MLP_few,0.9527423347856291,0.9537411950214697,0.9527423347856291,0.9926082414777166,"[[1533, 3, 17, 1, 42, 0], [1, 1833, 2, 1, 247, 8], [0, 5, 10514, 3, 412, 9], [0, 2, 4, 2953, 181, 1], [1, 7, 3, 0, 3600, 2], [1, 2, 3, 1, 110, 6526]]"
200,200,FT_full_RF,0.9645386830888887,0.9504599093886256,0.9645386830888887,0.9934981673907961,"[[1534, 43, 17, 1, 1, 0], [0, 2088, 3, 0, 0, 1], [0, 415, 10524, 2, 0, 2], [0, 183, 2, 2955, 1, 0], [1, 197, 5, 1, 3408, 1], [1, 110, 5, 1, 1, 6525]]"
200,200,FT_full_MLP,0.9554455814157401,0.9555442239984243,0.9554455814157401,0.9929115295393132,"[[1547, 1, 4, 2, 42, 0], [0, 1845, 3, 0, 244, 0], [1, 6, 10524, 2, 407, 3], [0, 2, 2, 2957, 180, 0], [1, 5, 2, 3, 3601, 1], [1, 7, 4, 1, 109, 6521]]"
200,200,FT_freeze_RF,0.9651330771977187,0.9508811457943521,0.9651330771977187,0.9935567370598543,"[[1540, 44, 11, 0, 1, 0], [0, 2087, 4, 0, 0, 1], [0, 414, 10525, 2, 0, 2], [0, 184, 3, 2953, 1, 0], [1, 194, 5, 1, 3411, 1], [1, 110, 5, 1, 1, 6525]]"
200,200,FT_freeze_MLP,0.9554849304917634,0.9554192481474185,0.9554849304917634,0.992912703662529,"[[1547, 2, 4, 1, 42, 0], [0, 1846, 3, 0, 243, 0], [1, 7, 10523, 2, 407, 3], [0, 3, 1, 2957, 180, 0], [1, 6, 2, 2, 3601, 1], [1, 9, 3, 1, 109, 6520]]"
200,200,FT_decoder_RF,0.9066409991021714,0.929174376776658,0.9066409991021714,0.9871461911428753,"[[1185, 1, 368, 1, 0, 41], [0, 1830, 18, 0, 0, 244], [0, 1, 10533, 2, 0, 407], [0, 1, 7, 2955, 1, 177], [1, 113, 10, 0, 3329, 160], [0, 1, 10, 2, 1, 6629]]"
200,200,FT_decoder_MLP,0.9523746121839158,0.9684827115934372,0.9523746121839158,0.9922175733209078,"[[1541, 1, 52, 1, 1, 0], [0, 1830, 261, 0, 0, 1], [1, 3, 10935, 2, 0, 2], [0, 1, 183, 2956, 1, 0], [1, 4, 166, 1, 3441, 0], [1, 5, 116, 2, 1, 6518]]"
200,200,FT_partial_RF,0.9454753677153437,0.9561495445162578,0.9454753677153437,0.9909400991328097,"[[1513, 5, 37, 0, 0, 41], [0, 1847, 1, 0, 0, 244], [0, 15, 10514, 5, 0, 409], [0, 5, 5, 2953, 1, 177], [1, 40, 3, 1, 3407, 161], [1, 7, 4, 0, 1, 6630]]"
200,200,FT_partial_MLP,0.9539515340149936,0.9687457911501861,0.9539515340149936,0.9923630141705452,"[[1546, 1, 47, 1, 1, 0], [0, 1845, 245, 0, 2, 0], [0, 12, 10920, 5, 3, 3], [0, 2, 180, 2956, 3, 0], [1, 6, 159, 2, 3444, 1], [1, 8, 113, 1, 4, 6516]]"
200,250,RF_original,0.9512117057934942,0.9293017341865486,0.9512117057934942,0.9898176050736739,"[[1533, 50, 5, 7, 1, 0], [0, 2089, 2, 0, 0, 1], [3, 566, 10371, 2, 0, 1], [0, 189, 2, 2948, 1, 1], [1, 199, 6, 2, 3405, 0], [2, 528, 3, 1, 1, 6108]]"
200,250,MLP_original,0.8652906999079987,0.8929387438688318,0.8652906999079987,0.9802785067088134,"[[1405, 0, 1, 0, 1, 189], [0, 1131, 3, 0, 1, 957], [0, 0, 10060, 2, 1, 880], [0, 0, 2, 2855, 2, 282], [1, 0, 1, 1, 3407, 203], [1, 0, 1, 0, 1, 6640]]"
200,250,RF_latent_zero,0.9066409991021714,0.929174376776658,0.9066409991021714,0.9871461911428753,"[[1185, 1, 368, 1, 0, 41], [0, 1830, 18, 0, 0, 244], [0, 1, 10533, 2, 0, 407], [0, 1, 7, 2955, 1, 177], [1, 113, 10, 0, 3329, 160], [0, 1, 10, 2, 1, 6629]]"
200,250,MLP_latent_zero,0.9523746121839158,0.9684827115934372,0.9523746121839158,0.9922175733209078,"[[1541, 1, 52, 1, 1, 0], [0, 1830, 261, 0, 0, 1], [1, 3, 10935, 2, 0, 2], [0, 1, 183, 2956, 1, 0], [1, 4, 166, 1, 3441, 0], [1, 5, 116, 2, 1, 6518]]"
200,250,RF_few,0.9495904842966301,0.9519745266767279,0.9495904842966301,0.9921977209811575,"[[1528, 0, 24, 0, 43, 1], [0, 1810, 24, 1, 245, 12], [1, 3, 10521, 2, 406, 10], [0, 1, 9, 2946, 178, 7], [1, 6, 5, 1, 3589, 11], [1, 2, 6, 1, 108, 6525]]"
200,250,MLP_few,0.952083917798617,0.9667453894032741,0.952083917798617,0.9921504553723111,"[[1542, 2, 51, 1, 0, 0], [2, 1841, 244, 2, 0, 3], [4, 4, 10923, 7, 0, 5], [1, 2, 182, 2952, 2, 2], [9, 16, 160, 5, 3422, 1], [3, 4, 113, 4, 1, 6518]]"
200,250,FT_full_RF,0.9509239279993472,0.9659378446518684,0.9509239279993472,0.9920642188754588,"[[1534, 2, 59, 0, 1, 0], [0, 1844, 247, 0, 0, 1], [0, 9, 10929, 3, 0, 2], [0, 4, 181, 2955, 1, 0], [1, 48, 162, 1, 3400, 1], [1, 3, 111, 1, 1, 6526]]"
200,250,FT_full_MLP,0.9540117071909916,0.9689757684841803,0.9540117071909916,0.99243378146166,"[[1545, 3, 45, 2, 1, 0], [0, 1846, 246, 0, 0, 0], [0, 7, 10929, 3, 0, 4], [0, 4, 179, 2957, 1, 0], [1, 9, 162, 1, 3439, 1], [1, 8, 111, 1, 1, 6521]]"
200,250,FT_freeze_RF,0.9515630459135102,0.9664695880374818,0.9515630459135102,0.992148454048254,"[[1537, 2, 56, 0, 1, 0], [0, 1844, 247, 0, 0, 1], [0, 10, 10928, 3, 0, 2], [0, 7, 179, 2954, 1, 0], [1, 40, 162, 1, 3408, 1], [1, 3, 110, 1, 1, 6527]]"
200,250,FT_freeze_MLP,0.9541139337525589,0.9688332771504881,0.9541139337525589,0.9924418889469558,"[[1546, 4, 44, 1, 1, 0], [0, 1845, 246, 0, 0, 1], [1, 12, 10925, 3, 0, 2], [0, 4, 179, 2957, 1, 0], [1, 6, 160, 3, 3442, 1], [1, 9, 110, 1, 1, 6521]]"
200,250,FT_decoder_RF,0.9066409991021714,0.929174376776658,0.9066409991021714,0.9871461911428753,"[[1185, 1, 368, 1, 0, 41], [0, 1830, 18, 0, 0, 244], [0, 1, 10533, 2, 0, 407], [0, 1, 7, 2955, 1, 177], [1, 113, 10, 0, 3329, 160], [0, 1, 10, 2, 1, 6629]]"
200,250,FT_decoder_MLP,0.9523746121839158,0.9684827115934372,0.9523746121839158,0.9922175733209078,"[[1541, 1, 52, 1, 1, 0], [0, 1830, 261, 0, 0, 1], [1, 3, 10935, 2, 0, 2], [0, 1, 183, 2956, 1, 0], [1, 4, 166, 1, 3441, 0], [1, 5, 116, 2, 1, 6518]]"
200,250,FT_partial_RF,0.9432384691267041,0.9543539774530113,0.9432384691267041,0.9907147109827826,"[[1497, 5, 53, 0, 0, 41], [0, 1846, 1, 0, 0, 245], [0, 15, 10514, 5, 0, 409], [0, 5, 5, 2953, 1, 177], [1, 50, 3, 1, 3397, 161], [1, 8, 1, 3, 1, 6629]]"
200,250,FT_partial_MLP,0.9533517027645018,0.9682087587600426,0.9533517027645018,0.9923360748271793,"[[1539, 3, 52, 1, 1, 0], [0, 1847, 245, 0, 0, 0], [0, 16, 10919, 4, 0, 4], [0, 4, 180, 2956, 1, 0], [1, 7, 159, 4, 3441, 1], [1, 9, 109, 2, 1, 6521]]"
250,50,RF_original,0.9512117057934942,0.9293017341865486,0.9512117057934942,0.9898176050736739,"[[1533, 50, 5, 7, 1, 0], [0, 2089, 2, 0, 0, 1], [3, 566, 10371, 2, 0, 1], [0, 189, 2, 2948, 1, 1], [1, 199, 6, 2, 3405, 0], [2, 528, 3, 1, 1, 6108]]"
250,50,MLP_original,0.8652906999079987,0.8929387438688318,0.8652906999079987,0.9802785067088134,"[[1405, 0, 1, 0, 1, 189], [0, 1131, 3, 0, 1, 957], [0, 0, 10060, 2, 1, 880], [0, 0, 2, 2855, 2, 282], [1, 0, 1, 1, 3407, 203], [1, 0, 1, 0, 1, 6640]]"
250,50,RF_latent_zero,0.9066409991021714,0.929174376776658,0.9066409991021714,0.9871461911428753,"[[1185, 1, 368, 1, 0, 41], [0, 1830, 18, 0, 0, 244], [0, 1, 10533, 2, 0, 407], [0, 1, 7, 2955, 1, 177], [1, 113, 10, 0, 3329, 160], [0, 1, 10, 2, 1, 6629]]"
250,50,MLP_latent_zero,0.9523746121839158,0.9684827115934372,0.9523746121839158,0.9922175733209078,"[[1541, 1, 52, 1, 1, 0], [0, 1830, 261, 0, 0, 1], [1, 3, 10935, 2, 0, 2], [0, 1, 183, 2956, 1, 0], [1, 4, 166, 1, 3441, 0], [1, 5, 116, 2, 1, 6518]]"
250,50,RF_few,0.7743893822235005,0.789624598356412,0.7743893822235005,0.9751373482474991,"[[42, 3, 1510, 37, 1, 3], [243, 1754, 58, 0, 6, 31], [406, 2, 10517, 2, 10, 6], [177, 3, 151, 2802, 7, 1], [158, 4, 13, 0, 3423, 15], [108, 2, 7, 0, 9, 6517]]"
250,50,MLP_few,0.8668123551997171,0.8681377800793199,0.8668123551997171,0.9853025472948139,"[[809, 3, 483, 300, 1, 0], [243, 1819, 1, 23, 3, 3], [407, 23, 10483, 27, 0, 3], [179, 5, 3, 2952, 1, 1], [165, 19, 2, 5, 3421, 1], [107, 14, 4, 6, 3, 6509]]"
250,50,FT_full_RF,0.9406937913631324,0.9448281717013812,0.9406937913631324,0.9913951782402638,"[[1432, 2, 120, 0, 42, 0], [0, 1844, 4, 0, 243, 1], [0, 8, 10525, 2, 406, 2], [0, 5, 4, 2953, 178, 1], [1, 60, 4, 0, 3547, 1], [1, 4, 7, 0, 109, 6522]]"
250,50,FT_full_MLP,0.9531384210922722,0.9540641076941713,0.9531384210922722,0.9926867411677817,"[[1526, 1, 25, 2, 42, 0], [0, 1844, 3, 0, 245, 0], [0, 6, 10522, 3, 410, 2], [0, 2, 2, 2957, 180, 0], [1, 6, 2, 1, 3602, 1], [1, 9, 2, 1, 111, 6519]]"
250,50,FT_freeze_RF,0.9385364659005617,0.9436065552577865,0.9385364659005617,0.9912078185935284,"[[1409, 2, 142, 1, 42, 0], [0, 1844, 4, 0, 243, 1], [0, 8, 10525, 2, 406, 2], [0, 3, 4, 2955, 178, 1], [1, 55, 4, 1, 3550, 2], [1, 5, 6, 1, 108, 6522]]"
250,50,FT_freeze_MLP,0.953216680837068,0.9540141367888825,0.953216680837068,0.9926849763243698,"[[1526, 1, 25, 2, 42, 0], [0, 1846, 3, 0, 243, 0], [0, 8, 10523, 2, 407, 3], [0, 2, 3, 2957, 179, 0], [1, 5, 2, 3, 3601, 1], [1, 13, 2, 1, 109, 6517]]"
250,50,FT_decoder_RF,0.9066409991021714,0.929174376776658,0.9066409991021714,0.9871461911428753,"[[1185, 1, 368, 1, 0, 41], [0, 1830, 18, 0, 0, 244], [0, 1, 10533, 2, 0, 407], [0, 1, 7, 2955, 1, 177], [1, 113, 10, 0, 3329, 160], [0, 1, 10, 2, 1, 6629]]"
250,50,FT_decoder_MLP,0.9523746121839158,0.9684827115934372,0.9523746121839158,0.9922175733209078,"[[1541, 1, 52, 1, 1, 0], [0, 1830, 261, 0, 0, 1], [1, 3, 10935, 2, 0, 2], [0, 1, 183, 2956, 1, 0], [1, 4, 166, 1, 3441, 0], [1, 5, 116, 2, 1, 6518]]"
250,50,FT_partial_RF,0.9159988014301188,0.9369954544757987,0.9159988014301188,0.988320932965774,"[[1219, 27, 308, 0, 1, 41], [0, 1847, 1, 0, 0, 244], [0, 20, 10510, 2, 0, 411], [0, 6, 6, 2948, 1, 180], [1, 12, 1, 0, 3439, 160], [1, 6, 2, 0, 1, 6633]]"
250,50,FT_partial_MLP,0.9374215075921889,0.9569100615653365,0.9374215075921889,0.990954668702289,"[[1389, 39, 157, 4, 7, 0], [0, 1847, 245, 0, 0, 0], [0, 18, 10916, 2, 3, 4], [0, 6, 181, 2952, 2, 0], [1, 8, 160, 0, 3443, 1], [1, 13, 109, 0, 3, 6517]]"
250,100,RF_original,0.9512117057934942,0.9293017341865486,0.9512117057934942,0.9898176050736739,"[[1533, 50, 5, 7, 1, 0], [0, 2089, 2, 0, 0, 1], [3, 566, 10371, 2, 0, 1], [0, 189, 2, 2948, 1, 1], [1, 199, 6, 2, 3405, 0], [2, 528, 3, 1, 1, 6108]]"
250,100,MLP_original,0.8652906999079987,0.8929387438688318,0.8652906999079987,0.9802785067088134,"[[1405, 0, 1, 0, 1, 189], [0, 1131, 3, 0, 1, 957], [0, 0, 10060, 2, 1, 880], [0, 0, 2, 2855, 2, 282], [1, 0, 1, 1, 3407, 203], [1, 0, 1, 0, 1, 6640]]"
250,100,RF_latent_zero,0.9066409991021714,0.929174376776658,0.9066409991021714,0.9871461911428753,"[[1185, 1, 368, 1, 0, 41], [0, 1830, 18, 0, 0, 244], [0, 1, 10533, 2, 0, 407], [0, 1, 7, 2955, 1, 177], [1, 113, 10, 0, 3329, 160], [0, 1, 10, 2, 1, 6629]]"
250,100,MLP_latent_zero,0.9523746121839158,0.9684827115934372,0.9523746121839158,0.9922175733209078,"[[1541, 1, 52, 1, 1, 0], [0, 1830, 261, 0, 0, 1], [1, 3, 10935, 2, 0, 2], [0, 1, 183, 2956, 1, 0], [1, 4, 166, 1, 3441, 0], [1, 5, 116, 2, 1, 6518]]"
250,100,RF_few,0.8691448057609513,0.8790784323546613,0.8691448057609513,0.9843066624615114,"[[721, 41, 821, 12, 1, 0], [0, 1962, 64, 1, 3, 62], [0, 408, 10525, 2, 0, 8], [0, 179, 29, 2930, 1, 2], [1, 165, 17, 0, 3426, 4], [0, 107, 9, 0, 1, 6526]]"
250,100,MLP_few,0.9203289127206219,0.9318023685756317,0.9203289127206219,0.9896794013039824,"[[1230, 1, 264, 43, 56, 2], [0, 1826, 3, 1, 248, 14], [0, 4, 10511, 4, 416, 8], [0, 0, 6, 2951, 182, 2], [1, 2, 3, 0, 3603, 4], [0, 9, 5, 1, 110, 6518]]"
250,100,FT_full_RF,0.9592676501756,0.9475679420799036,0.9592676501756,0.9929969393329087,"[[1484, 43, 68, 0, 1, 0], [0, 2087, 4, 0, 0, 1], [0, 410, 10529, 2, 0, 2], [0, 179, 6, 2955, 1, 0], [1, 195, 8, 1, 3407, 1], [1, 110, 6, 0, 1, 6525]]"
250,100,FT_full_MLP,0.9540336858013171,0.9548212912218986,0.9540336858013171,0.9927692890852082,"[[1533, 2, 18, 1, 42, 0], [0, 1846, 3, 0, 243, 0], [0, 4, 10527, 2, 407, 3], [0, 2, 3, 2957, 179, 0], [1, 5, 3, 2, 3601, 1], [1, 8, 6, 1, 109, 6518]]"
250,100,FT_freeze_RF,0.9575796355557723,0.9464171253165219,0.9575796355557723,0.9928416442444655,"[[1469, 43, 82, 1, 1, 0], [0, 2087, 4, 0, 0, 1], [0, 411, 10528, 2, 0, 2], [0, 179, 4, 2956, 1, 1], [1, 199, 7, 1, 3403, 2], [1, 109, 6, 0, 1, 6526]]"
250,100,FT_freeze_MLP,0.9527486998743151,0.9685830402100156,0.9527486998743151,0.9923231459388472,"[[1532, 1, 60, 2, 1, 0], [0, 1845, 247, 0, 0, 0], [0, 5, 10933, 2, 0, 3], [0, 3, 180, 2957, 1, 0], [1, 4, 162, 3, 3442, 1], [1, 7, 112, 1, 2, 6520]]"
250,100,FT_decoder_RF,0.9066409991021714,0.929174376776658,0.9066409991021714,0.9871461911428753,"[[1185, 1, 368, 1, 0, 41], [0, 1830, 18, 0, 0, 244], [0, 1, 10533, 2, 0, 407], [0, 1, 7, 2955, 1, 177], [1, 113, 10, 0, 3329, 160], [0, 1, 10, 2, 1, 6629]]"
250,100,FT_decoder_MLP,0.9523746121839158,0.9684827115934372,0.9523746121839158,0.9922175733209078,"[[1541, 1, 52, 1, 1, 0], [0, 1830, 261, 0, 0, 1], [1, 3, 10935, 2, 0, 2], [0, 1, 183, 2956, 1, 0], [1, 4, 166, 1, 3441, 0], [1, 5, 116, 2, 1, 6518]]"
250,100,FT_partial_RF,0.9193519500584504,0.9396080651312304,0.9193519500584504,0.988585923907887,"[[1258, 14, 274, 9, 0, 41], [0, 1841, 6, 2, 0, 243], [0, 9, 10516, 9, 0, 409], [0, 0, 5, 2958, 1, 177], [1, 21, 5, 3, 3423, 160], [1, 6, 3, 4, 1, 6628]]"
250,100,FT_partial_MLP,0.9458327195510298,0.9638663532088984,0.9458327195510298,0.9916814768668974,"[[1479, 1, 89, 25, 2, 0], [0, 1829, 258, 3, 1, 1], [0, 3, 10926, 8, 0, 6], [0, 0, 181, 2957, 1, 2], [1, 3, 162, 3, 3442, 2], [1, 4, 111, 5, 2, 6520]]"
250,150,RF_original,0.9512117057934942,0.9293017341865486,0.9512117057934942,0.9898176050736739,"[[1533, 50, 5, 7, 1, 0], [0, 2089, 2, 0, 0, 1], [3, 566, 10371, 2, 0, 1], [0, 189, 2, 2948, 1, 1], [1, 199, 6, 2, 3405, 0], [2, 528, 3, 1, 1, 6108]]"
250,150,MLP_original,0.8652906999079987,0.8929387438688318,0.8652906999079987,0.9802785067088134,"[[1405, 0, 1, 0, 1, 189], [0, 1131, 3, 0, 1, 957], [0, 0, 10060, 2, 1, 880], [0, 0, 2, 2855, 2, 282], [1, 0, 1, 1, 3407, 203], [1, 0, 1, 0, 1, 6640]]"
250,150,RF_latent_zero,0.9066409991021714,0.929174376776658,0.9066409991021714,0.9871461911428753,"[[1185, 1, 368, 1, 0, 41], [0, 1830, 18, 0, 0, 244], [0, 1, 10533, 2, 0, 407], [0, 1, 7, 2955, 1, 177], [1, 113, 10, 0, 3329, 160], [0, 1, 10, 2, 1, 6629]]"
250,150,MLP_latent_zero,0.9523746121839158,0.9684827115934372,0.9523746121839158,0.9922175733209078,"[[1541, 1, 52, 1, 1, 0], [0, 1830, 261, 0, 0, 1], [1, 3, 10935, 2, 0, 2], [0, 1, 183, 2956, 1, 0], [1, 4, 166, 1, 3441, 0], [1, 5, 116, 2, 1, 6518]]"
250,150,RF_few,0.9498649596971437,0.9496155695806495,0.9498649596971437,0.9922754914171711,"[[1536, 0, 16, 41, 2, 1], [0, 1775, 21, 244, 4, 48], [1, 1, 10521, 408, 0, 12], [0, 1, 7, 3127, 1, 5], [1, 2, 6, 159, 3428, 17], [1, 0, 7, 107, 1, 6527]]"
250,150,MLP_few,0.9486385575477564,0.9510769357398886,0.9486385575477564,0.9920926634427335,"[[1508, 1, 44, 1, 42, 0], [1, 1833, 4, 3, 243, 8], [0, 4, 10521, 4, 406, 8], [3, 1, 13, 2943, 178, 3], [1, 7, 13, 2, 3579, 11], [2, 5, 5, 1, 108, 6522]]"
250,150,FT_full_RF,0.964500003317986,0.9500891696729328,0.964500003317986,0.9934725655408649,"[[1540, 44, 11, 0, 1, 0], [0, 2087, 4, 0, 0, 1], [0, 415, 10524, 2, 0, 2], [0, 183, 2, 2954, 1, 1], [1, 210, 3, 1, 3397, 1], [1, 113, 4, 0, 1, 6524]]"
250,150,FT_full_MLP,0.9556077751515745,0.955143726935085,0.9556077751515745,0.9929109742793999,"[[1549, 3, 2, 0, 42, 0], [0, 1846, 3, 0, 243, 0], [2, 10, 10519, 2, 407, 3], [0, 3, 1, 2957, 180, 0], [2, 7, 1, 1, 3601, 1], [2, 11, 1, 1, 109, 6519]]"
250,150,FT_freeze_RF,0.9650246332020526,0.9506589931201779,0.9650246332020526,0.9935321296634866,"[[1542, 45, 8, 0, 1, 0], [0, 2087, 4, 0, 0, 1], [0, 416, 10523, 2, 0, 2], [0, 182, 3, 2954, 1, 1], [1, 201, 6, 1, 3402, 2], [1, 109, 4, 0, 1, 6528]]"
250,150,FT_freeze_MLP,0.9555436669182571,0.9552330568796771,0.9555436669182571,0.9929048847284264,"[[1548, 2, 4, 0, 42, 0], [0, 1846, 3, 0, 243, 0], [1, 10, 10520, 2, 407, 3], [1, 2, 3, 2957, 178, 0], [2, 7, 1, 1, 3601, 1], [2, 10, 1, 1, 109, 6520]]"
250,150,FT_decoder_RF,0.9066409991021714,0.929174376776658,0.9066409991021714,0.9871461911428753,"[[1185, 1, 368, 1, 0, 41], [0, 1830, 18, 0, 0, 244], [0, 1, 10533, 2, 0, 407], [0, 1, 7, 2955, 1, 177], [1, 113, 10, 0, 3329, 160], [0, 1, 10, 2, 1, 6629]]"
250,150,FT_decoder_MLP,0.9523746121839158,0.9684827115934372,0.9523746121839158,0.9922175733209078,"[[1541, 1, 52, 1, 1, 0], [0, 1830, 261, 0, 0, 1], [1, 3, 10935, 2, 0, 2], [0, 1, 183, 2956, 1, 0], [1, 4, 166, 1, 3441, 0], [1, 5, 116, 2, 1, 6518]]"
250,150,FT_partial_RF,0.94030439759211,0.953300631242144,0.94030439759211,0.9904249356899136,"[[1470, 3, 82, 0, 0, 41], [0, 1844, 5, 0, 0, 243], [0, 8, 10523, 2, 0, 410], [0, 3, 6, 2953, 1, 178], [1, 43, 9, 2, 3395, 163], [1, 5, 5, 2, 1, 6629]]"
250,150,FT_partial_MLP,0.9526854650104081,0.9685177783596072,0.9526854650104081,0.9922619324223434,"[[1535, 2, 58, 0, 1, 0], [0, 1842, 249, 0, 0, 1], [0, 7, 10927, 4, 0, 5], [0, 0, 181, 2957, 1, 2], [1, 3, 163, 2, 3441, 3], [1, 6, 112, 2, 2, 6520]]"
250,200,RF_original,0.9512117057934942,0.9293017341865486,0.9512117057934942,0.9898176050736739,"[[1533, 50, 5, 7, 1, 0], [0, 2089, 2, 0, 0, 1], [3, 566, 10371, 2, 0, 1], [0, 189, 2, 2948, 1, 1], [1, 199, 6, 2, 3405, 0], [2, 528, 3, 1, 1, 6108]]"
250,200,MLP_original,0.8652906999079987,0.8929387438688318,0.8652906999079987,0.9802785067088134,"[[1405, 0, 1, 0, 1, 189], [0, 1131, 3, 0, 1, 957], [0, 0, 10060, 2, 1, 880], [0, 0, 2, 2855, 2, 282], [1, 0, 1, 1, 3407, 203], [1, 0, 1, 0, 1, 6640]]"
250,200,RF_latent_zero,0.9066409991021714,0.929174376776658,0.9066409991021714,0.9871461911428753,"[[1185, 1, 368, 1, 0, 41], [0, 1830, 18, 0, 0, 244], [0, 1, 10533, 2, 0, 407], [0, 1, 7, 2955, 1, 177], [1, 113, 10, 0, 3329, 160], [0, 1, 10, 2, 1, 6629]]"
250,200,MLP_latent_zero,0.9523746121839158,0.9684827115934372,0.9523746121839158,0.9922175733209078,"[[1541, 1, 52, 1, 1, 0], [0, 1830, 261, 0, 0, 1], [1, 3, 10935, 2, 0, 2], [0, 1, 183, 2956, 1, 0], [1, 4, 166, 1, 3441, 0], [1, 5, 116, 2, 1, 6518]]"
250,200,RF_few,0.9524284663707322,0.9514796351471687,0.9524284663707322,0.9925542247072842,"[[1532, 0, 20, 42, 1, 1], [0, 1810, 20, 244, 2, 16], [0, 2, 10522, 408, 0, 11], [0, 2, 8, 3126, 1, 4], [1, 6, 7, 159, 3433, 7], [1, 0, 6, 108, 1, 6527]]"
250,200,MLP_few,0.9523719139262973,0.9530846284895803,0.9523719139262973,0.992521928522156,"[[1534, 2, 18, 0, 42, 0], [1, 1837, 4, 0, 246, 4], [1, 2, 10518, 3, 414, 5], [8, 2, 8, 2941, 181, 1], [3, 8, 3, 0, 3598, 1], [2, 4, 7, 0, 109, 6521]]"
250,200,FT_full_RF,0.96572333228564,0.9512418110906694,0.96572333228564,0.9936260425468989,"[[1543, 43, 8, 1, 1, 0], [0, 2087, 3, 0, 1, 1], [0, 416, 10522, 3, 0, 2], [0, 180, 3, 2956, 1, 1], [1, 193, 3, 1, 3414, 1], [1, 111, 3, 1, 1, 6526]]"
250,200,FT_full_MLP,0.9556081050604653,0.9553618457760225,0.9556081050604653,0.9929060973993981,"[[1548, 2, 3, 1, 42, 0], [0, 1847, 2, 0, 243, 0], [1, 9, 10519, 4, 407, 3], [0, 3, 2, 2957, 179, 0], [1, 5, 2, 3, 3601, 1], [1, 10, 2, 1, 109, 6520]]"
250,200,FT_freeze_RF,0.9651151538927724,0.9506366548016946,0.9651151538927724,0.9935429427032982,"[[1543, 43, 8, 1, 1, 0], [0, 2087, 4, 0, 0, 1], [0, 415, 10524, 2, 0, 2], [0, 183, 2, 2954, 1, 1], [1, 202, 5, 1, 3403, 1], [1, 112, 3, 1, 1, 6525]]"
250,200,FT_freeze_MLP,0.9556233354969698,0.955248248242731,0.9556233354969698,0.9929209065685415,"[[1548, 3, 3, 0, 42, 0], [0, 1847, 2, 0, 243, 0], [1, 10, 10520, 2, 407, 3], [0, 3, 2, 2957, 179, 0], [2, 7, 1, 1, 3601, 1], [2, 10, 1, 2, 108, 6520]]"
250,200,FT_decoder_RF,0.9066409991021714,0.929174376776658,0.9066409991021714,0.9871461911428753,"[[1185, 1, 368, 1, 0, 41], [0, 1830, 18, 0, 0, 244], [0, 1, 10533, 2, 0, 407], [0, 1, 7, 2955, 1, 177], [1, 113, 10, 0, 3329, 160], [0, 1, 10, 2, 1, 6629]]"
250,200,FT_decoder_MLP,0.9523746121839158,0.9684827115934372,0.9523746121839158,0.9922175733209078,"[[1541, 1, 52, 1, 1, 0], [0, 1830, 261, 0, 0, 1], [1, 3, 10935, 2, 0, 2], [0, 1, 183, 2956, 1, 0], [1, 4, 166, 1, 3441, 0], [1, 5, 116, 2, 1, 6518]]"
250,200,FT_partial_RF,0.9445672350543203,0.9547535850672073,0.9445672350543203,0.9907967251800912,"[[1513, 5, 36, 1, 0, 41], [0, 1848, 1, 0, 0, 243], [0, 18, 10514, 2, 0, 409], [0, 7, 4, 2952, 1, 177], [1, 57, 3, 1, 3390, 161], [1, 9, 5, 3, 1, 6624]]"
250,200,FT_partial_MLP,0.9535364626526567,0.9684005017053016,0.9535364626526567,0.9923284865564819,"[[1542, 3, 49, 1, 1, 0], [0, 1846, 246, 0, 0, 0], [0, 15, 10921, 3, 0, 4], [0, 2, 180, 2956, 3, 0], [1, 6, 160, 3, 3442, 1], [1, 9, 112, 3, 2, 6516]]"
250,250,RF_original,0.9512117057934942,0.9293017341865486,0.9512117057934942,0.9898176050736739,"[[1533, 50, 5, 7, 1, 0], [0, 2089, 2, 0, 0, 1], [3, 566, 10371, 2, 0, 1], [0, 189, 2, 2948, 1, 1], [1, 199, 6, 2, 3405, 0], [2, 528, 3, 1, 1, 6108]]"
250,250,MLP_original,0.8652906999079987,0.8929387438688318,0.8652906999079987,0.9802785067088134,"[[1405, 0, 1, 0, 1, 189], [0, 1131, 3, 0, 1, 957], [0, 0, 10060, 2, 1, 880], [0, 0, 2, 2855, 2, 282], [1, 0, 1, 1, 3407, 203], [1, 0, 1, 0, 1, 6640]]"
250,250,RF_latent_zero,0.9066409991021714,0.929174376776658,0.9066409991021714,0.9871461911428753,"[[1185, 1, 368, 1, 0, 41], [0, 1830, 18, 0, 0, 244], [0, 1, 10533, 2, 0, 407], [0, 1, 7, 2955, 1, 177], [1, 113, 10, 0, 3329, 160], [0, 1, 10, 2, 1, 6629]]"
250,250,MLP_latent_zero,0.9523746121839158,0.9684827115934372,0.9523746121839158,0.9922175733209078,"[[1541, 1, 52, 1, 1, 0], [0, 1830, 261, 0, 0, 1], [1, 3, 10935, 2, 0, 2], [0, 1, 183, 2956, 1, 0], [1, 4, 166, 1, 3441, 0], [1, 5, 116, 2, 1, 6518]]"
250,250,RF_few,0.9495904842966301,0.9519745266767279,0.9495904842966301,0.9921977209811575,"[[1528, 0, 24, 0, 43, 1], [0, 1810, 24, 1, 245, 12], [1, 3, 10521, 2, 406, 10], [0, 1, 9, 2946, 178, 7], [1, 6, 5, 1, 3589, 11], [1, 2, 6, 1, 108, 6525]]"
250,250,MLP_few,0.9531115186969692,0.9526491039254757,0.9531115186969692,0.9925784692111401,"[[1536, 5, 11, 2, 42, 0], [0, 1846, 2, 1, 243, 0], [2, 15, 10509, 8, 406, 3], [1, 3, 4, 2952, 180, 1], [1, 17, 1, 7, 3587, 0], [1, 15, 2, 1, 108, 6516]]"
250,250,FT_full_RF,0.9648780920089418,0.9506501906236675,0.9648780920089418,0.9935405170455537,"[[1538, 45, 12, 0, 1, 0], [0, 2087, 4, 0, 0, 1], [0, 414, 10525, 2, 0, 2], [0, 182, 5, 2953, 1, 0], [1, 197, 2, 2, 3410, 1], [1, 111, 4, 1, 1, 6525]]"
250,250,FT_full_MLP,0.9555588973547614,0.9553777520078831,0.9555588973547614,0.9929095858509621,"[[1548, 1, 4, 1, 42, 0], [0, 1846, 3, 0, 243, 0], [1, 8, 10521, 3, 407, 3], [0, 2, 3, 2957, 179, 0], [1, 6, 1, 3, 3601, 1], [2, 10, 1, 1, 109, 6520]]"
250,250,FT_freeze_RF,0.9649858156993291,0.9506717312922216,0.9649858156993291,0.9935360524921387,"[[1541, 44, 9, 1, 1, 0], [0, 2087, 4, 0, 0, 1], [0, 414, 10525, 2, 0, 2], [0, 183, 4, 2953, 1, 0], [1, 199, 5, 1, 3405, 2], [1, 110, 4, 1, 1, 6526]]"
250,250,FT_freeze_MLP,0.9544078296101087,0.969087139244841,0.9544078296101087,0.9924682377924819,"[[1548, 2, 45, 0, 1, 0], [0, 1846, 246, 0, 0, 0], [1, 9, 10927, 2, 1, 3], [1, 2, 180, 2957, 1, 0], [2, 7, 160, 1, 3442, 1], [2, 10, 108, 1, 2, 6520]]"
250,250,FT_decoder_RF,0.9066409991021714,0.929174376776658,0.9066409991021714,0.9871461911428753,"[[1185, 1, 368, 1, 0, 41], [0, 1830, 18, 0, 0, 244], [0, 1, 10533, 2, 0, 407], [0, 1, 7, 2955, 1, 177], [1, 113, 10, 0, 3329, 160], [0, 1, 10, 2, 1, 6629]]"
250,250,FT_decoder_MLP,0.9523746121839158,0.9684827115934372,0.9523746121839158,0.9922175733209078,"[[1541, 1, 52, 1, 1, 0], [0, 1830, 261, 0, 0, 1], [1, 3, 10935, 2, 0, 2], [0, 1, 183, 2956, 1, 0], [1, 4, 166, 1, 3441, 0], [1, 5, 116, 2, 1, 6518]]"
250,250,FT_partial_RF,0.9444652697350011,0.955728336326943,0.9444652697350011,0.9908599565513968,"[[1504, 4, 46, 1, 0, 41], [0, 1846, 1, 1, 0, 244], [0, 12, 10516, 6, 0, 409], [0, 4, 5, 2953, 1, 178], [1, 33, 4, 8, 3406, 161], [1, 4, 1, 5, 1, 6631]]"
250,250,FT_partial_MLP,0.9536048401895064,0.9686678238743992,0.9536048401895064,0.9923562326229942,"[[1542, 1, 48, 5, 0, 0], [0, 1845, 245, 1, 0, 1], [0, 9, 10919, 10, 1, 4], [0, 0, 180, 2957, 2, 2], [1, 5, 159, 5, 3442, 1], [1, 3, 110, 7, 1, 6521]]"
